nct_id,title,sponsor_name,sponsor_class,collaborators,n_collaborators,phase,study_type,enrollment,start_date,overall_status,conditions,n_sites,sponsor_clean,sponsor_final
NCT01079182,Basic Documentation of Adalimumab (Humira) in Patients With Ankylosing Spondylitis (AS),"AbbVie (prior sponsor, Abbott)",INDUSTRY,,0,,OBSERVATIONAL,4681.0,2006-01,COMPLETED,Ankylosing Spondylitis,0,abbvie prior sponsor abbott,abbvie prior sponsor abbott
NCT07497724,Odevixibat Outcomes in Patients With PFIC Versus an External Control Cohort (OvEC-PFIC),Ipsen,INDUSTRY,Erasmus Medical Center; University Medical Center Groningen,2,,OBSERVATIONAL,200.0,2026-04-26,ACTIVE_NOT_RECRUITING,PFIC - Progressive Familial Intrahepatic Cholestasis,1,ipsen,ipsen
NCT00648024,Fasting Study of Anagrelide Hydrochloride Capsules 1 mg to Agrylin® Capsules 1 mg,Mylan Pharmaceuticals Inc,INDUSTRY,,0,PHASE1,INTERVENTIONAL,47.0,2003-01,COMPLETED,Healthy,1,mylan,mylan
NCT01324323,Influence of Rifampin on the Pharmacokinetics of Romidepsin in Patients With Advanced Cancer,Celgene,INDUSTRY,,0,PHASE1,INTERVENTIONAL,14.0,2011-04-01,COMPLETED,Hematologic Malignancy; Malignant Lymphoma,3,bms,bms
NCT01285323,A Study to Evaluate the Efficacy and Safety of Reslizumab in Patients With Eosinophilic Asthma,"Teva Branded Pharmaceutical Products R&D, Inc.",INDUSTRY,,0,PHASE3,INTERVENTIONAL,464.0,2011-03,COMPLETED,Eosinophilic Asthma,104,teva branded pharmaceutical products r and d,teva branded pharmaceutical products r and d
NCT00648180,Food Study of Doxycycline Monohydrate Tablets 100 mg and Adoxa Tablets 100 mg,Mylan Pharmaceuticals Inc,INDUSTRY,,0,PHASE1,INTERVENTIONAL,36.0,2005-07,COMPLETED,Healthy,1,mylan,mylan
NCT07018180,Interventional Clinical Trial Evaluating COVER PATCH CAPTEUR PROTECT Support Solutions for Continuous Glucose Monitoring Sensors in Patients With Diabetes,CAPTEUR PROTECT,INDUSTRY,Icadom,1,,INTERVENTIONAL,194.0,2025-12-05,RECRUITING,Diabetes,7,capteur protect,capteur protect
NCT02044380,Afatinib in Patients With Non Small Cell Lung Cancer (NSCLC) With Epidermal Growth Factor Receptor (EGFR) Mutations,Boehringer Ingelheim,INDUSTRY,,0,PHASE3,INTERVENTIONAL,14.0,2014-03,COMPLETED,"Carcinoma, Non-Small-Cell Lung",5,boehringer,boehringer
NCT03604380,STATE Trial: SusTained Attention Training to Enhance Sleep - Remote,Posit Science Corporation,INDUSTRY,,0,,INTERVENTIONAL,134.0,2018-07-10,COMPLETED,Insomnia Chronic,1,posit,posit
NCT00623480,Trial to Evaluate the Effect of Secondary Prophylaxis With rFVIII Therapy in Severe Hemophilia A Adult and/or Adolescent Subjects Compared to That of Episodic Treatment,Bayer,INDUSTRY,,0,PHASE3,INTERVENTIONAL,84.0,2008-03,COMPLETED,Hemophilia A,38,bayer,bayer
NCT06309979,A Study to Assess Growth in Children With Idiopathic Short Stature,BioMarin Pharmaceutical,INDUSTRY,,0,,OBSERVATIONAL,300.0,2024-08-08,RECRUITING,Idiopathic Short Stature,38,biomarin,biomarin
NCT02360579,"Study of Lifileucel (LN-144), Autologous Tumor Infiltrating Lymphocytes, in the Treatment of Patients With Metastatic Melanoma","Iovance Biotherapeutics, Inc.",INDUSTRY,,0,PHASE2,INTERVENTIONAL,220.0,2015-09-24,COMPLETED,Metastatic Melanoma,57,iovance biotherapeutics,iovance biotherapeutics
NCT01726179,Efficacy of Proximal Caries Infiltration,DMG Dental Material Gesellschaft mbH,INDUSTRY,Universidade Federal do Rio de Janeiro; Rio de Janeiro State Research Supporting Foundation (FAPERJ),2,,INTERVENTIONAL,50.0,2013-12,COMPLETED,Dental Health; Caries,1,dmg dental material gesellschaft mbh,dmg dental material gesellschaft mbh
NCT01419379,"This is a Multicenter, Prospective and Retrospective and Descriptive Epidemiology Study in Patients With Chronic Obstructive Pulmonary Disease (COPD) in Korea",Takeda,INDUSTRY,,0,,OBSERVATIONAL,1118.0,2011-07,COMPLETED,COPD,14,takeda,takeda
NCT05216679,Novel Stretching Device Versus Night Splints,SAE Orthopedics,INDUSTRY,,0,,INTERVENTIONAL,100.0,2026-04-15,RECRUITING,Plantar Fasciitis,1,sae orthopedics,sae orthopedics
NCT00523796,InPractice Survey on the Treatment of Hypercholesterolemia,AstraZeneca,INDUSTRY,,0,,OBSERVATIONAL,2500.0,2007-02,COMPLETED,Hypercholesterolemia,1,astrazeneca,astrazeneca
NCT01798979,"A Phase I, Open Interaction Study Between GLPG0634 and Midazolam in Healthy Subjects",Lakefront Biotherapeutics NV,INDUSTRY,,0,PHASE1,INTERVENTIONAL,20.0,2013-02,COMPLETED,Healthy,1,lakefront biotherapeutics,lakefront biotherapeutics
NCT06619496,Health in Motion Pragmatic Clinical Trial - WRAPAROUND,Blue Marble Rehab Inc,INDUSTRY,National Institute on Aging (NIA); Partners In Care Foundation,2,,INTERVENTIONAL,63.0,2022-10-24,COMPLETED,Aging,1,blue marble rehab,blue marble rehab
NCT02482324,Phase 1 Study of ALZT-OP1 Combination Therapy in Normal Healthy Volunteers,"AZTherapies, Inc.",INDUSTRY,Panax Clinical Research; Pharma Consulting Group AB; KCAS,3,PHASE1,INTERVENTIONAL,26.0,2015-06,COMPLETED,Healthy Volunteers,1,aztherapies,aztherapies
NCT02219724,A Study to Assess Safety and Pharmacokinetics of MOXR0916 in Participants With Locally Advanced or Metastatic Solid Tumors,"Genentech, Inc.",INDUSTRY,,0,PHASE1,INTERVENTIONAL,174.0,2014-08-12,COMPLETED,Neoplasms,31,roche,roche
NCT06275724,Specified Drug-use Survey of Leqvio for s.c. Injection.,Novartis Pharmaceuticals,INDUSTRY,,0,,OBSERVATIONAL,585.0,2024-03-04,ACTIVE_NOT_RECRUITING,Familial Hypercholesterolaemia; Hypercholesterolaemia,107,novartis,novartis
NCT00666224,Evaluate Early Glatiramer Acetate Treatment in Delaying Conversion to Clinically Definite Multiple Sclerosis of Subjects Presenting With Clinically Isolated Syndrome,"Teva Branded Pharmaceutical Products R&D, Inc.",INDUSTRY,,0,PHASE3,INTERVENTIONAL,481.0,2004-01,COMPLETED,Multiple Sclerosis,0,teva branded pharmaceutical products r and d,teva branded pharmaceutical products r and d
NCT03362723,A Study to Investigate the Bioequivalence or Relative Bioavailability of Three New Idasanutlin Tablet Variants Following Oral Administration in Participants With Solid Tumors,Hoffmann-La Roche,INDUSTRY,,0,PHASE1,INTERVENTIONAL,48.0,2017-11-27,COMPLETED,Solid Tumors,11,roche,roche
NCT03821480,Diflucan Bioequivalence Study For Transferring The Manufacture,Pfizer,INDUSTRY,,0,PHASE1,INTERVENTIONAL,28.0,2019-01-28,COMPLETED,Bioequivalence,1,pfizer,pfizer
NCT02761980,A Study of Ibuprofen 250 mg / Acetaminophen 500 mg Comparing The Antipyretic Effects in Healthy Male Volunteers,Pfizer,INDUSTRY,,0,PHASE3,INTERVENTIONAL,290.0,2016-12-06,COMPLETED,Fever,1,pfizer,pfizer
NCT00679380,(CB-01-02/02) Randomized Placebo Controlled Trial of Budesonide-multi-matrix System (MMX™) 6 mg and 9 mg in Patients With Ulcerative Colitis,"Bausch Health Americas, Inc.",INDUSTRY,Cosmo Technologies Ltd,1,PHASE3,INTERVENTIONAL,514.0,2008-06,COMPLETED,Ulcerative Colitis,71,bausch health americas,bausch health americas
NCT05735080,"Open-Label Study to Evaluate the Safety, Tolerability, PK, and Efficacy of INX-315 in Patients With Advanced Cancer",Incyclix Bio,INDUSTRY,,0,PHASE1; PHASE2,INTERVENTIONAL,150.0,2023-03-28,RECRUITING,Breast Cancer; Breast Cancer Metastatic; Hormone Receptor Positive Tumor; Human Epidermal Growth Factor 2 Negative Carcinoma of Breast; Ovarian Cancer; CCNE1 Amplification; Solid Tumor; Advanced Cancer; Metastatic Cancer,18,incyclix bio,incyclix bio
NCT01048580,Study of Perifosine + Capecitabine for Colon Cancer Patients,AEterna Zentaris,INDUSTRY,"SCRI Development Innovations, LLC",1,PHASE1,INTERVENTIONAL,10.0,2009-10,COMPLETED,Colon Cancer,0,aeterna zentaris,aeterna zentaris
NCT01489696,A Study to Evaluate Cardiovascular Interactions Between Mirabegron and Tamsulosin,Astellas Pharma Inc,INDUSTRY,,0,PHASE1,INTERVENTIONAL,48.0,2010-08,COMPLETED,Cardiovascular; Healthy Subjects; Pharmacokinetics,1,astellas,astellas
NCT02555696,Abraxane in Treatment of Metastatic Breast Cancer,Celgene,INDUSTRY,,0,,OBSERVATIONAL,203.0,2012-05-31,COMPLETED,Metastatic Breast Cancer,13,bms,bms
NCT03192696,Pantheris Atherectomy Treatment of In-Stent Restenosis In Lower Extremity Arteries,"Avinger, Inc.",INDUSTRY,,0,,INTERVENTIONAL,127.0,2017-10-19,COMPLETED,Peripheral Arterial Disease,12,avinger,avinger
NCT00938496,Non-Interventional Study of Zoladex in Endometriosis,AstraZeneca,INDUSTRY,,0,,OBSERVATIONAL,408.0,2009-07,COMPLETED,Endometriosis,11,astrazeneca,astrazeneca
NCT04736082,Safety of an Infant Formula With Hydrolysed Protein in Term Infants,HiPP GmbH & Co. Vertrieb KG,INDUSTRY,"Waldkrankenhaus Protestant Hospital, Spandau; Biofortis, Merieux NutriSciences; HungaroTrial",3,,INTERVENTIONAL,360.0,2021-03-16,COMPLETED,Growth,1,hipp gmbh and co vertrieb kg,hipp gmbh and co vertrieb kg
NCT06564324,A Phase III Study Comparing Taletrectinib With Standard Therapy in ROS1 Positive Locally Advanced or Metastatic Non-small Cell Lung Cancer Patients,Nuvation Bio Inc.,INDUSTRY,,0,PHASE3,INTERVENTIONAL,194.0,2024-11-27,RECRUITING,Non Small Cell Lung Cancer,29,nuvation bio,nuvation bio
NCT00943124,MK0524B Bioequivalence Study (0524B-070),Merck Sharp & Dohme LLC,INDUSTRY,,0,PHASE1,INTERVENTIONAL,220.0,2007-07,COMPLETED,Dyslipidemia,0,merck,merck
NCT02494323,Evaluation of Dual Channel vs. Single Channel FES for Dropfoot,Bioness Neuromodulation,INDUSTRY,Loewenstein Hospital,1,,INTERVENTIONAL,70.0,2015-03,COMPLETED,Dropfoot,1,bioness neuromodulation,bioness neuromodulation
NCT00002123,"A Double-Blind, Randomized, Comparative Study of Delavirdine Mesylate (U-90152S) in Combination With Didanosine (ddI) Versus ddI Alone in HIV-1 Infected Individuals With CD4 Counts of <= 300/mm3",Pharmacia and Upjohn,INDUSTRY,,0,PHASE3,INTERVENTIONAL,,,COMPLETED,HIV Infections,84,pharmacia and upjohn,pharmacia and upjohn
NCT00987623,Clinical Evaluation of Two Daily Disposable Lenses in Neophytes,CIBA VISION,INDUSTRY,,0,,INTERVENTIONAL,326.0,2009-08,COMPLETED,Myopia,1,ciba vision,ciba vision
NCT05384080,A Study in Adults With Ulcerative Colitis (UC) or Crohn's Disease (CD) Receiving Vedolizumab in Real-World Practice in Poland,Takeda,INDUSTRY,,0,,OBSERVATIONAL,165.0,2022-08-08,COMPLETED,Inflammatory Bowel Disease (IBD); Crohn's Disease; Ulcerative Colitis,11,takeda,takeda
NCT03920280,Clinical Evaluation of a Daily Wear Frequent Replacement Silicone Hydrogel Lens,Alcon Research,INDUSTRY,,0,,INTERVENTIONAL,120.0,2019-05-22,COMPLETED,Refractive Errors,8,alcon,alcon
NCT02901080,Clinical and Cost Effectiveness of Alpha-Stim AID CES,"Electromedical Products International, Inc.",INDUSTRY,,0,,INTERVENTIONAL,161.0,2016-08-11,COMPLETED,Anxiety,1,electromedical products,electromedical products
NCT01028079,"Placebo and Active Controlled, Double Dummy Study to Prove Efficacy of Aspirin in Treatment of Acute Low Back Pain",Bayer,INDUSTRY,,0,PHASE3,INTERVENTIONAL,338.0,2005-11,COMPLETED,Low Back Pain,13,bayer,bayer
NCT04993079,Clotild® Smart Guidewire System (CSGS) Evaluation in EndovascUlar Thrombectomy Procedure,Sensome,INDUSTRY,,0,,INTERVENTIONAL,45.0,2021-08-26,COMPLETED,Stroke,3,sensome,sensome
NCT03551496,The DES BTK Vascular Stent System vs PTA in Subjects With Critical Limb Ischemia,Boston Scientific Corporation,INDUSTRY,,0,PHASE3,INTERVENTIONAL,201.0,2018-08-31,COMPLETED,Critical Limb Ischemia,42,boston scientific,boston scientific
NCT00040313,Pegaptanib Sodium Compared to Sham Injection in Patients With DME Involving the Center of the Macula,Eyetech Pharmaceuticals,INDUSTRY,,0,PHASE2,INTERVENTIONAL,0.0,2002-10,COMPLETED,Diabetic Macular Edema,0,eyetech,eyetech
NCT01435460,Alrex® Versus Patanol in the Treatment of Seasonal Allergic Conjunctivitis(SAC),Bausch & Lomb Incorporated,INDUSTRY,,0,PHASE3,INTERVENTIONAL,300.0,2010-08,COMPLETED,Seasonal Allergic Conjunctivitis,1,bausch and lomb incorporated,bausch and lomb incorporated
NCT00530660,Safety and Immunogenicity Study of a Booster Vaccination With a Non-Adjuvanted H5N1 Influenza Vaccine (Follow Up to Study 810501),"Alachua Government Services, Inc.",INDUSTRY,,0,PHASE2,INTERVENTIONAL,141.0,2007-09,COMPLETED,Influenza,1,alachua government services,alachua government services
NCT03731260,"(PIONEER) Study to Evaluate Efficacy and Safety of Avapritinib (BLU-285), A Selective KIT Mutation-targeted Tyrosine Kinase Inhibitor, Versus Placebo in Patients With Indolent Systemic Mastocytosis",Blueprint Medicines Corporation,INDUSTRY,,0,PHASE2,INTERVENTIONAL,251.0,2019-04-16,ACTIVE_NOT_RECRUITING,Indolent Systemic Mastocytosis,49,blueprint medicines,blueprint medicines
NCT02755220,Cingularbio® Heart Valve Clincial Study,Shanghai Cingularbio Co. Ltd,INDUSTRY,,0,,INTERVENTIONAL,197.0,2016-01,COMPLETED,Diseases of Mitral and Aortic Valves,5,shanghai cingularbio,shanghai cingularbio
NCT00937820,Prevention of Recurrence of Venous Thromboembolism in Patients With a History of Venous Thromboembolism,Astellas Pharma Inc,INDUSTRY,,0,PHASE3,INTERVENTIONAL,87.0,2009-06,COMPLETED,Venous Thromboembolism,5,astellas,astellas
NCT03316820,Bioavailability Study of K0706 in Healthy Subjects,Sun Pharma Advanced Research Company Limited,INDUSTRY,,0,PHASE1,INTERVENTIONAL,24.0,2017-10-28,COMPLETED,Healthy,1,sun pharma advanced,sun pharma advanced
NCT00884520,"An Exploratory, Open Label, Multi-Center, Non-Randomized Study of [F-18]VM4-037",Siemens Molecular Imaging,INDUSTRY,,0,EARLY_PHASE1,INTERVENTIONAL,16.0,2009-04,COMPLETED,Lung Cancer; Squamous Cell Carcinoma; Head and Neck Cancer; Hepatic Carcinoma; Renal Cell Carcinoma,1,siemens molecular imaging,siemens molecular imaging
NCT04079920,Predictors of Response to Tofacitinib Treatment in Rheumatoid Arthritis Patients,Pfizer,INDUSTRY,,0,,OBSERVATIONAL,198.0,2020-09-22,COMPLETED,Rheumatoid Arthritis,18,pfizer,pfizer
NCT01794520,Study Evaluating ABT-199 in Participants With Relapsed or Refractory Multiple Myeloma,AbbVie,INDUSTRY,"Genentech, Inc.",1,PHASE1; PHASE2,INTERVENTIONAL,117.0,2012-10-10,COMPLETED,Relapsed/Refractory Multiple Myeloma,29,abbvie,abbvie
NCT01538420,GLPG0492 Pharmacodynamics,Lakefront Biotherapeutics NV,INDUSTRY,,0,PHASE1,INTERVENTIONAL,26.0,2012-01,COMPLETED,Healthy,1,lakefront biotherapeutics,lakefront biotherapeutics
NCT01031082,Study to Identify and Characterize Bacteria Causing Acute Otitis Media in South African Children,GlaxoSmithKline,INDUSTRY,,0,,OBSERVATIONAL,265.0,2009-05,COMPLETED,Acute Otitis Media,1,gsk,gsk
NCT03495882,"A Study of Zalifrelimab and Balstilimab for Treatment of Participants With Metastatic or Locally Advanced Solid Tumors, and Expansion Into Select Solid Tumors (Cervical)",Agenus Inc.,INDUSTRY,,0,PHASE1; PHASE2,INTERVENTIONAL,175.0,2017-12-18,COMPLETED,Cervical Cancer,47,agenus,agenus
NCT05019924,An Exploratory Investigation of Dietary Supplementation and the Effect on Common PMS and Menstrual Symptoms,Semaine Health,INDUSTRY,Citruslabs,1,,INTERVENTIONAL,58.0,2021-08-01,COMPLETED,Menstrual Pain; Menstrual Discomfort,1,semaine,semaine
NCT05083923,A Study of Diroximel Fumarate (DRF) in Adult Participants From the Asia-Pacific Region With Relapsing Forms of Multiple Sclerosis (RMS),Biogen,INDUSTRY,,0,PHASE3,INTERVENTIONAL,136.0,2021-11-18,COMPLETED,Relapsing Forms of Multiple Sclerosis,52,biogen,biogen
NCT04255459,Post-Market Surveillance of Tobacco Products,RAI Services Company,INDUSTRY,,0,,INTERVENTIONAL,320.0,2010-02-13,COMPLETED,"Smoking, Tobacco; Smoking Behaviors",6,rai services,rai services
NCT02471859,"A Safety, Tolerability, and Pharmacokinetic Study of GDC-3280 in Healthy Participants","Genentech, Inc.",INDUSTRY,,0,PHASE1,INTERVENTIONAL,8.0,2015-06,COMPLETED,Healthy Volunteer,1,roche,roche
NCT05860959,SUBLOCADE Long-term Outcomes,Indivior Inc.,INDUSTRY,,0,,OBSERVATIONAL,480.0,2023-08-31,COMPLETED,Opioid Use Disorder,49,indivior,indivior
NCT06229080,Short-term Embolization Using Gelatin Particles for FloW ModulAtion During Y90 Radioembolization,"Next Biomedical Co., Ltd.",INDUSTRY,,0,,INTERVENTIONAL,20.0,2023-03-15,COMPLETED,Liver Cancer (Primary and Metastatic),1,next biomedical,next biomedical
NCT05337280,OA for Breast Cancer NAC Response,Seno Medical Instruments Inc.,INDUSTRY,American College of Radiology,1,,INTERVENTIONAL,20.0,2021-03-30,COMPLETED,Breast Cancer,1,seno medical instruments,seno medical instruments
NCT03439280,"A Study to Investigate the Safety, Tolerability, Efficacy, Pharmacokinetics, and Immunogenicity of TAK-079 Administered Subcutaneously as a Single Agent in Participants With Relapsed/Refractory (r/r) Multiple Myeloma (MM)","Millennium Pharmaceuticals, Inc.",INDUSTRY,,0,PHASE1; PHASE2,INTERVENTIONAL,50.0,2018-04-20,COMPLETED,Relapsed/Refractory; Multiple Myeloma,7,takeda,takeda
NCT00002079,Phase II Study of the Safety and Surrogate Marker Efficacy of Butyldeoxynojirimycin (SC-48334) and AZT in Symptomatic HIV-1 Infected Patients With 200 - 500 CD4+ Cells/mm3. (NOTE: Asymptomatic HIV-1 Infected Patients Also Eligible),G D Searle,INDUSTRY,,0,PHASE2,INTERVENTIONAL,,,COMPLETED,HIV Infections,9,g d searle,g d searle
NCT00721396,"Safety, Tolerability and Immunogenicity of Meningococcal B Recombinant Vaccine Administered With or Without Routine Infant Vaccinations to Healthy Infants According to Different Immunization Schedules",Novartis Vaccines,INDUSTRY,,0,PHASE2,INTERVENTIONAL,1885.0,2008-08,COMPLETED,Meningococcal Infections,60,novartis vaccines,novartis vaccines
NCT02489279,Training Attentional Awareness and Control in ADHD,Think Now Incorporated,INDUSTRY,National Institute of Mental Health (NIMH),1,,INTERVENTIONAL,107.0,2015-06,COMPLETED,Attention Deficit Hyperactivity Disorder,1,think now incorporated,think now incorporated
NCT00359762,Exenatide Versus Glimepiride in Patients With Type 2 Diabetes,AstraZeneca,INDUSTRY,Eli Lilly and Company,1,PHASE3,INTERVENTIONAL,1029.0,2006-09,COMPLETED,Type 2 Diabetes Mellitus,114,astrazeneca,astrazeneca
NCT00922610,A Study of Mircera in Renal Anemia Among Filipino Chronic Kidney Disease Patients,Hoffmann-La Roche,INDUSTRY,,0,PHASE4,INTERVENTIONAL,28.0,2009-02,COMPLETED,Anemia,5,roche,roche
NCT00241410,"Safety, Immunological Effect and Efficacy of the Combined Application of MPL and Grass Pollen Allergen",Allergy Therapeutics,INDUSTRY,,0,PHASE1,INTERVENTIONAL,86.0,2005-12,COMPLETED,Type I Hypersensitivity,1,allergy,allergy
NCT01482910,VEGF Trap-Eye: Investigation of Efficacy and Safety in Chinese Subjects With Wet AMD (Age-Related Macular Degeneration),Bayer,INDUSTRY,Regeneron Pharmaceuticals,1,PHASE3,INTERVENTIONAL,304.0,2011-12,COMPLETED,Macular Degeneration,14,bayer,bayer
NCT00868413,Study of ABT-263 When Administered in Combination With Either Fludarabine/Cyclophosphamide/Rituximab or Bendamustine/Rituximab in Relapsed or Refractory Chronic Lymphocytic Leukemia,"AbbVie (prior sponsor, Abbott)",INDUSTRY,"Genentech, Inc.",1,PHASE1,INTERVENTIONAL,32.0,2009-11,COMPLETED,Chronic Lymphocytic Leukemia,6,abbvie prior sponsor abbott,abbvie prior sponsor abbott
NCT03654313,Single and Multiple Ascending Doses of MEDI6570 in Subjects With Type 2 Diabetes Mellitus,MedImmune LLC,INDUSTRY,,0,PHASE1,INTERVENTIONAL,88.0,2018-09-28,COMPLETED,Atherosclerosis; Cardiovascular Disease,9,astrazeneca,astrazeneca
NCT01101360,Port Wine Stains Treatment Matrix RF Study,Syneron Medical,INDUSTRY,,0,,INTERVENTIONAL,10.0,2010-03,COMPLETED,Port Wine Stains,1,syneron,syneron
NCT05864560,"Ankura™ AAA, Cuff and AUI Stent Graft System Post-Market Clinical Follow-Up","Lifetech Scientific (Shenzhen) Co., Ltd.",INDUSTRY,,0,,OBSERVATIONAL,164.0,2023-09-15,ACTIVE_NOT_RECRUITING,Abdominal Aortic Aneurysm,7,lifetech scientific shenzhen,lifetech scientific shenzhen
NCT00004060,"Chemotherapy in Treating Patients With Recurrent, Metastatic, or Unresectable Ovarian, Fallopian Tube, or Peritoneal Cancer",Daiichi Sankyo,INDUSTRY,,0,PHASE2,INTERVENTIONAL,,1999-07,COMPLETED,Fallopian Tube Cancer; Ovarian Cancer; Primary Peritoneal Cavity Cancer,1,daiichi sankyo,daiichi sankyo
NCT04206020,Vehicle-Controlled Study of SkQ1 as Treatment for Dry-eye Syndrome,"Mitotech, SA",INDUSTRY,"ORA, Inc.",1,PHASE3,INTERVENTIONAL,610.0,2019-12-20,COMPLETED,Dry Eye Syndrome,4,mitotech,mitotech
NCT07249320,Evaluating ABRYSVO Maternal Vaccine Effectiveness Among Infants,Pfizer,INDUSTRY,,0,,OBSERVATIONAL,1.0,2025-12-01,ACTIVE_NOT_RECRUITING,Respiratory Syncytial Virus (RSV),1,pfizer,pfizer
NCT02288520,Therapeutic Strategy in Patients Treated With Methotrexate for Rheumatoid Arthritis,Nordic Pharma SAS,INDUSTRY,,0,,OBSERVATIONAL,854.0,2014-09,COMPLETED,Rheumatoid Arthritis,1,nordic pharma sas,nordic pharma sas
NCT00677820,A Prospective Study to Evaluate the Safety of a New Trivalent Intranasal Influenza Vaccine,MedImmune LLC,INDUSTRY,,0,PHASE4,INTERVENTIONAL,300.0,2008-06,COMPLETED,Influenza,3,astrazeneca,astrazeneca
NCT00880620,A Study To Evaluate The Safety And Efficacy Of IPX066 In Subjects With Parkinson's Disease,"Impax Laboratories, LLC",INDUSTRY,,0,PHASE3,INTERVENTIONAL,381.0,2009-04,COMPLETED,Parkinson's Disease,60,impax,impax
NCT07653620,Hydration & Female Life Stages,PepsiCo Global R&D,INDUSTRY,,0,,INTERVENTIONAL,72.0,2026-06,RECRUITING,Dehydration; Menstruation; Pre-menopause; Peri-menopausal Women; Post-menopausal Women; Hydration,2,pepsico global r and d,pepsico global r and d
NCT01625182,Evaluate Efficacy and Safety of Fingolimod 0.5 mg Orally Once Daily Versus Placebo in Chronic Inflammatory Demyelinating Polyradiculoneuropathy Patients.,Novartis Pharmaceuticals,INDUSTRY,Tanabe Pharma Corporation,1,PHASE3,INTERVENTIONAL,106.0,2012-12-22,COMPLETED,Chronic Inflammatory Demyelinating Polyradiculoneuropathy,67,novartis,novartis
NCT05133882,A Phase Ⅰb/Ⅱ Clinical Study of Clifutinib Besylate Combined With Chemotherapy in the Treatment of Newly Diagnosed AML,"Sunshine Lake Pharma Co., Ltd.",INDUSTRY,,0,PHASE1; PHASE2,INTERVENTIONAL,133.0,2022-10-31,RECRUITING,"Acute Myeloid Leukemia, Adult",1,sunshine lake,sunshine lake
NCT01000610,A Study of MabThera (Rituximab) in Patients With Rheumatoid Arthritis and an Inadequate Response to Methotrexate,Hoffmann-La Roche,INDUSTRY,,0,PHASE4,INTERVENTIONAL,18.0,2008-03-17,COMPLETED,Rheumatoid Arthritis,4,roche,roche
NCT03809013,"A Open-label, Single-arm, Multicenter, Phase II Study of RC48-ADC to Evaluate the Efficacy and Safety of Subjects With HER2 Overexpressing Locally Advanced or Metastatic Urothelial Cancer","RemeGen Co., Ltd.",INDUSTRY,,0,PHASE2,INTERVENTIONAL,64.0,2019-01-07,COMPLETED,Urothelial Carcinoma,8,remegen,remegen
NCT03289013,Assessement of the Peal Force Needed to Peel New Adhesives From the Skin,Coloplast A/S,INDUSTRY,,0,,INTERVENTIONAL,5.0,2017-09-11,COMPLETED,Ileostomy - Stoma,1,coloplast,coloplast
NCT06414460,Study of ISM3412 in Participants With Locally Advanced/Metastatic Solid Tumors,InSilico Medicine Hong Kong Limited,INDUSTRY,,0,PHASE1; PHASE2,INTERVENTIONAL,114.0,2025-04-25,RECRUITING,Locally Advanced/Metastatic Solid Tumors,10,insilico medicine hong kong,insilico medicine hong kong
NCT00533260,A Non-interventional Naturalistic Project to Investigate the Effect of the Use of SMS Text Service on Treatment Adherence in Patients Treated With Seroquel® (Quetiapine),AstraZeneca,INDUSTRY,,0,,OBSERVATIONAL,128.0,2007-07,COMPLETED,Bipolar Disorder; Schizophrenia,35,astrazeneca,astrazeneca
NCT01743560,"An Open Label Study of Postmenopausal Women With Oestrogen Receptor Positive Locally Advanced or Metastatic Breast Cancer Treated With Everolimus (RAD001) With Exemestane, With Exploratory Epigenetic Marker Analysis",Novartis Pharmaceuticals,INDUSTRY,,0,PHASE4,INTERVENTIONAL,52.0,2013-01-31,COMPLETED,Oestrogen Receptor Positive Advanced Breast Cancer,11,novartis,novartis
NCT05573360,Evaluation of Safety and Tolerability of Ocular Lubricants,Alcon Research,INDUSTRY,,0,,INTERVENTIONAL,41.0,2022-12-16,COMPLETED,Dry Eye,2,alcon,alcon
NCT06224660,Modulation of SERCA2a of Intra-Myocytic Calcium Trafficking in Cardiomyopathy Secondary to Duchenne Muscular Dystrophy,Sardocor Corp.,INDUSTRY,,0,PHASE1,INTERVENTIONAL,12.0,2024-10-02,RECRUITING,DMD-Associated Dilated Cardiomyopathy,3,sardocor,sardocor
NCT01518920,A Study Of The Effects Of PF-04958242 In Subjects With Age-Related Hearing Loss,Biogen,INDUSTRY,,0,PHASE1,INTERVENTIONAL,44.0,2011-12,COMPLETED,"Hearing Loss, Sensorineural",11,biogen,biogen
NCT03340220,"Safety, Tolerability, and Pharmacokinetics (PK) of Single and Multiple Ascending Oral Doses of XEN1101.",Xenon Pharmaceuticals Inc.,INDUSTRY,,0,PHASE1,INTERVENTIONAL,130.0,2017-11-13,COMPLETED,Healthy Volunteers,1,xenon,xenon
NCT05893420,A Rapid Diagnostic of Risk in Hospitalized Patients Using Machine Learning,"AgileMD, Inc.",INDUSTRY,"Biomedical Advanced Research and Development Authority; University of Chicago; BayCare Health System; University of Wisconsin, Madison; Yale University",5,,INTERVENTIONAL,30000.0,2024-12-31,ACTIVE_NOT_RECRUITING,Sepsis; Septicemia; Respiratory Failure; Hemodynamic Instability; COVID-19; Cardiac Arrest; Clinical Deterioration,3,agilemd,agilemd
NCT01948882,Evaluation of Safety and Effectiveness of the Essure (Model ESS505) Device to Prevent Pregnancy in Women,Bayer,INDUSTRY,,0,,INTERVENTIONAL,660.0,2013-09-30,COMPLETED,Contraception,22,bayer,bayer
NCT01080482,Bioequivalence Study of Tacrolimus 5 mg Capsule Under Fasting Condition,Panacea Biotec Ltd,INDUSTRY,,0,,INTERVENTIONAL,36.0,2007-09,COMPLETED,Healthy Volunteers,1,panacea biotec,panacea biotec
NCT00652782,Effects of MK7418 on Diuresis and Renal Function in Congestive Heart Failure Patients,"NovaCardia, Inc., a subsidiary of Merck & Co., Inc. (Rahway, New Jersey USA)",INDUSTRY,Merck Sharp & Dohme LLC,1,PHASE2,INTERVENTIONAL,160.0,2004-12,COMPLETED,Congestive Heart Failure; Renal Impairment,0,novacardia inc a subsidiary of merck and co inc rahway new jersey,novacardia inc a subsidiary of merck and co inc rahway new jersey
NCT02182882,Efficacy of Ginsana in Improving Half-time Hemoglobin Re-oxygenation in Healthy People,Boehringer Ingelheim,INDUSTRY,,0,PHASE2,INTERVENTIONAL,29.0,1999-03,COMPLETED,Healthy,0,boehringer,boehringer
NCT00549510,Study to Investigate Dose Proportionality of the Fixed Dose Combination of COREG CR and Lisinopril.,GlaxoSmithKline,INDUSTRY,,0,PHASE1,INTERVENTIONAL,29.0,2007-10,COMPLETED,Hypertension,1,gsk,gsk
NCT02411513,Acute Treatment of Migraine Using the CEFALY Device,Cefaly Technology,INDUSTRY,,0,PHASE1,INTERVENTIONAL,30.0,2015-04,COMPLETED,Migraine,1,cefaly technology,cefaly technology
NCT05423860,Phase I Human Analytics (HALO) Study,HALO Diagnostics,INDUSTRY,HALO Affiliate Sites,1,,OBSERVATIONAL,2000.0,2022-03-16,RECRUITING,Cardiovascular Diseases; Cancer; Dementia; Traumatic Brain Injury,1,halo diagnostics,halo diagnostics
NCT00998660,RECHARGE Sub-Study to the Implantable Systems Performance Registry (ISPR),MedtronicNeuro,INDUSTRY,,0,PHASE4,INTERVENTIONAL,100.0,2009-07,COMPLETED,Parkinson's Disease; Essential Tremor; Dystonia,11,medtronicneuro,medtronicneuro
NCT00386360,Study of the Effect of Once a Week Risedronate on the Microstructure of Tibia and Radius Using a New Scanning Method,Warner Chilcott,INDUSTRY,,0,PHASE3,INTERVENTIONAL,161.0,2006-04,COMPLETED,Osteopenia,9,warner chilcott,warner chilcott
NCT04479020,REcanalization of Distal Cerebral Vessels in Acute Stroke Using ApeRio®,Acandis GmbH,INDUSTRY,,0,,OBSERVATIONAL,134.0,2020-07-01,COMPLETED,Acute Stroke,11,acandis,acandis
NCT02245620,A Phase 2 Study to Evaluate the Impact of MTP-131 (Bendavia™) on Skeletal Muscle Function in Elderly,Stealth BioTherapeutics Inc.,INDUSTRY,,0,PHASE2,INTERVENTIONAL,41.0,2015-01-15,COMPLETED,Skeletal Muscle Mitochondrial Dysfunction in the Elderly,1,stealth biotherapeutics,stealth biotherapeutics
NCT01665820,Auscultate Obese Patients Using Electronic and Traditional Stethoscopes,Solventum US LLC,INDUSTRY,3M,1,,OBSERVATIONAL,30.0,2012-10,COMPLETED,Chest Pathology,1,solventum us,solventum us
NCT06046820,The ENERGY 3 Study: Evaluation of Efficacy and Safety of INZ-701 in Children With ENPP1 Deficiency,Inozyme Pharma,INDUSTRY,,0,PHASE3,INTERVENTIONAL,27.0,2023-11-05,ACTIVE_NOT_RECRUITING,Ectonucleotide Pyrophosphatase/Phosphodiesterase1 Deficiency; Autosomal Recessive Hypophosphatemic Rickets; Generalized Arterial Calcification of Infancy,15,inozyme,inozyme
NCT00562120,A Study to Test a New Decongestant in Patients With Allergic Rhinitis Following a Nasal Allergen Challenge,Pfizer,INDUSTRY,,0,PHASE2,INTERVENTIONAL,21.0,2007-12,COMPLETED,Allergic Rhinitis,1,pfizer,pfizer
NCT01687920,Dose Proportionality Study With BAY94-8862 IR (Immediate Release) Tablets,Bayer,INDUSTRY,,0,PHASE1,INTERVENTIONAL,25.0,2012-09-17,COMPLETED,Heart Failure,1,bayer,bayer
NCT01698320,Safety Study of Albuterol Spiromax® in Subjects With Asthma,"Teva Branded Pharmaceutical Products R&D, Inc.",INDUSTRY,,0,PHASE3,INTERVENTIONAL,364.0,2012-10,COMPLETED,Asthma,30,teva branded pharmaceutical products r and d,teva branded pharmaceutical products r and d
NCT00004582,ABT-378/Ritonavir and Efavirenz in HIV-Infected Patients Who Have Taken More Than One Protease Inhibitor in the Past,ViRx,INDUSTRY,,0,PHASE2,INTERVENTIONAL,,,COMPLETED,HIV Infections,1,virx,virx
NCT03722524,The Use of TrIple Fixed-dose Combination in the Treatment of Arterial Hypertension,Servier Russia,INDUSTRY,,0,,OBSERVATIONAL,1247.0,2018-10-01,COMPLETED,Arterial Hypertension,51,servier russia,servier russia
NCT03392324,PRIMA US-Feasibility Study in Atrophic Dry AMD,Science Corporation,INDUSTRY,,0,,INTERVENTIONAL,5.0,2018-04-26,COMPLETED,Dry Age-related Macular Degeneration,3,science,science
NCT00771524,Pharmacokinetic Study of the Penetration of Ceftobiprole in the Bone,Basilea Pharmaceutica,INDUSTRY,,0,PHASE1,INTERVENTIONAL,22.0,2009-04,COMPLETED,Total Hip Replacement Surgery,0,basilea pharmaceutica,basilea pharmaceutica
NCT00100724,Trial of rPA-102 Vaccine in Healthy Adult Volunteers,VaxGen,INDUSTRY,National Institutes of Health (NIH); National Institute of Allergy and Infectious Diseases (NIAID); Centers for Disease Control and Prevention,3,PHASE2,INTERVENTIONAL,480.0,2004-04,COMPLETED,Anthrax,12,vaxgen,vaxgen
NCT01716923,Study to Assess S303 RBCs and Evaluate Safety and Efficacy in Patients Requiring Transfusion Support of Acute Anemia,Cerus Corporation,INDUSTRY,,0,PHASE3,INTERVENTIONAL,81.0,2013-04,COMPLETED,Focus:Use of S303 RBCs in Patients With Acute Anemia,2,cerus,cerus
NCT02928224,Study of Encorafenib + Cetuximab Plus or Minus Binimetinib vs. Irinotecan/Cetuximab or Infusional 5-Fluorouracil (5-FU)/Folinic Acid (FA)/Irinotecan (FOLFIRI)/Cetuximab With a Safety Lead-in of Encorafenib + Binimetinib + Cetuximab in Patients With BRAF V600E-mutant Metastatic Colorectal Cancer,Pfizer,INDUSTRY,"Merck KGaA, Darmstadt, Germany; Pierre Fabre Medicament; Ono Pharmaceutical Co., Ltd.",3,PHASE3,INTERVENTIONAL,702.0,2016-10-13,COMPLETED,BRAF V600E-mutant Metastatic Colorectal Cancer,418,pfizer,pfizer
NCT01136382,A 6-week Study in Asthmatic Children Aged 6 to <12 Yrs Comparing Budesonide pMDI 160ug Twice Daily With Placebo,AstraZeneca,INDUSTRY,,0,PHASE2,INTERVENTIONAL,304.0,2010-07,COMPLETED,Asthma,87,astrazeneca,astrazeneca
NCT02669823,Optimizing Sysmex Technology as an Innovative Tool to Differentiate Between Malaria (PALUdism) and BACterial Infections in a Malaria Endemic Region,Sysmex Europe GmbH,INDUSTRY,"Clinical Research Unit of Nanoro; Instituut voor Tropische Geneeskunde, Belgium; Radboud University Medical Center",3,,OBSERVATIONAL,930.0,2016-04-01,COMPLETED,Tropical Infectious Diseases,1,sysmex europe,sysmex europe
NCT00061659,Study Evaluating the Safety and Efficacy of ABT-510 in Subjects With Locally Advanced or Metastatic Soft Tissue Sarcoma,Abbott,INDUSTRY,,0,PHASE2,INTERVENTIONAL,88.0,2003-05,COMPLETED,"Sarcoma, Soft Tissue",5,abbott,abbott
NCT00705159,"Safety and Efficacy of Zylet vs Lotemax, Tobramycin and Vehicle in Pediatric Blepharoconjunctivitis",Bausch & Lomb Incorporated,INDUSTRY,,0,PHASE4,INTERVENTIONAL,137.0,2008-06,COMPLETED,Conjunctivitis,1,bausch and lomb incorporated,bausch and lomb incorporated
NCT00715780,Observational Study to Evaluate Safety and Efficacy of Insulin Therapy in Type 2 Diabetes Mellitus Subjects Failing on Oral Anti-diabetic Agents,Novo Nordisk A/S,INDUSTRY,,0,,OBSERVATIONAL,1667.0,2008-06,COMPLETED,"Diabetes; Diabetes Mellitus, Type 2",1,novo nordisk,novo nordisk
NCT01422980,Effect of Consumption of Dairy Product on Upper Gastric Discomfort,Danone Global Research & Innovation Center,INDUSTRY,,0,,INTERVENTIONAL,236.0,2010-11,COMPLETED,Upper Gastric Discomfort,1,danone global research and innovation center,danone global research and innovation center
NCT02009696,ProMRI Study of the Entovis Pacemaker System (Phase B),"Biotronik, Inc.",INDUSTRY,,0,,OBSERVATIONAL,221.0,2013-12,COMPLETED,Magnetic Resonance Imaging (MRI); Cardiac Pacing,32,biotronik,biotronik
NCT04590235,A Study of Selumetinib in Chinese Paediatric and Adult Subjects With Neurofibromatosis Type 1 (NF1) and Inoperable Plexiform Neurofibromas (PN),AstraZeneca,INDUSTRY,Merck Sharp & Dohme LLC,1,PHASE1,INTERVENTIONAL,32.0,2020-12-16,ACTIVE_NOT_RECRUITING,Neurofibromatosis 1; Neurofibroma Plexiform,2,astrazeneca,astrazeneca
NCT05570435,Efficacy of Milk Product Supplemented With Bioactives in Lowering Post Meal Glucose Response,Société des Produits Nestlé (SPN),INDUSTRY,Peking Union Medical College Hospital,1,,INTERVENTIONAL,31.0,2022-11-16,COMPLETED,Healthy; PreDiabetes; Adult; Asian,1,société des produits nestlé spn,société des produits nestlé spn
NCT03473743,A Study of Erdafitinib in Participants With Metastatic or Locally Advanced Urothelial Cancer,"Janssen Research & Development, LLC",INDUSTRY,,0,PHASE1; PHASE2,INTERVENTIONAL,125.0,2018-04-05,ACTIVE_NOT_RECRUITING,Urothelial Carcinoma,127,janssen research and,janssen research and
NCT01190176,Gynaecological Follow-up of a Subset of HPV-015 (NCT00294047) Study Subjects,GlaxoSmithKline,INDUSTRY,,0,PHASE3,INTERVENTIONAL,34.0,2011-09-12,COMPLETED,"Infections, Papillomavirus",20,gsk,gsk
NCT00330876,Study of Pitavastatin in Elderly Patients With Primary Hypercholesterolemia or Combined Dyslipidemia,Kowa Research Europe,INDUSTRY,,0,PHASE3,INTERVENTIONAL,545.0,2006-06,COMPLETED,Hypercholesterolemia; Dyslipidemias,59,kowa research europe,kowa research europe
NCT00621140,Efficacy and Safety of BI 1356 (Linagliptin) Versus Placebo in Type 2 Diabetic Patients With Insufficient Glycemic Control,Boehringer Ingelheim,INDUSTRY,,0,PHASE3,INTERVENTIONAL,503.0,2008-02,COMPLETED,"Diabetes Mellitus, Type 2",69,boehringer,boehringer
NCT03104517,Autologous Muscle Derived Cells Compared to Placebo for Urinary Sphincter Repair in Post-surgical Female Stress Incontinence,Cook MyoSite,INDUSTRY,,0,PHASE3,INTERVENTIONAL,96.0,2019-04-23,ACTIVE_NOT_RECRUITING,Stress Urinary Incontinence,21,cook myosite,cook myosite
NCT04679740,Resorbable Magnesium Scaffolds Registry,Biotronik AG,INDUSTRY,,0,,OBSERVATIONAL,1106.0,2020-11-18,RECRUITING,Coronary Artery Disease,13,biotronik,biotronik
NCT00760968,Efficacy and Safety of TAK-783 in Subjects With Rheumatoid Arthritis,Takeda,INDUSTRY,,0,PHASE2,INTERVENTIONAL,224.0,2007-08,COMPLETED,"Arthritis, Rheumatoid",25,takeda,takeda
NCT06226350,A Phase Ⅱ Study of F520 in Patients With Cervical Carcinoma,"Shandong New Time Pharmaceutical Co., LTD",INDUSTRY,,0,PHASE2,INTERVENTIONAL,29.0,2021-03-04,COMPLETED,Cervical Cancer,1,shandong new time,shandong new time
NCT02430350,Study of Compound Edaravone Injection for Treatment of Acute Ischemic Stroke,"Jiangsu Simcere Pharmaceutical Co., Ltd.",INDUSTRY,,0,PHASE3,INTERVENTIONAL,1200.0,2015-05,COMPLETED,Acute Ischemic Stroke,48,jiangsu simcere,jiangsu simcere
NCT00621218,A Study to Determine the Safety and Efficacy of Atralin (Tretinoin 0.05%) Gel for the Treatment of Rosacea,"Coria Laboratories, Ltd.",INDUSTRY,,0,PHASE2,INTERVENTIONAL,36.0,2008-02,COMPLETED,Rosacea,1,coria,coria
NCT01867190,Study to Assess Efficacy and Safety of Bone Marrow Derived Stem Cells in Patients With Critical Limb Ischemia,"Lifecells, LLC.",INDUSTRY,,0,PHASE2,INTERVENTIONAL,24.0,2013-05,COMPLETED,Critical Limb Ischemia,1,lifecells,lifecells
NCT03754790,"Long-term Safety and Efficacy Study of Fitusiran in Patients With Hemophilia A or B, With or Without Inhibitory Antibodies to Factor VIII or IX","Genzyme, a Sanofi Company",INDUSTRY,,0,PHASE3,INTERVENTIONAL,281.0,2019-01-09,ACTIVE_NOT_RECRUITING,Hemophilia,79,genzyme a sanofi,genzyme a sanofi
NCT01601990,Phase 3 Trial to Evaluate the Efficacy and Safety of LC15-0444 in Patients With Type 2 Diabetes,LG Life Sciences,INDUSTRY,,0,PHASE3,INTERVENTIONAL,189.0,2009-12,COMPLETED,Type 2 Diabetes Mellitus,1,lg life,lg life
NCT07232290,Phase IIa Study of Flonoltinib Maleate Tablets in the Treatment of Patients With Polycythemia Vera,"Chengdu Zenitar Biomedical Technology Co., Ltd",INDUSTRY,,0,PHASE2,INTERVENTIONAL,60.0,2025-09-23,RECRUITING,Polycythemia Vera (PV),1,chengdu zenitar biomedical technology,chengdu zenitar biomedical technology
NCT05175690,Evaluation of the AudibleHealth Dx AI/ML-Based Dx SaMD Using FCV-SDS in the Diagnosis of COVID-19 Illness,"AudibleHealth AI, Inc.",INDUSTRY,"University of South Florida; R. P. Chiacchierini Consulting, LLC; Analytic Solutions Group; Renaissance Worldwide Solutions, LLC; Medical & Regulatory Affairs Specialists, LLC",5,,OBSERVATIONAL,1126.0,2022-01-10,COMPLETED,COVID19,1,audiblehealth ai,audiblehealth ai
NCT06707090,Tissue Repair Gel in Venous Leg Ulcers (US),TR Therapeutics,INDUSTRY,,0,PHASE3,INTERVENTIONAL,312.0,2025-01-28,RECRUITING,Venous Leg Ulcer; Venous Ulcer; Venous Stasis Ulcer; Venous Stasis; Wound Heal; Wounds; Venous Insufficiency of Leg; Non-healing Wound,33,tr therapeutics,tr therapeutics
NCT01721213,Trobalt™ Products Risk Survey,GlaxoSmithKline,INDUSTRY,,0,,OBSERVATIONAL,1.0,2012-09,COMPLETED,Epilepsy,0,gsk,gsk
NCT06452160,A Study of BGC515 Capsules in Subjects With Advanced Solid Tumors,BridGene Biosciences Inc.,INDUSTRY,,0,PHASE1,INTERVENTIONAL,103.0,2024-06-27,RECRUITING,Mesothelioma; Epithelioid Hemangioendothelioma(EHE); Solid Tumor,1,bridgene,bridgene
NCT05176860,Evaluation of Novel Cone-Beam CT for Guidance and Adaptation of Precision Radiotherapy,"Varian, a Siemens Healthineers Company",INDUSTRY,,0,,INTERVENTIONAL,31.0,2022-12-20,COMPLETED,Lung Cancer; Liver Cancer; Breast Cancer; Other Cancer,1,varian a siemens healthineers,varian a siemens healthineers
NCT03654560,Efficacy and Safety of HemoStyp as an Adjunct for Management of Secondary Hemostasis in the Operative Setting,"United Health Products, Inc.",INDUSTRY,,0,,INTERVENTIONAL,236.0,2018-12-28,COMPLETED,Hemostasis; Bleeding,1,united health products,united health products
NCT01348724,"Absorption, Distribution, Metabolism and Excretion (ADME) Study With Single Oral Administration of [14C] NKTR-118",AstraZeneca,INDUSTRY,,0,PHASE1,INTERVENTIONAL,6.0,2011-06,COMPLETED,Healthy Volunteers,1,astrazeneca,astrazeneca
NCT01945424,Sanofi Pasteur Quadrivalent Influenza Vaccine (QIV) Pregnancy Registry,"Sanofi Pasteur, a Sanofi Company",INDUSTRY,,0,,OBSERVATIONAL,244.0,2013-08-16,COMPLETED,Pregnancy; Influenza,5,sanofi pasteur a sanofi,sanofi pasteur a sanofi
NCT00870324,OptiSense™ Performance in Detecting Atrial Episodes,Abbott Medical Devices,INDUSTRY,,0,,OBSERVATIONAL,50.0,2009-03,COMPLETED,Tachyarrhythmias; Atrial Fibrillation,2,abbott medical devices,abbott medical devices
NCT00995124,"Trial of the Ovicidal Activity of Three Head Lice Products (NeutraLice Lotion®, NeutraLice Advance® and Moov Head Lice Solution®) After a Single Application",Altman Biomedical Consulting Pty. Ltd.,INDUSTRY,,0,PHASE4,INTERVENTIONAL,90.0,2009-10,COMPLETED,Head Lice,1,altman biomedical consulting pty,altman biomedical consulting pty
NCT00577824,Efficacy and Safety of Exenatide in Japanese Patients With Type 2 Diabetes Who Are Treated With Oral Antidiabetic(s),AstraZeneca,INDUSTRY,Eli Lilly and Company,1,PHASE3,INTERVENTIONAL,181.0,2008-01,COMPLETED,Type 2 Diabetes,12,astrazeneca,astrazeneca
NCT01564459,Study to Evaluate MK-6096 in the Treatment of Painful Diabetic Neuropathy (PDN) in Adults (MK-6096-021),Merck Sharp & Dohme LLC,INDUSTRY,,0,PHASE2,INTERVENTIONAL,170.0,2012-03-26,COMPLETED,"Diabetic Neuropathy, Painful",0,merck,merck
NCT01626859,A Pharmacokinetic Study of MP-214 in Patients With Schizophrenia,Tanabe Pharma Corporation,INDUSTRY,,0,PHASE2; PHASE3,INTERVENTIONAL,38.0,2012-05,COMPLETED,Schizophrenia,1,tanabe,tanabe
NCT01825980,Proof of Concept Study to Determine the Safety and Antiviral Effect of BZF961 With or Without Ritonavir Boosting in Hepatitis C Virus Infected Patients,Novartis Pharmaceuticals,INDUSTRY,,0,PHASE1; PHASE2,INTERVENTIONAL,54.0,2013-03,COMPLETED,Hepatitis C,3,novartis,novartis
NCT02702180,Efficacy and Safety of Inhaled Molgramostim (rhGM-CSF) in Autoimmune Pulmonary Alveolar Proteinosis,Savara Inc.,INDUSTRY,,0,PHASE2,INTERVENTIONAL,139.0,2016-03-21,COMPLETED,Autoimmune Pulmonary Alveolar Proteinosis,30,savara,savara
NCT02650180,Usability Study for SOBERLINK System,Soberlink Healthcare LLC,INDUSTRY,,0,,INTERVENTIONAL,40.0,2015-12,COMPLETED,Alcoholism; Alcohol Dependence,3,soberlink,soberlink
NCT06789380,The (Cost-)Effectiveness of Generalist Versus Specialist Treatment for Severe Personality Disorders',Arkin,INDUSTRY,GGZ de Viersprong; Ggz Oost Brabant; Stichting Altrecht GGZ; Stichting Dimence Group; Tilburg University,5,,INTERVENTIONAL,358.0,2024-10-21,RECRUITING,Severe Personality Disorder,5,arkin,arkin
NCT03482180,Evaluate the Efficacy and Safety of KI1106 in Patients Whose TG Level is Not Adequately Controlled With Atorvastatin Calcium Monotherapy While LDL-C is Properly Controlled,"Kuhnil Pharmaceutical Co., Ltd.",INDUSTRY,,0,PHASE3,INTERVENTIONAL,215.0,2016-05-04,COMPLETED,Dyslipidemias,0,kuhnil,kuhnil
NCT02477579,"A Prospective, Multi-Center, Pivotal Study to Evaluate the Safety and Effectiveness of the NovaCross™ Micro-catheter in Facilitating Crossing Chronic Total Occlusion (CTO) Coronary Lesions",Nitiloop Ltd.,INDUSTRY,,0,,INTERVENTIONAL,145.0,2015-05-17,COMPLETED,Chronic Total Occlusion of Coronary Artery,5,nitiloop,nitiloop
NCT01120379,XIENCE V® Everolimus Eluting Coronary Stent System USA Post-Approval Study (XIENCE V® USA Long Term Follow-up Cohort),Abbott Medical Devices,INDUSTRY,,0,,OBSERVATIONAL,5034.0,2008-07,COMPLETED,Chronic Coronary Occlusion; Vascular Disease; Myocardial Ischemia; Coronary Artery Stenosis; Coronary Disease; Coronary Artery Disease; Coronary Restenosis,1,abbott medical devices,abbott medical devices
NCT07286279,Identifying Candidates for Limited Dissection at Microdissection TESE.,Clinique Ovo,INDUSTRY,,0,,OBSERVATIONAL,248.0,2025-12-15,COMPLETED,Non Obstructive Azoospermia; Cryptozoospermia; Oligoasthenoteratozoospermia; Male Infertility,1,clinique ovo,clinique ovo
NCT04747496,Real-world Study on Edoxaban Treatment for Patients With Non-valvular Atrial Fibrillation in China,Daiichi Sankyo,INDUSTRY,"Daiichi Sankyo Co., Ltd.",1,,OBSERVATIONAL,5000.0,2021-02-26,COMPLETED,Non-valvular Atrial Fibrillation,97,daiichi sankyo,daiichi sankyo
NCT06072196,A Study to Learn About Novel Hormonal Therapies in People With Metastatic Castration-Sensitive Prostate Cancer (mCSPC),Pfizer,INDUSTRY,Astellas Pharma Inc,1,,OBSERVATIONAL,3017.0,2023-10-04,COMPLETED,Prostatic Neoplasms,1,pfizer,pfizer
NCT05036096,Cone Beam Breast CT for Breast Cancer Screening,Koning Corporation,INDUSTRY,,0,,INTERVENTIONAL,1024.0,2021-10-30,ACTIVE_NOT_RECRUITING,Breast Cancer,4,koning,koning
NCT01326962,A Study of RoActemra/Actemra (Tocilizumab) in Patients With Rheumatoid Arthritis Who Have an Inadequate Response to DMARDs or Anti-TNF,Hoffmann-La Roche,INDUSTRY,,0,PHASE3,INTERVENTIONAL,28.0,2011-11-30,COMPLETED,Rheumatoid Arthritis,4,roche,roche
NCT02949362,Long-term Study of Teduglutide in Pediatric Subjects With Short Bowel Syndrome Who Completed the TED-C13-003 Study,Shire,INDUSTRY,,0,PHASE3,INTERVENTIONAL,29.0,2016-12-09,COMPLETED,Short Bowel Syndrome,11,takeda,takeda
NCT01662362,Abbott ESA Chagas Assay Post-Market Study,Abbott Diagnostics Division,INDUSTRY,,0,,INTERVENTIONAL,63.0,2012-07,COMPLETED,Chagas Disease,2,abbott diagnostics division,abbott diagnostics division
NCT03813862,Observational Pharmaco-Epidemiology Research & Analysis,Epividian,INDUSTRY,,0,,OBSERVATIONAL,2000000.0,2013-12-01,RECRUITING,Chronic Disease; HIV/AIDS; Liver Diseases; Inflammatory Bowel Diseases; Cardiovascular Diseases; Rheumatic Diseases; Neurodegenerative Diseases,1,epividian,epividian
NCT05578846,Bioequivalence Between 180 mg and 60 mg ALXN2050 Tablets and Food Effect on ALXN2050 Pharmacokinetics,"Alexion Pharmaceuticals, Inc.",INDUSTRY,Parexel,1,PHASE1,INTERVENTIONAL,42.0,2022-10-13,COMPLETED,Healthy Adult Participants,1,astrazeneca,astrazeneca
NCT05490446,A Study of Tebapivat (AG-946) in Participants With Anemia Due to Lower-Risk Myelodysplastic Syndromes (LR-MDS),"Agios Pharmaceuticals, Inc.",INDUSTRY,,0,PHASE2,INTERVENTIONAL,87.0,2022-11-07,ACTIVE_NOT_RECRUITING,Myelodysplastic Syndromes,45,agios,agios
NCT06058546,Efficacy and Safety of Jiuweihuaban Pill for Treating Plaque Psoriasis,"Tasly Pharmaceutical Group Co., Ltd",INDUSTRY,,0,PHASE2,INTERVENTIONAL,180.0,2023-11-23,RECRUITING,Plaque Psoriasis,12,tasly,tasly
NCT05356546,TYRX™ Pocket Health Study,Medtronic Cardiac Rhythm and Heart Failure,INDUSTRY,,0,,OBSERVATIONAL,36.0,2022-05-31,COMPLETED,Cardiac Disease; Healing Surgical Wounds,9,medtronic cardiac rhythm and heart failure,medtronic cardiac rhythm and heart failure
NCT00834288,"A Study to Compare the Bioavailability of Two Tramadol Hydrochloride Tablet Products (50 mg and 200 mg, Respectively) at Steady-state Under Fasting Conditions",Labopharm Inc.,INDUSTRY,,0,PHASE1,INTERVENTIONAL,26.0,2003-06,COMPLETED,Healthy Subjects; Pharmacokinetics; Bioavailability,0,labopharm,labopharm
NCT03425188,Post Approval Study of the remedē System,"Respicardia, Inc.",INDUSTRY,,0,,OBSERVATIONAL,53.0,2018-06-28,COMPLETED,Central Sleep Apnea,17,respicardia,respicardia
NCT07400003,Study to Evaluate the Safety and Immunogenicity of a Lyophilized Herpes Zoster Virus mRNA Vaccine,"Sinovac Biotech Co., Ltd",INDUSTRY,,0,PHASE1; PHASE2,INTERVENTIONAL,519.0,2026-01-06,RECRUITING,Herpes Zoster; mRNA Vaccine,1,sinovac biotech,sinovac biotech
NCT00503503,Study Evaluating the Efficacy of Enbrel (Etanercept) in Subjects in Japan,Wyeth is now a wholly owned subsidiary of Pfizer,INDUSTRY,,0,,OBSERVATIONAL,,2005-03,COMPLETED,Rheumatoid Arthritis,0,wyeth is now a wholly owned subsidiary of pfizer,wyeth is now a wholly owned subsidiary of pfizer
NCT01631903,Extension of Study ZPV-200,Repros Therapeutics Inc.,INDUSTRY,,0,PHASE2,INTERVENTIONAL,48.0,2012-09,COMPLETED,Uterine Fibroids,2,repros,repros
NCT03201003,ARTEMIS Peanut Allergy In Children,"Aimmune Therapeutics, Inc.",INDUSTRY,,0,PHASE3,INTERVENTIONAL,175.0,2017-06-12,COMPLETED,Peanut Allergy,18,aimmune,aimmune
NCT05776303,Good Bowls: Eat Well At Work,"Equiti Food, LLC",INDUSTRY,"National Institutes of Health (NIH); University of North Carolina, Chapel Hill; University of North Carolina, Greensboro; North Carolina State University",4,,INTERVENTIONAL,240.0,2023-03-15,ACTIVE_NOT_RECRUITING,"Nutrition, Healthy; Behavior, Eating",1,equiti food,equiti food
NCT04683627,A 12-week Study to Evaluate the Efficacy and Safety of HP-5000 in Subjects With Osteoarthritis Pain of the Knee,"Noven Pharmaceuticals, Inc.",INDUSTRY,,0,PHASE3,INTERVENTIONAL,370.0,2020-12-29,COMPLETED,Osteoarthritis Pain of the Knee,10,noven,noven
NCT00550927,Enzastaurin and Bevacizumab in Treating Patients With Locally Advanced or Metastatic Cancer,Eli Lilly and Company,INDUSTRY,National Cancer Institute (NCI),1,PHASE1,INTERVENTIONAL,42.0,2006-11,COMPLETED,"Unspecified Adult Solid Tumor, Protocol Specific",1,eli lilly,eli lilly
NCT01021527,A Study to Assess the Effects of Exenatide on Insulin Secretion Rates Using a Graded Infusion of Intravenous Glucose (0000-099)(COMPLETED),Merck Sharp & Dohme LLC,INDUSTRY,,0,PHASE1,INTERVENTIONAL,12.0,2008-02,COMPLETED,Healthy,0,merck,merck
NCT01474161,Comparative Bioavailability - Gender Effect - Single and Multiple Ascending Dose Safety and Pharmacokinetic Study of GFT505,Genfit,INDUSTRY,SGS Aster S.A.S.; Naturalpha,2,PHASE1,INTERVENTIONAL,96.0,2011-11,COMPLETED,"Type 2 Diabetes; Diabetes Mellitus, Type 2; Metabolic Diseases; Cardiovascular Diseases; Obese; Dyslipidemia",1,genfit,genfit
NCT02532842,Non-Interventional Study of Participants With Newly Diagnosed Schizophrenia Treated With Paliperidone Palmitate,"Janssen Pharmaceutica N.V., Belgium",INDUSTRY,,0,,OBSERVATIONAL,90.0,2015-07,COMPLETED,Schizophrenia,7,janssen pharmaceutica n v belgium,janssen pharmaceutica n v belgium
NCT06716242,Validation of the MaiRa Preeclampsia Test for Screening Early/Late Preeclampsia in First and Second Trimesters,iPremom,INDUSTRY,,0,,OBSERVATIONAL,7473.0,2024-12-02,RECRUITING,Preeclampsia (PE),11,ipremom,ipremom
NCT01392742,An Observational Study on Predictive Factors of Response in Patients With Chronic Hepatitis C Treated With Pegasys (Peginterferon Alfa-2a) and Ribavirin,Hoffmann-La Roche,INDUSTRY,,0,,OBSERVATIONAL,443.0,2011-05-31,COMPLETED,"Hepatitis C, Chronic",9,roche,roche
NCT07228442,L19IL2/L19TNF in Patients With Cutaneous Squamous Cell Carcinoma,Philogen S.p.A.,INDUSTRY,,0,PHASE2,INTERVENTIONAL,92.0,2026-09,RECRUITING,Locally Advanced Cutaneous Squamous Cell Carcinoma,19,philogen s p a,philogen s p a
NCT01166542,Efficacy Study of REOLYSIN® in Combination With Paclitaxel and Carboplatin in Platinum-Refractory Head and Neck Cancers,Oncolytics Biotech,INDUSTRY,,0,PHASE3,INTERVENTIONAL,167.0,2010-06,COMPLETED,"Carcinoma, Squamous Cell of the Head and Neck",77,oncolytics biotech,oncolytics biotech
NCT01803386,Noninvasive Assessment of Neuromuscular Disease Using Electrical Impedance Myography,"Skulpt, Inc.",INDUSTRY,National Institutes of Health (NIH); National Institute of Neurological Disorders and Stroke (NINDS),2,,OBSERVATIONAL,20.0,2013-01,COMPLETED,Amyotrophic Lateral Sclerosis (ALS),1,skulpt,skulpt
NCT07184086,A Study to See How Metabolism is Influenced by Weight Loss Due to Intervention With Cagrilintide and Semaglutide Compared to Diet,Novo Nordisk A/S,INDUSTRY,,0,PHASE1,INTERVENTIONAL,80.0,2025-09-26,RECRUITING,Obesity,2,novo nordisk,novo nordisk
NCT00612170,"A 14-week, Multi-center Study of [S,S]-Reboxetine in Patients With Fibromyalgia.",Pfizer,INDUSTRY,,0,PHASE3,INTERVENTIONAL,1129.0,2007-12,COMPLETED,Fibromyalgia,145,pfizer,pfizer
NCT01242670,Ross River Virus (RRV) Vaccine Study,"Alachua Government Services, Inc.",INDUSTRY,,0,PHASE3,INTERVENTIONAL,1968.0,2011-04,COMPLETED,Prophylaxis of Ross River Virus Infection,17,alachua government services,alachua government services
NCT01071070,Evaluate Safety and Efficacy of Paricalcitol in Reducing Serum Intact Parathyroid Hormone in Chronic Kidney Disease,Abbott,INDUSTRY,,0,PHASE3,INTERVENTIONAL,216.0,2009-11,COMPLETED,Chronic Kidney Disease,12,abbott,abbott
NCT02348970,Efficacy and Compliance of the Mandibular Advancement Devices ONIRIS® vs. Custom Made Devices,ONIRIS,INDUSTRY,,0,,INTERVENTIONAL,211.0,2015-01,COMPLETED,Obstructive Sleep Apnea,10,oniris,oniris
NCT02602470,Preferences & Treatment Satisfaction Drivers in Rosacea Patients,LEO Pharma,INDUSTRY,Bayer,1,,OBSERVATIONAL,206.0,2015-01-08,COMPLETED,Rosacea,1,leo pharma,leo pharma
NCT01304173,Retrospective Chart Review of Valstar,"Endo USA Inc., a Keenova Therapeutics Company",INDUSTRY,,0,,OBSERVATIONAL,113.0,2011-03,COMPLETED,Carcinoma in Situ of Bladder,1,endo usa inc a keenova,endo usa inc a keenova
NCT05322473,Evaluation of Sonelokimab for the Treatment of Patients With Active Moderate to Severe Hidradenitis Suppurativa,MoonLake Immunotherapeutics AG,INDUSTRY,,0,PHASE2,INTERVENTIONAL,234.0,2022-04-25,COMPLETED,Hidradenitis Suppurativa,57,moonlake immunotherapeutics,moonlake immunotherapeutics
NCT01791673,Circular Cyclocoagulation Using HIFU With EYEOP1 Device in Glaucoma Patients,EyeTechCare,INDUSTRY,,0,,INTERVENTIONAL,30.0,2012-11,COMPLETED,Glaucoma,5,eyetechcare,eyetechcare
NCT00983073,Evaluation of Effectiveness and Tolerability of Tapentadol Hydrochloride in Subjects With Severe Pain Due to Osteoarthritis Taking Either WHO Step I or Step II Analgesics or no Regular Analgesic,Grünenthal GmbH,INDUSTRY,,0,PHASE3,INTERVENTIONAL,224.0,2009-09,COMPLETED,Chronic Pain; Osteoarthritis,24,grünenthal,grünenthal
NCT01073969,Study to Determine the Digestive and Physiological Effects of an Extract From Bran in Healthy Men and Women,Kellogg Company,INDUSTRY,Provident Clinical Research; Tufts University; University of Toronto; University of Reading; University of Saskatchewan,5,PHASE4,INTERVENTIONAL,65.0,2009-03,COMPLETED,Healthy,1,kellogg,kellogg
NCT07207369,A Study to Assess the Safety and Effectiveness of ELAPR002f Injectable Gel in Adult Participants With Atrophic Acne Scars,AbbVie,INDUSTRY,,0,PHASE3,INTERVENTIONAL,395.0,2025-10-24,RECRUITING,Acne Scars,10,abbvie,abbvie
NCT04127669,Study Evaluating Efficacy and Safety of OSU6162 in the Treatment of Residual Symptoms After Stroke,Arvid Carlsson Research AB,INDUSTRY,Gottfries Clinic AB,1,PHASE2,INTERVENTIONAL,101.0,2017-03-20,COMPLETED,Stroke Sequelae,1,arvid carlsson research ab,arvid carlsson research ab
NCT04482569,"Study to Evaluate Safety, Tolerability, and Pharmacokinetics of XNW4107 Alone or in Combination With Imipenem/Cilastatin",Evopoint Biosciences Inc.,INDUSTRY,,0,PHASE1,INTERVENTIONAL,88.0,2020-07-10,COMPLETED,Bacterial Infections,1,evopoint,evopoint
NCT00709683,Observational Study to Evaluate the Safety of NovoMix® 30 FlexPen®,Novo Nordisk A/S,INDUSTRY,,0,,OBSERVATIONAL,216.0,2008-05,COMPLETED,"Diabetes; Diabetes Mellitus, Type 2",1,novo nordisk,novo nordisk
NCT06758583,"A Trial Comparing Pharmacokinetics, Safety and Tolerability of Two Subcutaneous Concentrations of Dapiglutide",Zealand Pharma,INDUSTRY,Profil Institut für Stoffwechselforschung GmbH,1,PHASE1,INTERVENTIONAL,30.0,2024-12-23,COMPLETED,Overweight and Obesity,1,zealand,zealand
NCT02242383,Evaluation of Efficacy and Tolerability of Micardis® / MicardisPlus® Under Usual Daily-practice Prescribing in Patients With Hypertension,Boehringer Ingelheim,INDUSTRY,,0,,OBSERVATIONAL,13248.0,2005-01,COMPLETED,Hypertension,0,boehringer,boehringer
NCT06235983,A Study of LY3537982 in Chinese Participants With Advanced Solid Tumors,Eli Lilly and Company,INDUSTRY,,0,PHASE1,INTERVENTIONAL,12.0,2024-02-29,COMPLETED,Advanced Solid Tumors,3,eli lilly,eli lilly
NCT00670241,Efficacy and Safety of Calcipotriol Plus Betamethasone Dipropionate Gel Compared With Tacalcitol Ointment and the Gel Vehicle Alone in Patients With Psoriasis Vulgaris,LEO Pharma,INDUSTRY,,0,PHASE3,INTERVENTIONAL,458.0,2008-04,COMPLETED,Psoriasis Vulgaris,1,leo pharma,leo pharma
NCT01061541,"Immunogenicity, Safety & Reactogenicity of GSK Vaccine Tritanrix™-HepB/Hib2.5 Compared to GSK Vaccine Tritanrix™-HepB/Hiberix™",GlaxoSmithKline,INDUSTRY,,0,PHASE2,INTERVENTIONAL,192.0,2003-08,COMPLETED,Haemophilus Influenzae Type b,1,gsk,gsk
NCT03526341,Post Market Clinical Follow Up Study for ReliaTack™ Articulating Reloadable Fixation Device With Deep Purchase Tacks,Medtronic - MITG,INDUSTRY,,0,,OBSERVATIONAL,116.0,2018-04-25,COMPLETED,Inguinal Hernia; Ventral Hernia,1,medtronic mitg,medtronic mitg
NCT00805441,A Study in the Treatment of Alcohol Dependence.,Eli Lilly and Company,INDUSTRY,,0,PHASE2,INTERVENTIONAL,190.0,2008-12,COMPLETED,Alcohol Dependence,21,eli lilly,eli lilly
NCT06556654,Tissue Reinforcement for Breast Reconstruction (TRBR) Pivotal Clinical Study (REDEFINE),W.L.Gore & Associates,INDUSTRY,Avania,1,,INTERVENTIONAL,180.0,2025-04-09,RECRUITING,Breast Reconstruction Surgery,20,w l gore and associates,w l gore and associates
NCT00306254,Evaluation of PD 0348292 for Preventing Blood Clots in the Lungs or Deep Leg Veins of Patients After Knee Surgery,Pfizer,INDUSTRY,,0,PHASE2,INTERVENTIONAL,1225.0,2006-03,COMPLETED,Venous Thrombosis,134,pfizer,pfizer
NCT00984854,Investigation Into the Safety of Intradermal Juvidex (M6P) Administered to Wounds of Healthy Subjects,Renovo,INDUSTRY,,0,PHASE1,INTERVENTIONAL,70.0,2004-01,COMPLETED,Cicatrix; Re-epithelialisation,1,renovo,renovo
NCT00128505,An International Extension Study of Corlux for Recurrent Psychotic Symptoms in Psychotic Major Depression,Corcept Therapeutics,INDUSTRY,,0,PHASE3,INTERVENTIONAL,104.0,2005-08,COMPLETED,Major Depressive Disorder; Psychotic Disorders,19,corcept,corcept
NCT01682005,Study to Analyze the Clinical and Cost Impact of Complete and Incomplete Rotavirus (RV) Vaccination,GlaxoSmithKline,INDUSTRY,,0,,OBSERVATIONAL,1.0,2012-08,COMPLETED,"Infections, Rotavirus",0,gsk,gsk
NCT07416994,Pivotal Study to Evaluate YL202 Versus Docetaxel in Patients With Locally Advanced or Metastatic EGFR Sensitive Mutation Non-Squamous Non-Small Cell Lung Cancer,"MediLink Therapeutics (Suzhou) Co., Ltd.",INDUSTRY,,0,PHASE3,INTERVENTIONAL,440.0,2026-03-18,RECRUITING,Non-Small Cell Lung Cancer,2,medilink therapeutics suzhou,medilink therapeutics suzhou
NCT04023994,"A Single Ascending Dose Study to Investigate the Safety, Tolerability, Immunogenicity and Pharmacokinetics of Intravenously Administered RO7126209 in Healthy Participants",Hoffmann-La Roche,INDUSTRY,,0,PHASE1,INTERVENTIONAL,36.0,2019-08-03,COMPLETED,Alzheimers Disease,1,roche,roche
NCT03960866,Safety and Efficacy of Ophthalmic Phentolamine Mesylate in Glaucoma,"Ocuphire Pharma, Inc.",INDUSTRY,,0,PHASE2,INTERVENTIONAL,39.0,2019-05-28,COMPLETED,Open Angle Glaucoma; Ocular Hypertension,5,ocuphire,ocuphire
NCT03322566,A Study of Pembrolizumab Plus Epacadostat With Platinum-based Chemotherapy Versus Pembrolizumab Plus Platinum-based Chemotherapy Plus Placebo in Metastatic Non-Small Cell Lung Cancer (KEYNOTE-715-06/ECHO-306-06),Incyte Corporation,INDUSTRY,Merck Sharp & Dohme LLC,1,PHASE2,INTERVENTIONAL,233.0,2018-01-09,COMPLETED,Lung Cancer,94,incyte,incyte
NCT00950066,Irbesartan and Amlodipine Combination in Controlling Blood Pressure,Sanofi,INDUSTRY,,0,PHASE2,INTERVENTIONAL,270.0,2009-07,COMPLETED,Hypertension,4,sanofi,sanofi
NCT02040766,A Safety and Efficacy Study of Beclomethasone Dipropionate Delivered Via Breath-Actuated Inhaler (BAI) or Metered-Dose Inhaler (MDI) in Participants Ages 4-11 Years Old With Persistent Asthma,"Teva Branded Pharmaceutical Products R&D, Inc.",INDUSTRY,,0,PHASE3,INTERVENTIONAL,628.0,2013-12,COMPLETED,Asthma,102,teva branded pharmaceutical products r and d,teva branded pharmaceutical products r and d
NCT01917656,Efficacy and Safety of Liraglutide Versus Sulphonylurea Both in Combination With Metformin During Ramadan in Subjects With Type 2 Diabetes,Novo Nordisk A/S,INDUSTRY,,0,PHASE4,INTERVENTIONAL,343.0,2014-01-09,COMPLETED,"Diabetes; Diabetes Mellitus, Type 2",41,novo nordisk,novo nordisk
NCT07667322,"A Study to Investigate the Safety, Tolerability, Pharmacokinetics, Immunogenicity, and Pharmacodynamics of a New Subcutaneous Formulation of Ocrelizumab in Participants With Multiple Sclerosis",Hoffmann-La Roche,INDUSTRY,,0,PHASE1,INTERVENTIONAL,75.0,2024-12-17,ACTIVE_NOT_RECRUITING,Multiple Sclerosis,12,roche,roche
NCT00586651,Open-Label Study of Oral CEP-701 (Lestaurtinib) in Patients With Polycythemia Vera or Essential Thrombocytosis,Cephalon,INDUSTRY,,0,PHASE2,INTERVENTIONAL,39.0,2007-12,COMPLETED,Polycythemia Vera; Essential Thrombocytosis,4,cephalon,cephalon
NCT07173751,ROSETTA Breast-01: The Effects and Safety of Pumitamig in Patients With Triple-Negative Breast Cancer,BioNTech SE,INDUSTRY,Bristol-Myers Squibb,1,PHASE3,INTERVENTIONAL,558.0,2025-10-30,RECRUITING,Breast Neoplasms,161,biontech se,biontech se
NCT01647451,"A Randomised, Double-blind, Placebo-controlled, Parallel-group Trial to Assess Clinical Efficacy of NNC0114-0006 in Subjects With Active Rheumatoid Arthritis",Novo Nordisk A/S,INDUSTRY,,0,PHASE2,INTERVENTIONAL,62.0,2012-09,COMPLETED,Inflammation; Rheumatoid Arthritis,33,novo nordisk,novo nordisk
NCT00994851,Evaluation of Cassia Fistula + Senna Alexandrina Miller in the Chronic Functional Constipation Treatment.,Sanofi,INDUSTRY,,0,PHASE3,INTERVENTIONAL,96.0,2009-09,COMPLETED,Constipation,1,sanofi,sanofi
NCT06829329,Study to Evaluate the Efficacy and Safety of AHB-137 in Treatment-naive Participants With Chronic Hepatitis B (CHB),"Ausper Biopharma Co., Ltd.",INDUSTRY,,0,PHASE2,INTERVENTIONAL,105.0,2024-12-13,ACTIVE_NOT_RECRUITING,Chronic Hepatitis B,6,ausper,ausper
NCT05971329,Pilot Study of ZetaFuse™ Bone Graft for the Treatment of Cervical Degenerative Disc Disease,"Zetagen Therapeutics, Inc",INDUSTRY,,0,,INTERVENTIONAL,10.0,2026-09,RECRUITING,"Radiculopathy, Cervical; Myelopathy Cervical; Neurological Abnormality; Disc Disease; Disc Degeneration",2,zetagen,zetagen
NCT06633029,Retrospective Analysis of Prismaflex HF20 Set Versus ppCRRT Registry,Vantive Health LLC,INDUSTRY,Baxter Healthcare Corporation,1,,OBSERVATIONAL,59.0,2024-12-11,COMPLETED,Acute Renal Failure (ARF); Acute Kidney Injury (AKI); Fluid Overload in Dialysis Patients,5,vantive,vantive
NCT02441829,Pharmacokinetics of Eleclazine in Adults With Normal and Impaired Renal Function,Gilead Sciences,INDUSTRY,,0,PHASE1,INTERVENTIONAL,55.0,2015-05,COMPLETED,Long QT Syndrome,7,gilead,gilead
NCT01260129,Safety and Efficacy of QD Versus BID Silodosin With Lower Urinary Tract Symptoms Suggestive of BPH,JW Pharmaceutical,INDUSTRY,,0,PHASE4,INTERVENTIONAL,424.0,2010-10,COMPLETED,Benign Prostatic Hypertrophy,14,jw pharmaceutical,jw pharmaceutical
NCT00721331,A Phase I Study to Assess the Safety and Tolerability of Topical CRx-197 Formulations in Healthy Volunteers,Zalicus,INDUSTRY,,0,PHASE1,INTERVENTIONAL,20.0,2008-07,COMPLETED,Atopic Dermatitis,1,zalicus,zalicus
NCT03078231,Pilot Assessment of EyeArt as an Automated Diabetic Retinopathy Screening Tool,"Eyenuk, Inc.",INDUSTRY,National Eye Institute (NEI),1,,OBSERVATIONAL,52.0,2017-02-17,COMPLETED,Diabetic Retinopathy,1,eyenuk,eyenuk
NCT04543331,Observational Study to Evaluate Fluid Resolution and Effectiveness in Patients Receiving Beovu in Neovascular Age-related Macular Degeneration and Visual Impairment Due to Diabetic Macular Edema,Novartis Pharmaceuticals,INDUSTRY,,0,,OBSERVATIONAL,572.0,2020-11-05,COMPLETED,Neovascular Age-related Macular Degeneration (nAMD); Diabetic Macular Edema (DME),41,novartis,novartis
NCT00821431,Compression Device Versus 4-layer Compression System,ConvaTec Inc.,INDUSTRY,,0,PHASE2,INTERVENTIONAL,90.0,2006-05,COMPLETED,Leg Ulcers,20,convatec,convatec
NCT00642031,"Triciribine Phosphate Monohydrate (TCN-PM, VD-0002) in Adult Patients With Advanced Hematologic Malignancies","Prescient Therapeutics, Ltd.",INDUSTRY,VioQuest Pharmaceuticals,1,PHASE1,INTERVENTIONAL,20.0,2006-08,COMPLETED,Hematologic Malignancies; Leukemia,2,prescient,prescient
NCT01455402,An Observational Study to Assess RSV-associated Illness in Adults With COPD and/or CHF,MedImmune LLC,INDUSTRY,AstraZeneca,1,,OBSERVATIONAL,476.0,2010-07,COMPLETED,"Respiratory Syncytial Virus, Chronic Obstructive Pulmonary Disease, Congestive Heart Failure",60,astrazeneca,astrazeneca
NCT03278002,A Registry for Patients Taking Uptravi,Actelion,INDUSTRY,,0,,OBSERVATIONAL,800.0,2016-11-01,COMPLETED,Pulmonary Arterial Hypertension,85,actelion,actelion
NCT03790202,VistaCare® in the Treatment of Wounds of the Lower Extremity,DTAMedical SAS,INDUSTRY,,0,,OBSERVATIONAL,30.0,2019-02-18,COMPLETED,Wound Heal,5,dtamedical sas,dtamedical sas
NCT05803902,An Evaluation of 9MW1911 Injection in Healthy Subjects,"Mabwell (Shanghai) Bioscience Co., Ltd.",INDUSTRY,,0,PHASE1,INTERVENTIONAL,48.0,2021-12-15,COMPLETED,Asthma; COPD; Atopic Dermatitis,1,mabwell shanghai,mabwell shanghai
NCT04354402,Follow-up Study of SyB L-0501 in Combination With Rituximab to Treat DLBCL,SymBio Pharmaceuticals,INDUSTRY,,0,,OBSERVATIONAL,25.0,2020-03-26,COMPLETED,Diffuse Large B Cell Lymphoma,17,symbio,symbio
NCT04564053,"Study of Safety, Tolerability and Pharmacokinetics of LNA043 in Japanese Osteoarthritis Participants",Novartis Pharmaceuticals,INDUSTRY,,0,PHASE1,INTERVENTIONAL,12.0,2020-09-23,COMPLETED,Osteoarthritis; Knee,2,novartis,novartis
NCT01081353,Pharmacokinetic Study Comparing Aspirin and Effervescent Aspirin,Bayer,INDUSTRY,,0,PHASE1,INTERVENTIONAL,26.0,2010-02,COMPLETED,Pharmacokinetics,1,bayer,bayer
NCT04224753,INVSENSOR00027 Fall Detection Clinical Performance Study,Masimo Corporation,INDUSTRY,,0,,INTERVENTIONAL,51.0,2019-12-11,COMPLETED,Healthy,1,masimo,masimo
NCT00250653,A Fifty-two-week Study to Evaluate the Safety of Saredutant in Adult and Elderly Patients With Depression,Sanofi,INDUSTRY,,0,PHASE3,INTERVENTIONAL,365.0,2005-05,COMPLETED,Depressive Disorder,1,sanofi,sanofi
NCT06189053,A Study to Assess Long-term Outcomes of Myocarditis Following Administration of COVID-19 mRNA Vaccine (SPIKEVAX),"ModernaTX, Inc.",INDUSTRY,,0,,OBSERVATIONAL,1500.0,2022-04-30,ACTIVE_NOT_RECRUITING,Myocarditis,1,modernatx,modernatx
NCT02209753,BIRB 796 BS Versus Placebo in Patients With Moderate to Severs Plaque-type Psoriasis,Boehringer Ingelheim,INDUSTRY,,0,PHASE2,INTERVENTIONAL,182.0,2001-06,COMPLETED,Psoriasis,0,boehringer,boehringer
NCT00841815,Amlodipine 10 mg Tablets Under Fed Conditions,Teva Pharmaceuticals USA,INDUSTRY,,0,PHASE1,INTERVENTIONAL,28.0,2003-04,COMPLETED,Healthy,1,teva,teva
NCT01541215,"Efficacy and Safety of Liraglutide in Combination With Metformin Compared to Metformin Alone, in Children and Adolescents With Type 2 Diabetes",Novo Nordisk A/S,INDUSTRY,,0,PHASE3,INTERVENTIONAL,135.0,2012-11-13,COMPLETED,"Diabetes; Diabetes Mellitus, Type 2",185,novo nordisk,novo nordisk
NCT06688435,A Study to Evaluate the Safety and Preliminary Efficacy of SYS6020 CAR T-cells in Patients With Refractory Generalized Myasthenia Gravis,"CSPC ZhongQi Pharmaceutical Technology Co., Ltd.",INDUSTRY,,0,PHASE1,INTERVENTIONAL,60.0,2025-03-04,RECRUITING,Myasthenia Gravis,1,cspc zhongqi pharmaceutical technology,cspc zhongqi pharmaceutical technology
NCT02406235,Evaluating a Novel Onco-genetic BRCA Testing Counselling Model Among Patients With Ovarian Cancer,AstraZeneca,INDUSTRY,"Optum, Inc.",1,,OBSERVATIONAL,710.0,2015-04-21,COMPLETED,Epithelial Ovarian/Fallopian Tube/Primary Peritoneal Cancer,26,astrazeneca,astrazeneca
NCT05439408,"Comparative Bioavailability of XS004 (Dasatinib) Formulation G and SPRYCEL® (Dasatinib) in Healthy, Adult Subjects Under Fasting Conditions",Xspray Pharma AB,INDUSTRY,QPS Bioserve India Pvt Limited,1,PHASE1,INTERVENTIONAL,110.0,2021-06-07,COMPLETED,Biological Availability,1,xspray pharma ab,xspray pharma ab
NCT04983043,Efficacy and Safety of QiShen YiQi Dripping Pills in Chronic Heart Failure,"Tasly Pharmaceutical Group Co., Ltd",INDUSTRY,,0,PHASE2,INTERVENTIONAL,228.0,2021-06-10,COMPLETED,Chronic Heart Failure With Reduced Ejection Fraction,23,tasly,tasly
NCT01682876,"Immunogenicity, Safety and 1 Year Persistence of Antibodies After Either One or Two Doses of Meningococcal ACWY Conjugate Vaccine in Healthy Children 2 Through 10 Years of Age.",GlaxoSmithKline,INDUSTRY,,0,PHASE3,INTERVENTIONAL,715.0,2012-10-07,COMPLETED,"Meningococcal Disease; Infections, Meningococcal",19,gsk,gsk
NCT02596217,"Safety, Tolerability and Pharmacokinetics of BI 655066/ABBV-066 (Risankizumab) in Healthy Asian and Caucasian Male Volunteers",AbbVie,INDUSTRY,Boehringer Ingelheim,1,PHASE1,INTERVENTIONAL,80.0,2015-08,COMPLETED,Healthy,2,abbvie,abbvie
NCT05982717,"A Study to Gather Information About Overall Occurrence and New Cases of Dravet and Lennox-Gastaut Syndromes in Children, Teenagers and Adults in Spain",Takeda,INDUSTRY,,0,,OBSERVATIONAL,237.0,2023-10-26,COMPLETED,Dravet Syndrome (DS); Lennox-Gastaut Syndrome (LGS),4,takeda,takeda
NCT00119717,Safety and Efficacy of NeuroFlo Technology in Ischemic Stroke (SENTIS),CoAxia,INDUSTRY,,0,PHASE3,INTERVENTIONAL,515.0,2005-06,COMPLETED,Cerebrovascular Accident,72,coaxia,coaxia
NCT01313689,Ofatumumab vs Physician's Choice in Subjects With Bulky Fludarabine-Refractory Chronic Lymphocytic Leukemia,Novartis Pharmaceuticals,INDUSTRY,,0,PHASE3,INTERVENTIONAL,122.0,2011-04-14,COMPLETED,Leukaemia,80,novartis,novartis
NCT05664750,Study to Compare the Efficacy and Safety of Passive Immunization With TNM002 Injection and Human Tetanus Immunoglobulin as Prophylaxis Against Tetanus,"Zhuhai Trinomab Pharmaceutical Co., Ltd.",INDUSTRY,,0,PHASE3,INTERVENTIONAL,675.0,2022-12-22,COMPLETED,Tetanus,28,zhuhai trinomab,zhuhai trinomab
NCT01423318,A Study of Lebrikizumab in Healthy Japanese and Caucasian Volunteers,"Genentech, Inc.",INDUSTRY,,0,PHASE1,INTERVENTIONAL,60.0,2011-08,COMPLETED,Healthy Volunteer,1,roche,roche
NCT03209518,"Special Drug Use Surveillance of Leuprorelin for Injection Kit 22.5 mg in ""Premenopausal Breast Cancer""",Takeda,INDUSTRY,,0,,OBSERVATIONAL,312.0,2016-03-18,COMPLETED,Premenopausal Breast Cancer,1,takeda,takeda
NCT01279590,Study of the Safety and Tolerability Associated With PPD10558 Versus Atorvastatin in Patients Previously Intolerant to Statins Due to Statin-associated Myalgia (SAM),"Furiex Pharmaceuticals, Inc",INDUSTRY,,0,PHASE2,INTERVENTIONAL,282.0,2011-03,COMPLETED,Myalgia; Hypercholesterolemia; Hyperlipidemia,67,furiex,furiex
NCT06088290,Study of Lurbinectedin in Combination With Doxorubicin Versus Doxorubicin Alone as First-line Treatment in Participants With Metastatic Leiomyosarcoma (SaLuDo),PharmaMar,INDUSTRY,,0,PHASE3,INTERVENTIONAL,469.0,2023-09-21,ACTIVE_NOT_RECRUITING,Leiomyosarcoma,97,pharmamar,pharmamar
NCT02112890,"Study to Assess Seroprevalence of Hepatitis A, Hepatitis B and Bordetella Pertussis in Mexico",GlaxoSmithKline,INDUSTRY,,0,,OBSERVATIONAL,1603.0,2014-12-10,COMPLETED,Hepatitis A; Viral Hepatitis Vaccines,1,gsk,gsk
NCT06037590,A Pilot Comparative Bioavailability Study of Levodopa Administered Via Levodopa Cyclops® Relative to INBRIJA®,PureIMS B.V.,INDUSTRY,Cooperative Clinical Drug Research and Development AG (CCDRD AG),1,PHASE1,INTERVENTIONAL,26.0,2023-09-25,COMPLETED,Parkinson; Parkinson Disease; Parkinson's Disease and Parkinsonism,1,pureims b v,pureims b v
NCT01348490,"Ruxolitinib (INCB018424) in Participants With Primary Myelofibrosis (PMF), Post Essential Thrombocythemia-myelofibrosis and Post Polycythemia Vera-myelofibrosis (PPV-MF)",Incyte Corporation,INDUSTRY,,0,PHASE2,INTERVENTIONAL,66.0,2011-06-15,COMPLETED,MPN (Myeloproliferative Neoplasms),38,incyte,incyte
NCT06656897,Preliminary Clinical Trial- FallScape-D,Brookside Research & Development Company,INDUSTRY,National Institute on Aging (NIA),1,EARLY_PHASE1,INTERVENTIONAL,24.0,2024-03-12,ACTIVE_NOT_RECRUITING,Falls,1,brookside research and,brookside research and
NCT05594797,Human BCMA Targeted T Cells Injection（BCMA CAR-T）for Subjects With R/R MM,"Hrain Biotechnology Co., Ltd.",INDUSTRY,Shanghai Changzheng Hospital; First Affiliated Hospital of Wenzhou Medical University,2,PHASE2,INTERVENTIONAL,100.0,2022-07-12,RECRUITING,Multiple Myeloma,2,hrain biotechnology,hrain biotechnology
NCT00631410,Study Of Sunitinib In Combination With Folfox In Patients With Colorectal Cancer,Pfizer,INDUSTRY,,0,PHASE1,INTERVENTIONAL,12.0,2008-01,COMPLETED,Colorectal Neoplasms,3,pfizer,pfizer
NCT03453060,Safety and Tolerability Study of E-WE Thrombin in Healthy Adult Subjects,"Aronora, Inc.",INDUSTRY,,0,PHASE1,INTERVENTIONAL,21.0,2018-05-30,COMPLETED,Thrombosis,1,aronora,aronora
NCT07734220,Evaluation of Two Heel Protection Devices to Assess Off-loading Via Pressure Mapping.,Medline Industries,INDUSTRY,,0,,OBSERVATIONAL,25.0,2026-07-08,COMPLETED,Pressure Injuries,1,medline industries,medline industries
NCT04770220,An Efficacy and Safety Study of ALZ-801 in APOE4/4 Early AD Subjects,Alzheon Inc.,INDUSTRY,National Institute on Aging (NIA),1,PHASE3,INTERVENTIONAL,325.0,2021-05-19,COMPLETED,Early Alzheimer's Disease,95,alzheon,alzheon
NCT00202020,Efficacy and Safety Study of Cilostazol to Prevent Reoccurrence of Stroke,Otsuka Beijing Research Institute,INDUSTRY,"Zhejiang Otsuka Pharmaceutical Co., Ltd.",1,PHASE3,INTERVENTIONAL,720.0,2004-05,COMPLETED,Cerebral Infarction,12,otsuka beijing research institute,otsuka beijing research institute
NCT06309420,Clinical Trial to Evaluate Efficacy and Safety of a Cryogenic Medical Device for Treatment of Common and Plantar Warts,Oystershell NV,INDUSTRY,,0,,INTERVENTIONAL,54.0,2019-11-07,COMPLETED,Warts,1,oystershell,oystershell
NCT07231120,"A Phase I Clinical Study Evaluating the Safety, Tolerability, Pharmacokinetic Characteristics, and Preliminary Efficacy of SXRN Injection in Patients With Cancer Cachexia","Jiangsu Nutai Biologics Co., Ltd",INDUSTRY,"Jiangsu GQ Pharma Co., Ltd.",1,PHASE1,INTERVENTIONAL,54.0,2025-11-17,RECRUITING,Cachexia-Anorexia Syndrome; Solid Tumor Malignancies,1,jiangsu nutai biologics,jiangsu nutai biologics
NCT06604624,Semaglutide in Treatment of Obesity,"CSPC Baike (Shandong) Biopharmaceutical Co., Ltd.",INDUSTRY,,0,PHASE3,INTERVENTIONAL,462.0,2024-09-20,COMPLETED,Weight Management,1,cspc baike shandong biopharmaceutical,cspc baike shandong biopharmaceutical
NCT06655324,"A Study to Evaluate Safety, Tolerability, and Immunogenicity of V350A and V350B in Healthy Participants (V350-001).",Merck Sharp & Dohme LLC,INDUSTRY,,0,PHASE1,INTERVENTIONAL,250.0,2024-12-05,RECRUITING,Healthy,9,merck,merck
NCT03995524,Spasticity and Treatment Satisfaction Among Stroke Survivors,Ipsen,INDUSTRY,,0,,OBSERVATIONAL,30.0,2019-07-20,COMPLETED,Spasticity as Sequela of Stroke,1,ipsen,ipsen
NCT00648323,Evaluation Of The Efficacy And Safety Of The Doxasozin Gastrointestinal Therapeutic System (GITS) In Patients With Prostate Enlargement,Pfizer's Upjohn has merged with Mylan to form Viatris Inc.,INDUSTRY,,0,PHASE4,INTERVENTIONAL,80.0,2003-11,COMPLETED,Prostate,4,pfizer s upjohn has merged with mylan to form viatris,pfizer s upjohn has merged with mylan to form viatris
NCT04878523,Investigation of the Efficacies of Multi Berries Juice on Anti Oxidant Effect and Improvement of Skin Conditions,"TCI Co., Ltd.",INDUSTRY,,0,,INTERVENTIONAL,40.0,2020-11-09,COMPLETED,Skin Condition; Anti Oxidative Stress,1,tci co,tci co
NCT01433523,House Dust Mite Treatment of Asthma. The MITRA Trial House Dust Mite Treatment of Asthma,ALK-Abelló A/S,INDUSTRY,Ergomed; ACM Pivotal Global Central Laboratory,2,PHASE3,INTERVENTIONAL,834.0,2011-08,COMPLETED,Asthma,1,alk abelló,alk abelló
NCT00069459,Seasonal Affective Depression (SAD) Study,GlaxoSmithKline,INDUSTRY,,0,PHASE1,INTERVENTIONAL,250.0,2003-09-23,COMPLETED,Depressive Disorder,48,gsk,gsk
NCT03852459,Controlled Study to Assess the Efficacy and Safety of S-Ibuprofen Topical Gel 5% (AP0302) in the Treatment of DOMS,"Aponia Laboratories, Inc.",INDUSTRY,,0,PHASE2,INTERVENTIONAL,251.0,2018-01-12,COMPLETED,"Pain, Acute",1,aponia,aponia
NCT06209580,AMT-253 in Patients With Advanced Solid Tumours,Multitude Therapeutics Inc.,INDUSTRY,,0,PHASE1; PHASE2,INTERVENTIONAL,96.0,2024-01-31,RECRUITING,Malignant Melanoma; Advanced Solid Tumors,1,multitude,multitude
NCT03214380,A Study of LY900014 Compared to Insulin Lispro in Participants With Type 2 Diabetes,Eli Lilly and Company,INDUSTRY,,0,PHASE3,INTERVENTIONAL,933.0,2017-07-14,COMPLETED,Type 2 Diabetes Mellitus,141,eli lilly,eli lilly
NCT01386580,"An Open-label, Phase I/IIa, Dose Escalating Study of 2B3-101 in Patients With Solid Tumors and Brain Metastases or Recurrent Malignant Glioma.",BBB-Therapeutics B.V.,INDUSTRY,,0,PHASE1; PHASE2,INTERVENTIONAL,84.0,2011-07,COMPLETED,Brain Metastases; Lung Cancer; Breast Cancer; Melanoma; Malignant Glioma,10,bbb therapeutics b v,bbb therapeutics b v
NCT06115980,Safety and Preliminary Performance of Xtrac O.S. System for Lead Extraction.,Xtrac O.S.,INDUSTRY,KCRI; Scopus Research,2,,INTERVENTIONAL,10.0,2023-08-27,RECRUITING,Bradycardia,1,xtrac o s,xtrac o s
NCT02385279,Study Comparing the MiStent SES Versus the XIENCE EES Stent,ECRI bv,INDUSTRY,Micell Technologies; Stentys,2,,INTERVENTIONAL,1398.0,2015-03-20,COMPLETED,Coronary Stenosis,20,ecri,ecri
NCT00834379,Bioavailability Study of Pravastatin Sodium 40 mg Tablets Under Fasting Conditions,Teva Pharmaceuticals USA,INDUSTRY,,0,PHASE1,INTERVENTIONAL,58.0,2000-09,COMPLETED,Healthy,1,teva,teva
NCT00523679,Symbicort SMART (Symbicort Maintenance And Reliever Therapy),AstraZeneca,INDUSTRY,,0,,OBSERVATIONAL,2000.0,2007-07,COMPLETED,Asthma,3,astrazeneca,astrazeneca
NCT04028479,The Registry of Oncology Outcomes Associated With Testing and Treatment,Taproot Health,INDUSTRY,,0,,OBSERVATIONAL,167.0,2021-05-05,COMPLETED,"Adenocarcinoma; Adenocystic Carcinoma; Anal Cancer; Appendix Cancer; Brain Tumor; Glioblastoma; Astrocytoma; Bile Duct Cancer; Cholangiocarcinoma; Bladder Cancer; Bone Cancer; Synovial Sarcoma; Chondrosarcoma; Liposarcoma; Sarcoma, Kaposi; Sarcoma,Soft Tissue; Sarcoma; Osteosarcoma; CNS Cancer; Brain Stem Neoplasms; Breast Cancer; Cervical Cancer; Colorectal Cancer; Rectal Cancer; Colon Cancer; Esophageal Cancer; Esophagus Cancer; Cancer of Colon; Pancreatic Cancer; Cancer of Pancreas; Testis Cancer; Testicular Cancer; Ureter Cancer; Renal Cell Carcinoma; Kidney Cancer; Gestational Trophoblastic Tumor; Head and Neck Neoplasms; Parotid Tumor; Larynx Cancer; Tongue Cancer; Pharynx Cancer; Salivary Gland Cancer; Acute Myeloid Leukemia; Chronic Myeloid Leukemia; Acute Lymphoblastic Leukemia; Multiple Myeloma; Non Hodgkin Lymphoma; Carcinoid Tumor; Lung Cancer; Neuroendocrine Tumors; Mesothelioma; Thyroid Cancer; Parathyroid Neoplasms; Adrenal Cancer; Small Bowel Cancer; Stomach Cancer; Liver Cancer; Hepatic Cancer; Melanoma; Skin Cancer; Unknown Primary Tumors; Uterine Cancer; Fallopian Tube Cancer; Ovarian Cancer; Prostate Cancer; Vaginal Cancer; Penile Cancer; Vulvar Cancer; Waldenstrom Macroglobulinemia; Cancer, Advanced; Thymus Cancer; Nasopharyngeal Carcinoma; Multiple Endocrine Neoplasia; Pheochromocytoma; Small Cell Carcinoma; Pulmonary Carcinoma",2,taproot,taproot
NCT04492579,Newborns Supplemented With Gentle-UHT Donor Milk,"LactaLogics, Inc",INDUSTRY,Renown Regional Medical Center,1,,INTERVENTIONAL,31.0,2018-08-03,COMPLETED,Newborns; Breast Milk Expression,1,lactalogics,lactalogics
NCT01854996,Relative Bioavailability With PF-05089771 Capsule Versus Oral Dispersion,Pfizer,INDUSTRY,,0,PHASE1,INTERVENTIONAL,12.0,2013-05,COMPLETED,Healthy,1,pfizer,pfizer
NCT00301496,Randomized Controlled 8-week Crossover Evaluation of Compression Bandage Systems for Venous Leg Ulcers,Solventum US LLC,INDUSTRY,3M,1,,INTERVENTIONAL,80.0,2006-03,COMPLETED,Venous Ulcer,10,solventum us,solventum us
NCT04596696,"Evaluate Immunogenicity, Safety, and Reactogenicity of Rotavac in Healthy Infants in Vietnam",Bharat Biotech International Limited,INDUSTRY,,0,PHASE3,INTERVENTIONAL,360.0,2017-12-20,COMPLETED,Rotavirus Gastroenteritis,1,bharat biotech,bharat biotech
NCT06532396,A Study Evaluating Multiple Ascending Doses of QRL-101 in Healthy Participants,QurAlis Corporation,INDUSTRY,,0,PHASE1,INTERVENTIONAL,60.0,2024-07-01,COMPLETED,Healthy Volunteers,1,quralis,quralis
NCT01107496,Evaluation of Immediate-Release Viloxazine in Adults With ADHD,"Supernus Pharmaceuticals, Inc.",INDUSTRY,,0,PHASE1; PHASE2,INTERVENTIONAL,52.0,2010-06,COMPLETED,Attention-Deficit/Hyperactivity Disorder (ADHD),4,supernus,supernus
NCT02729896,"A Study Evaluating Safety and Efficacy of Obinutuzumab, Polatuzumab Vedotin (Pola), and Atezolizumab (Atezo) in Participants With Relapsed or Refractory Follicular Lymphoma (FL) and Rituximab, Atezo, and Pola in Participants With Relapsed or Refractory Diffuse Large B-Cell Lymphoma (DLBCL)",Hoffmann-La Roche,INDUSTRY,,0,PHASE1; PHASE2,INTERVENTIONAL,36.0,2016-11-09,COMPLETED,Lymphoma,19,roche,roche
NCT04903496,Clinical Characteristics and Disease Burden of Diabetic Patients Based on Tianjin Regional Database,Boehringer Ingelheim,INDUSTRY,Chengdu Big Data Association,1,,OBSERVATIONAL,1233162.0,2021-09-06,COMPLETED,Diabetes,1,boehringer,boehringer
NCT05594446,Morphometric Study of the Legs and Feet of Diabetic Patients in Order to Collect Data Intended to be Used to Measure by Dynamometry the Pressures Exerted by Several Medical Compression Socks at the Level of the Forefoot,Sigvaris France,INDUSTRY,Clin-Experts,1,,OBSERVATIONAL,89.0,2022-09-09,COMPLETED,Diabetes,1,sigvaris france,sigvaris france
NCT00320346,Phase II Study of Pandemic Influenza Vaccine,Seqirus,INDUSTRY,,0,PHASE2,INTERVENTIONAL,400.0,2006-07,COMPLETED,Influenza,3,seqirus,seqirus
NCT02999646,Personalized and Cell-based Antitumor Immunization MVX-ONCO-1 in Advanced HNSCC,Maxivax SA,INDUSTRY,European Commission,1,,INTERVENTIONAL,16.0,2018-07-25,COMPLETED,Head and Neck Squamous Cell Carcinoma,4,maxivax,maxivax
NCT02433288,Rosuvastatin Adherence App Study in China,AstraZeneca,INDUSTRY,,0,,INTERVENTIONAL,885.0,2015-07-20,COMPLETED,Dyslipidemia; Hyperlipidemia,25,astrazeneca,astrazeneca
NCT04494503,Study of APG2575 Single Agent and Combination Therapy in Patients With Relapsed/Refractory CLL/SLL,Ascentage Pharma Group Inc.,INDUSTRY,,0,PHASE1; PHASE2,INTERVENTIONAL,123.0,2020-08-31,RECRUITING,Chronic Lymphocytic Leukemia; Small Lymphocytic Lymphoma,18,ascentage,ascentage
NCT02017327,Safety and Efficacy Assessment of Monoprost® in Comparison With Lumigan® 0.01 % and Lumigan® 0.03% Unit Dose,Laboratoires Thea,INDUSTRY,,0,PHASE4,INTERVENTIONAL,379.0,2013-12,COMPLETED,Primary Open Angle Glaucoma; Ocular Hypertension,1,laboratoires thea,laboratoires thea
NCT04641442,"Study to Evaluate the Efficacy, Safety and Tolerability of MAS825 in Patients With Monogenic IL-18 Driven Autoinflammatory Diseases, Including NLRC4-GOF, XIAP Deficiency, or CDC42 Mutations",Novartis Pharmaceuticals,INDUSTRY,,0,PHASE2,INTERVENTIONAL,17.0,2020-12-18,ACTIVE_NOT_RECRUITING,"NLRC4-GOF, AIFEC (Autoinflammation With Infantile Enterocolitis), XIAP Deficiency, CDC42 Mutations",12,novartis,novartis
NCT00775242,Efficacy and Safety of Estradiol and Progesterone Microspheres for the Treatment of Climacteric Symptoms.,"Centro A.F. de Estudios Tecnologicos, S.A.",INDUSTRY,,0,PHASE2; PHASE3,INTERVENTIONAL,103.0,2007-04,COMPLETED,Menopause,1,centro a f de estudios tecnologicos s a,centro a f de estudios tecnologicos s a
NCT02201342,Pharmacokinetic/Pharmacodynamic Study of Udenafil in Adolescents,Mezzion Pharma Co. Ltd,INDUSTRY,"National Heart, Lung, and Blood Institute (NHLBI); Pediatric Heart Network",2,PHASE1; PHASE2,INTERVENTIONAL,36.0,2014-07,COMPLETED,Single Ventricle Heart Disease After Fontan Surgery,6,mezzion,mezzion
NCT04144842,Phase 1 Study in Patients With Advanced Solid Malignancies to Evaluate the Safety of ATOR-1017,Alligator Bioscience AB,INDUSTRY,,0,PHASE1,INTERVENTIONAL,27.0,2019-12-03,COMPLETED,Solid Tumor; Neoplasms,3,alligator bioscience ab,alligator bioscience ab
NCT00286442,Efficacy and Safety of Alogliptin Combined With Metformin in Participants With Type 2 Diabetes Mellitus,Takeda,INDUSTRY,,0,PHASE3,INTERVENTIONAL,527.0,2006-03,COMPLETED,Diabetes Mellitus,56,takeda,takeda
NCT04993586,Phase I/II Study of COVID-19 DNA Vaccine (AG0302-COVID19 High-dose),"AnGes, Inc.",INDUSTRY,Japan Agency for Medical Research and Development,1,PHASE1; PHASE2,INTERVENTIONAL,422.0,2021-07-29,COMPLETED,COVID-19 Lower Respiratory Infection,6,anges,anges
NCT01944670,Multi-Center Trial to Evaluate an Internal Joint Stabilizer - Elbow,"Skeletal Dynamics, LLC",INDUSTRY,,0,,INTERVENTIONAL,26.0,2013-08,COMPLETED,Trauma; Chronic Elbow Dislocation,1,skeletal dynamics,skeletal dynamics
NCT04543370,Study of Edasalonexent With Midazolam and Deflazacort in Healthy Subjects,Catabasis Pharmaceuticals,INDUSTRY,,0,PHASE1,INTERVENTIONAL,26.0,2020-08-08,COMPLETED,Healthy,1,catabasis,catabasis
NCT06696170,CellFX® Nanosecond Pulsed Field Ablation (PFA) 360 Catheter Ablation System for Treatment of Atrial Fibrillation,"Pulse Biosciences, Inc.",INDUSTRY,,0,,INTERVENTIONAL,60.0,2024-07-25,RECRUITING,Atrial Fibrillation Paroxysmal; Cardiac Ablation; Cardiac Arrhythmia,3,pulse,pulse
NCT04308070,Acute Hemostasis Following the Use of the AQUABEAM® System for the Treatment of Benign Prostatic Hyperplasia III,PROCEPT BioRobotics,INDUSTRY,,0,,INTERVENTIONAL,26.0,2017-07-18,COMPLETED,Benign Prostatic Hyperplasia,1,procept biorobotics,procept biorobotics
NCT06986070,Investigation of Small Mobile Stem Cells (SMS Cells) in Participants With Chronic Obstructive Pulmonary Disease (COPD).,SMSbiotech,INDUSTRY,,0,PHASE1,INTERVENTIONAL,18.0,2025-06-13,RECRUITING,Chronic Obstructive Lung Disease,1,smsbiotech,smsbiotech
NCT01432470,Study of Oxytocin to Treat Vaginal Atrophy in Postmenopausal Women,PepTonic Medical AB,INDUSTRY,,0,PHASE2,INTERVENTIONAL,74.0,2010-08,COMPLETED,Postmenopause; Vaginal Atrophy,3,peptonic medical ab,peptonic medical ab
NCT00967070,Skin Sensitization Potential of a New Nicotine Patch,McNeil AB,INDUSTRY,,0,PHASE1,INTERVENTIONAL,257.0,2005-05,COMPLETED,Smoking Cessation,1,mcneil ab,mcneil ab
NCT00366873,Evaluation of Mineral Absorption in Infants Fed Infant Formula,Mead Johnson Nutrition,INDUSTRY,,0,,INTERVENTIONAL,44.0,2006-09,COMPLETED,Healthy,5,mead johnson nutrition,mead johnson nutrition
NCT03850873,A Phase I Study of TQB3616 on Tolerance and Pharmacokinetics,"Chia Tai Tianqing Pharmaceutical Group Co., Ltd.",INDUSTRY,,0,PHASE1,INTERVENTIONAL,40.0,2019-05-20,COMPLETED,Advanced Breast Cancer,4,chia tai tianqing,chia tai tianqing
NCT01200173,"Effect of the Consumption of a Fermented Milk on Common Infections in Children Aged 3-6 Years, Attending Day Care Centers",Danone Global Research & Innovation Center,INDUSTRY,,0,,INTERVENTIONAL,600.0,2006-11,COMPLETED,Common Infectious Diseases,1,danone global research and innovation center,danone global research and innovation center
NCT00431769,An Efficacy and Safety Study of Bortezomib Re-treatment in Multiple Myeloma,Janssen-Cilag International NV,INDUSTRY,,0,PHASE2,INTERVENTIONAL,130.0,2006-06,COMPLETED,Multiple Myeloma,38,johnson and johnson,johnson and johnson
NCT00325169,SERETIDE Plus Tiotropium Versus Individual Components,GlaxoSmithKline,INDUSTRY,,0,PHASE2,INTERVENTIONAL,41.0,2005-12,COMPLETED,"Pulmonary Disease, Chronic Obstructive",5,gsk,gsk
NCT05598983,Non-contact Proactive Remote Monitoring of COPD Exacerbations,Life Detection Technologies,INDUSTRY,Royal Free Hospital NHS Foundation Trust,1,,OBSERVATIONAL,75.0,2023-05-15,RECRUITING,COPD Exacerbation,1,life detection,life detection
NCT02683083,"Study to Evaluate the Safety, Biodistribution, Radiation Dosimetry and Tumor Imaging Potential of [131I]-SGMIB Anti-HER2 VHH1 in Healthy Volunteers and Breast Cancer Patients",Precirix,INDUSTRY,,0,PHASE1,INTERVENTIONAL,9.0,2016-10,COMPLETED,Healthy Volunteers; Breast Cancer,1,precirix,precirix
NCT07052383,Safety and Efficacy of DIT309 in Advanced Bone and Soft Tissue Sarcomas,Tcelltech Inc.,INDUSTRY,"Shanghai General Hospital, Shanghai Jiao Tong University School of Medicine",1,PHASE1,INTERVENTIONAL,15.0,2025-11-06,RECRUITING,Osteosarcoma; Soft Tissue Sarcoma,1,tcelltech,tcelltech
NCT04392583,Safety and Performance of ENTACT Septal Staple System for Septoplasty,"Smith & Nephew, Inc.",INDUSTRY,,0,,OBSERVATIONAL,40.0,2020-10-22,COMPLETED,Septoplasty,3,smith and nephew,smith and nephew
NCT01565083,A Study to Assess Efficacy and Safety of Pertuzumab Given in Combination With Trastuzumab and Vinorelbine in Participants With Metastatic or Locally Advanced Human Epidermal Growth Factor Receptor (HER) 2-Positive Breast Cancer,Hoffmann-La Roche,INDUSTRY,,0,PHASE2,INTERVENTIONAL,213.0,2012-04,COMPLETED,Breast Cancer,80,roche,roche
NCT00355641,Long-Term Safety Of Ropinirole XR In Patients With Restless Legs Syndrome,GlaxoSmithKline,INDUSTRY,,0,PHASE3,INTERVENTIONAL,450.0,2005-10,COMPLETED,Restless Legs Syndrome,65,gsk,gsk
NCT03931941,Microbiota Restoration Therapy for Recurrent Clostridium Difficile Infection (PUNCH CD3-OLS),Rebiotix Inc.,INDUSTRY,,0,PHASE3,INTERVENTIONAL,793.0,2019-07-30,COMPLETED,Clostridium Difficile Infection; Infection; Communicable Diseases,51,rebiotix,rebiotix
NCT01983241,"Efficacy and Safety of Alpha1-Proteinase Inhibitor (Human), Modified Process (Alpha-1 MP) in Subjects With Pulmonary Emphysema Due to Alpha1 Antitrypsin Deficiency (AATD)",Grifols Therapeutics LLC,INDUSTRY,,0,PHASE3,INTERVENTIONAL,345.0,2013-11,ACTIVE_NOT_RECRUITING,Pulmonary Emphysema in Alpha-1 PI Deficiency,52,grifols,grifols
NCT02075554,Study of an Expandable Interbody Device for the Lumbar Spine,Globus Medical Inc,INDUSTRY,"Mt. Sinai Medical Center, Miami; Carolina Neurosurgery & Spine Associates",2,,INTERVENTIONAL,58.0,2012-07,COMPLETED,Degenerative Disc Disease,2,globus,globus
NCT01731054,Functional MRI in Lupus Nephritis,Biogen,INDUSTRY,,0,,OBSERVATIONAL,50.0,2013-06,COMPLETED,Healthy; Lupus Nephritis,4,biogen,biogen
NCT05837754,A Study to Assess the Gut Health Effects of Oil Compound on Healthy Adults,Vedic Lifesciences Pvt. Ltd.,INDUSTRY,,0,,INTERVENTIONAL,102.0,2023-04-04,COMPLETED,Gut Health,7,vedic lifesciences pvt,vedic lifesciences pvt
NCT07293754,An Early Phase Trial of RPTR-1-201 in Advanced Solid Tumors,Repertoire Immune Medicines,INDUSTRY,,0,PHASE1; PHASE2,INTERVENTIONAL,150.0,2025-12-12,RECRUITING,Advanced Malignant Solid Tumor,1,repertoire immune medicines,repertoire immune medicines
NCT01611805,Japanese Phase I of GSK1605786,GlaxoSmithKline,INDUSTRY,,0,PHASE1,INTERVENTIONAL,30.0,2010-07-22,COMPLETED,Crohn's Disease,1,gsk,gsk
NCT00506805,Safety And Pharmacology Study Of SNX-5422 Mesylate In Subjects With Refractory Solid Tumor Malignancies,Esanex Inc.,INDUSTRY,"Serenex, Inc.; Pfizer",2,PHASE1,INTERVENTIONAL,44.0,2007-06,COMPLETED,Cancer,2,esanex,esanex
NCT00708305,Evaluation of Plaque Fluid Fluoride Retention From Fluoride Toothpastes,GlaxoSmithKline,INDUSTRY,,0,PHASE3,INTERVENTIONAL,65.0,2008-06,COMPLETED,Dental Caries,1,gsk,gsk
NCT01128894,A Study to Determine the Efficacy and Safety of Albiglutide as Compared With Liraglutide.,GlaxoSmithKline,INDUSTRY,,0,PHASE3,INTERVENTIONAL,841.0,2010-05,COMPLETED,"Diabetes Mellitus, Type 2",173,gsk,gsk
NCT01061294,Evaluation of Outcomes Using the AMO Advanced Customvue™ iLasik Procedure,Innovative Medical,INDUSTRY,,0,PHASE4,INTERVENTIONAL,20.0,2009-12,COMPLETED,Vision Correction,1,innovative,innovative
NCT05177094,Chronic Pain Master Protocol (CPMP): A Study of LY3526318 in Participants With Diabetic Peripheral Neuropathic Pain,Eli Lilly and Company,INDUSTRY,,0,PHASE2,INTERVENTIONAL,155.0,2022-01-26,COMPLETED,Diabetic Peripheral Neuropathic Pain,37,eli lilly,eli lilly
NCT02385994,A Prospective Multi-Center Study Using Laser for the Treatment of Melasma and Lentigines in Asian Skin,Cutera Inc.,INDUSTRY,,0,,INTERVENTIONAL,80.0,2015-04,COMPLETED,Melasma; Lentigines,2,cutera,cutera
NCT01568866,Phase 3 Study With Carfilzomib and Dexamethasone Versus Bortezomib and Dexamethasone for Relapsed Multiple Myeloma Patients,Amgen,INDUSTRY,,0,PHASE3,INTERVENTIONAL,929.0,2012-06-20,COMPLETED,Multiple Myeloma,241,amgen,amgen
NCT01897766,"Special Investigation Of Genotropin Long Follow-Up For Patients With A Small For Gestational Age ""Scoped for Japanese""",Pfizer,INDUSTRY,,0,,OBSERVATIONAL,482.0,2013-09-05,COMPLETED,Small for Gestational Age (SGA),0,pfizer,pfizer
NCT00648466,Fasting Study of Sumatriptan Succinate Tablets 100 mg to Imitrex® Tablets 100 mg,Mylan Pharmaceuticals Inc,INDUSTRY,,0,PHASE1,INTERVENTIONAL,55.0,2004-11,COMPLETED,Healthy,1,mylan,mylan
NCT05201066,Roll-over Study for Patients Who Have Completed a Prior Novartis-sponsored Sabatolimab (MBG453) Study and Are Judged by the Investigator to Benefit From Continued Treatment With Sabatolimab.,Novartis Pharmaceuticals,INDUSTRY,,0,PHASE2,INTERVENTIONAL,33.0,2023-02-28,ACTIVE_NOT_RECRUITING,"Myelodysplastic Syndromes; Leukemia, Myelomonocytic, Chronic",24,novartis,novartis
NCT01849666,A Study of the Effect of Vemurafenib on the Pharmacokinetics of Phenprocoumon in Patients With BRAFV600 Mutation-Positive Metastatic Malignancy,Hoffmann-La Roche,INDUSTRY,,0,PHASE1,INTERVENTIONAL,2.0,2013-09,COMPLETED,"Malignant Melanoma, Neoplasms",17,roche,roche
NCT02238366,Study To Assess Renewal Of Treatment In Patients Recently Diagnosed With Prostate Cancer,Ipsen,INDUSTRY,,0,,OBSERVATIONAL,368.0,2013-11,COMPLETED,Prostate Cancer,7,ipsen,ipsen
NCT05755256,The Impact of Probiotics on Skin Hydration in Youth with Mild Acne,Lallemand Health Solutions,INDUSTRY,BioFortis,1,PHASE2,INTERVENTIONAL,58.0,2023-09-04,COMPLETED,Acne Vulgaris; Hydration Acne,1,lallemand health solutions,lallemand health solutions
NCT05441956,TGRX-326 Chinese Phase I for Advanced Non-small Cell Lung Cancer (NSCLC),"Shenzhen TargetRx Co., Ltd.",INDUSTRY,Sun Yat-Sen University Cancer Center,1,PHASE1,INTERVENTIONAL,198.0,2021-04-23,ACTIVE_NOT_RECRUITING,Non-small Cell Lung Cancer,1,shenzhen targetrx,shenzhen targetrx
NCT06106022,A Study to Evaluate Vonoprazan in Children Who Have Symptomatic Gastroesophageal Reflux Disease,"Phathom Pharmaceuticals, Inc.",INDUSTRY,,0,PHASE1,INTERVENTIONAL,22.0,2023-11-01,COMPLETED,Gastroesophageal Reflux Disease,13,phathom,phathom
NCT05391022,Study Evaluating Food Effect and QTc in Patients With Advanced Malignancies,Constellation Pharmaceuticals,INDUSTRY,,0,PHASE1,INTERVENTIONAL,35.0,2021-07-20,COMPLETED,Advanced Malignancies; Solid Tumor; Hematological Malignancy,10,constellation,constellation
NCT07226622,Prescreening Study to Identify Potential Wilson Disease Participants for Gene-Editing Clinical Trial,"Prime Medicine, Inc.",INDUSTRY,,0,,OBSERVATIONAL,30.0,2025-12-29,ACTIVE_NOT_RECRUITING,Wilson Disease,7,prime medicine,prime medicine
NCT03127722,Study to Assess Outcomes in Women Undergoing Either Hysteroscopic Sterilization (Essure®) or Laparoscopic Tubal Sterilization,Bayer,INDUSTRY,,0,,INTERVENTIONAL,990.0,2017-05-03,COMPLETED,Contraception,57,bayer,bayer
NCT02159651,A Survey for Long-term Use of Prograf Capsules in Patient With Interstitial Pneumonia,Astellas Pharma Inc,INDUSTRY,,0,,OBSERVATIONAL,179.0,2014-04-01,COMPLETED,Interstitial Pneumonia Associated With Polymyositis/Dermatomyositis,8,astellas,astellas
NCT01081951,"Study to Compare the Efficacy and Safety of Olaparib When Given in Combination With Carboplatin and Paclitaxel, Compared With Carboplatin and Paclitaxel in Patients With Advanced Ovarian Cancer",AstraZeneca,INDUSTRY,,0,PHASE2,INTERVENTIONAL,162.0,2010-02-04,ACTIVE_NOT_RECRUITING,Ovarian Cancer,53,astrazeneca,astrazeneca
NCT00136851,Study Comparing the Efficacy of Amlodipine Besylate/Benazepril Versus Amlodipine in the Treatment of Severe Hypertension,Novartis Pharmaceuticals,INDUSTRY,,0,PHASE4,INTERVENTIONAL,259.0,2004-12,COMPLETED,Hypertension,1,novartis,novartis
NCT01673529,Investigation of Topical SB705498 on Healthy Volunteers,GlaxoSmithKline,INDUSTRY,,0,PHASE1,INTERVENTIONAL,16.0,2012-07-17,COMPLETED,"Dermatitis, Atopic",1,gsk,gsk
NCT00616629,Cardiac Electrophysiological Study,AstraZeneca,INDUSTRY,,0,PHASE2,INTERVENTIONAL,55.0,2008-01,COMPLETED,Atrial Flutter,13,astrazeneca,astrazeneca
NCT00642629,"A Randomized, Double-blind, Placebo-controlled Clinical Study of the Oral IL-12/23 Inhibitor, STA-5326 Mesylate, Administered to Patients With Rheumatoid Arthritis to Determine Safety, Tolerability, Pharmacokinetic and Synovial Tissue Outcomes",Synta Pharmaceuticals Corp.,INDUSTRY,,0,PHASE2,INTERVENTIONAL,35.0,2005-12,COMPLETED,"Active, Moderate to Severe Rheumatoid Arthritis",1,synta,synta
NCT06617429,Phase 3 Efficacy and Safety Study of GTX-102 in Pediatric Subjects With Angelman Syndrome (AS),Ultragenyx Pharmaceutical Inc,INDUSTRY,,0,PHASE3,INTERVENTIONAL,129.0,2024-12-03,ACTIVE_NOT_RECRUITING,Angelman Syndrome,28,ultragenyx,ultragenyx
NCT01576029,Continued Treatment With Docetaxel Versus Switch to Cabazitaxel After Minor Prostate Specific Antigen Response to Docetaxel in Patients With Castration-Resistant Metastatic Prostate Cancer,Sanofi,INDUSTRY,,0,PHASE2,INTERVENTIONAL,2.0,2012-08,COMPLETED,Prostatic Neoplasms,8,sanofi,sanofi
NCT04715529,Phase 1 Study to Evaluate Safety and Pharmacokinetics of FZJ-003 in Healthy Volunteers,"Shanghai Fudan-Zhangjiang Bio-Pharmaceutical Co., Ltd.",INDUSTRY,,0,PHASE1,INTERVENTIONAL,62.0,2021-01-27,COMPLETED,Healthy Volunteers,1,shanghai fudan zhangjiang bio,shanghai fudan zhangjiang bio
NCT04647435,Efficacy and Safety of APSCTC for the Treatment of Postsurgical Pain Due to Third Molar Extraction,Apsen Farmaceutica S.A.,INDUSTRY,,0,PHASE3,INTERVENTIONAL,396.0,2023-05-13,COMPLETED,Postsurgical Pain; Third Molar Extraction,1,apsen farmaceutica s a,apsen farmaceutica s a
NCT01441635,Safety and Efficacy of Elagolix in Pre-Menopausal Women With Heavy Uterine Bleeding and Uterine Fibroids,"AbbVie (prior sponsor, Abbott)",INDUSTRY,,0,PHASE2,INTERVENTIONAL,271.0,2011-09-08,COMPLETED,Heavy Uterine Bleeding; Uterine Fibroids,0,abbvie prior sponsor abbott,abbvie prior sponsor abbott
NCT05990335,Boost Study 21270 (Cognition),NXTech,INDUSTRY,Kansas State University; National Institutes of Health (NIH); National Institute on Drug Abuse (NIDA),3,EARLY_PHASE1,INTERVENTIONAL,124.0,2022-04-18,COMPLETED,Cognitive Function Abnormal,1,nxtech,nxtech
NCT04191135,Study of Olaparib Plus Pembrolizumab Versus Chemotherapy Plus Pembrolizumab After Induction With First-Line Chemotherapy Plus Pembrolizumab in Triple Negative Breast Cancer (TNBC) (MK-7339-009/KEYLYNK-009),Merck Sharp & Dohme LLC,INDUSTRY,,0,PHASE2,INTERVENTIONAL,462.0,2019-12-19,COMPLETED,Triple Negative Breast Neoplasms,122,merck,merck
NCT06037408,The Effect of N115 on Coughing in IPF Patients,"Cellular Sciences, inc.",INDUSTRY,Family First Medical Research Center,1,PHASE3,INTERVENTIONAL,50.0,2023-08-15,COMPLETED,Idiopathic Pulmonary Fibrosis,1,cellular,cellular
NCT00471276,Efficacy And Safety Of Sunitinib In Women With Advanced Breast Cancer,Pfizer,INDUSTRY,,0,PHASE2,INTERVENTIONAL,83.0,2007-08,COMPLETED,Breast Neoplasms,31,pfizer,pfizer
NCT03693976,Non-interventional Study With Ectoin Containing and/or Decongesting Nasal Spray in Patients With Rhinosinusitis,Bitop AG,INDUSTRY,,0,,OBSERVATIONAL,168.0,2018-10-01,COMPLETED,Acute Rhinosinusitis,1,bitop,bitop
NCT06537817,Study to Evaluate HT-4253 in Healthy Subjects,"Halia Therapeutics, Inc.",INDUSTRY,,0,PHASE1,INTERVENTIONAL,80.0,2024-09-17,COMPLETED,Normal Healthy Subjects,1,halia,halia
NCT02156440,Cross-over Study of the Efficacy and Safety of SierraSil Joint Formula 14 in Osteoarthritis of the Knee,KGK Science Inc.,INDUSTRY,SierraSil Health Inc,1,PHASE2,INTERVENTIONAL,150.0,2011-09,COMPLETED,Osteoarthritis of the Knee,1,kgk science,kgk science
NCT00315640,Anecortave Acetate for Treatment of Steroid Induced Intraocular Pressure (IOP) Elevation,Alcon Research,INDUSTRY,,0,PHASE2,INTERVENTIONAL,70.0,2005-12,COMPLETED,Eye Diseases,12,alcon,alcon
NCT00752089,Experimental Dentifrice Remineralization/Fluoride Uptake in an in Situ Model,GlaxoSmithKline,INDUSTRY,,0,PHASE2,INTERVENTIONAL,20.0,2007-09,COMPLETED,Dental Erosion,0,gsk,gsk
NCT02071589,Bioavailability Of A Single Dose Of Nifedipine Oral Solution Compared To Adalat Capsules In Healthy Female Volunteers,Reig Jofre Group,INDUSTRY,,0,PHASE1,INTERVENTIONAL,36.0,2009-01,COMPLETED,Bioequivalence,1,reig jofre,reig jofre
NCT01519089,"A Long Term Study To Evaluate The Safety, Tolerability And Efficacy Of CP-690,550 In Patients With Moderate To Severe Plaque Psoriasis And/Or Psoriatic Arthritis",Pfizer,INDUSTRY,,0,PHASE3,INTERVENTIONAL,95.0,2012-03,COMPLETED,Psoriasis,16,pfizer,pfizer
NCT05160389,A Study to Assess the Effect of Food on the Absorption and Bioavailability of PBI-200,Pyramid Biosciences,INDUSTRY,,0,PHASE1,INTERVENTIONAL,16.0,2021-11-17,COMPLETED,Food Effect in Healthy Volunteers,1,pyramid,pyramid
NCT05969691,Radiomics-Based Visualization and Quantitative Validation of IDH1 Heterogeneity in Gliomas,Mingge LLC,INDUSTRY,Huashan Hospital; Fudan University,2,,INTERVENTIONAL,18.0,2019-03-15,ACTIVE_NOT_RECRUITING,"Glioma, Malignant; Computer-Assisted",1,mingge,mingge
NCT01253291,A Study of Japanese Rheumatoid Arthritis Participants,Eli Lilly and Company,INDUSTRY,,0,PHASE1,INTERVENTIONAL,26.0,2010-05,COMPLETED,Rheumatoid Arthritis,9,eli lilly,eli lilly
NCT03199391,BioWick SureLock Clinical Outcomes Study,Zimmer Biomet,INDUSTRY,,0,,INTERVENTIONAL,71.0,2017-04-26,COMPLETED,Rotator Cuff Tear,7,zimmer biomet,zimmer biomet
NCT00713791,Relative Bioavailability Study in Healthy Male Subjects for ZD4054 (Zibotentan) Immediate Release Tablets.,AstraZeneca,INDUSTRY,,0,PHASE1,INTERVENTIONAL,20.0,2008-06,COMPLETED,Healthy,1,astrazeneca,astrazeneca
NCT02246374,ExAblate Transcranial MRgFUS of the Subthalamic Nucleus for Treatment of Parkinson's Disease,InSightec,INDUSTRY,,0,,INTERVENTIONAL,7.0,2014-09,COMPLETED,Parkinson's Disease,1,insightec,insightec
NCT00692874,Quality of Life Analysis of Treatment in Patients With Prostate Cancer on Adjuvant Zoladex Therapy,AstraZeneca,INDUSTRY,,0,,OBSERVATIONAL,1646.0,2008-06,COMPLETED,Prostate Cancer,20,astrazeneca,astrazeneca
NCT05510674,Safety and Dose Ranging Study for OWL-EVO1 as a Lung Cancer EVOC® Probe (Evolution),Owlstone Ltd,INDUSTRY,,0,PHASE1,INTERVENTIONAL,49.0,2021-07-06,COMPLETED,Lung Cancer,2,owlstone,owlstone
NCT05424874,Clinical Validation of NAVOY® Acute Kidney Injury in Swedish ICU Patients,AlgoDx,INDUSTRY,,0,,OBSERVATIONAL,304.0,2020-12-02,COMPLETED,Acute Kidney Injury,1,algodx,algodx
NCT07655518,A Positron Emission Tomography Study to Assess the Occupancy of M4 Muscarinic Acetylcholine Receptors by BMS-986521 in Healthy Adult Participants,Bristol-Myers Squibb,INDUSTRY,,0,PHASE1,INTERVENTIONAL,12.0,2026-06-25,RECRUITING,Healthy Volunteers,1,bms,bms
NCT06001918,Nectero EAST System Clinical Study,"Nectero Medical, Inc.",INDUSTRY,,0,PHASE2; PHASE3,INTERVENTIONAL,400.0,2023-10-25,RECRUITING,Abdominal Aortic Aneurysm,39,nectero,nectero
NCT04569318,A Study To Assess A Novel Form Of Cataract Treatment Using The Non-Invasive REVISYON Proof-Of-Concept Device,Edinburgh Biosciences Ltd,INDUSTRY,Onorach Clinical,1,,INTERVENTIONAL,11.0,2020-10-19,COMPLETED,Cataract,1,edinburgh,edinburgh
NCT05065190,A Study to Test How Well a Medicine Called Nintedanib Helps People in China With Progressive Lung Fibrosis,Boehringer Ingelheim,INDUSTRY,,0,PHASE3,INTERVENTIONAL,81.0,2021-11-25,COMPLETED,"Lung Diseases, Interstitial",16,boehringer,boehringer
NCT05735990,"Retrospective Clinical Investigation of the Safety and Performance of 640PM Trifocal IOL Implantation in Patients With Cataract and/or Ametropia (Hyperopia, Myopia) and/or Presbyopia",Medicontur Medical Engineering Ltd,INDUSTRY,,0,,OBSERVATIONAL,21.0,2022-10-27,COMPLETED,Cataract; Presbyopia; Hyperopia; Myopia; Pseudophakia,1,medicontur medical engineering,medicontur medical engineering
NCT00450190,Saizen® E-Device User Trial,"Merck KGaA, Darmstadt, Germany",INDUSTRY,,0,PHASE3,INTERVENTIONAL,20.0,2006-02-28,COMPLETED,Growth Disorders,0,merck kgaa darmstadt germany,merck kgaa darmstadt germany
NCT05214690,A Phase 1 Clinical Trial to Evaluate the Safety and Pharmacokinetic Characteristics of DW1809-T2,"Daewon Pharmaceutical Co., Ltd.",INDUSTRY,,0,PHASE1,INTERVENTIONAL,37.0,2020-08-13,COMPLETED,Osteoarthritis; Rheumatoid Arthritis; Back Pain; Acute Upper Respiratory Tract Infection,1,daewon,daewon
NCT01408290,"Safety and Immunogenicity Study of Fluval AB-Like Flu Vaccines With 3.5, 6, 9 or 15 μg HA in Adult and Elderly People","Fluart Innovative Vaccine Ltd, Hungary",INDUSTRY,,0,,INTERVENTIONAL,256.0,2011-09,COMPLETED,Influenza,4,fluart innovative vaccine ltd hungary,fluart innovative vaccine ltd hungary
NCT02068690,"Safety, Tolerability, and Pharmacokinetics of Single Doses BI 425809",Boehringer Ingelheim,INDUSTRY,,0,PHASE1,INTERVENTIONAL,83.0,2014-03-20,COMPLETED,Healthy,1,boehringer,boehringer
NCT00495313,Safety and Efficacy Study to Compare Two Rosacea Treatment Regimens,CollaGenex Pharmaceuticals,INDUSTRY,,0,PHASE4,INTERVENTIONAL,91.0,2007-03,COMPLETED,Rosacea,7,collagenex,collagenex
NCT04467060,A Single Ascending Dose Pharmacology Study of Anaprazole in Healthy Chinese Subjects,Sihuan Pharmaceutical Holdings Group Ltd.,INDUSTRY,,0,PHASE1,INTERVENTIONAL,74.0,2014-08-14,COMPLETED,Healthy Male Volunteers,0,sihuan,sihuan
NCT04402060,A Study of APL-9 in Adults With Mild to Moderate ARDS Due to COVID-19,"Apellis Pharmaceuticals, Inc.",INDUSTRY,,0,PHASE1; PHASE2,INTERVENTIONAL,72.0,2020-05-28,COMPLETED,COVID; Covid-19; Coronavirus; Coronavirus Infection; Severe Acute Respiratory Syndrome; Severe Acute Respiratory Syndrome Coronavirus 2; Sars-CoV2; Ards; Acute Respiratory Distress Syndrome,24,apellis,apellis
NCT07102160,Cleaner Long-tErm Assessment Registry - Venous Insights and Efficacy With eXtended Tracking,Argon Medical Devices,INDUSTRY,"Avania; Medical Metrics Diagnostics, Inc",2,,OBSERVATIONAL,185.0,2026-02-04,RECRUITING,"Deep Vein Thrombosis (DVT); Thrombus in the Peripheral Venous Vasculature; Venous Embolism; Thrombus in the Central and Peripheral Circulatory System, Including Saphenous Vein Grafts",4,argon medical devices,argon medical devices
NCT01285960,ExAblate UF V2 System for the Treatment of Symptomatic Uterine Fibroids,InSightec,INDUSTRY,,0,,INTERVENTIONAL,108.0,2012-05,COMPLETED,Uterine Fibroids,8,insightec,insightec
NCT01127620,Efficacy Study for the Symptomatic Treatment of Perennial Allergic Rhinitis With a 1 Year Safety Extension,"Faes Farma, S.A.",INDUSTRY,,0,PHASE3,INTERVENTIONAL,650.0,2004-05,COMPLETED,Perennial Allergic Rhinitis,0,faes farma s a,faes farma s a
NCT06634420,HAELO: A Phase 3 Study to Evaluate NTLA-2002 in Participants With Hereditary Angioedema (HAE),Intellia Therapeutics,INDUSTRY,,0,PHASE3,INTERVENTIONAL,80.0,2025-01-15,ACTIVE_NOT_RECRUITING,Hereditary Angioedema,29,intellia,intellia
NCT02019420,"Tedizolid Phosphate (TR-701 FA, MK-1986) vs Linezolid for the Treatment of Nosocomial Pneumonia (MK-1986-002)","Cubist Pharmaceuticals LLC, a subsidiary of Merck & Co., Inc. (Rahway, New Jersey USA)",INDUSTRY,,0,PHASE3,INTERVENTIONAL,726.0,2014-01-06,COMPLETED,Pneumonia,0,cubist pharmaceuticals llc a subsidiary of merck and co inc rahway new jersey,cubist pharmaceuticals llc a subsidiary of merck and co inc rahway new jersey
NCT04962724,"A Study to Evaluate the Absorption, Metabolism, and Excretion and Absolute Bioavailability of Xevinapant in Healthy Male Participants",Debiopharm International SA,INDUSTRY,,0,PHASE1,INTERVENTIONAL,12.0,2021-08-02,COMPLETED,Healthy Volunteers,1,debiopharm,debiopharm
NCT07118124,Pediatric Adhesion and New Dermal Approach Study,"iRhythm Technologies, Inc.",INDUSTRY,,0,,INTERVENTIONAL,36.0,2025-08-15,COMPLETED,Syncope; Pediatric; Congenital Athymia; Congenital Heart Disease; Arrhythmia; Arrhythmia in Children,4,irhythm,irhythm
NCT02762123,A Study to Assess the Effect of BMS-986142 on Pharmacokinetics (PK) of Probe Substrates,Bristol-Myers Squibb,INDUSTRY,,0,PHASE1,INTERVENTIONAL,28.0,2016-05,COMPLETED,Rheumatoid Arthritis,1,bms,bms
NCT00940459,Subjective and Conjunctival Response to Edge Design of Different Silicone Hydrogels,Alcon Research,INDUSTRY,,0,,INTERVENTIONAL,30.0,2009-06,COMPLETED,Contact Lenses,1,alcon,alcon
NCT00758459,Safety/Tolerability Study With AZD1236 in Chronic Obstructive Pulmonary Disease (COPD) Patients,AstraZeneca,INDUSTRY,,0,PHASE2,INTERVENTIONAL,74.0,2008-09,COMPLETED,Chronic Obstructive Pulmonary Disease,14,astrazeneca,astrazeneca
NCT02252159,Prospective Observational Study Of Patients With Polycythemia Vera In US Clinical Practices (REVEAL),Incyte Corporation,INDUSTRY,,0,,OBSERVATIONAL,2544.0,2014-07-31,COMPLETED,MPN (Myeloproliferative Neoplasms),266,incyte,incyte
NCT07093580,Study of S-892216 Long-acting Injectable (LAI) in Healthy Adult Participants,Shionogi,INDUSTRY,,0,PHASE1,INTERVENTIONAL,98.0,2025-07-29,RECRUITING,Healthy Participants,2,shionogi,shionogi
NCT00262080,Efficacy and Safety Study of DX-88 to Treat Acute Attacks of Hereditary Angioedema (HAE),Shire,INDUSTRY,,0,PHASE3,INTERVENTIONAL,91.0,2005-12-31,COMPLETED,Hereditary Angioedema (HAE),1,takeda,takeda
NCT04256980,Pemigatinib in Treating Patients With Advanced/Metastatic or Surgically Unresectable Cholangiocarcinoma Including FGFR2 Rearrangement,Innovent Biologics (Suzhou) Co. Ltd.,INDUSTRY,,0,PHASE2,INTERVENTIONAL,34.0,2020-03-03,COMPLETED,Cholangiocarcinoma,1,innovent biologics suzhou,innovent biologics suzhou
NCT01075880,Post-Authorization Observational Study to Evaluate Cognition and Fatigue in Relapsing-remitting Multiple Sclerosis (RRMS) Patients Treated With Rebif®,"Merck KGaA, Darmstadt, Germany",INDUSTRY,"Merck spol.s.r.o., Czech Republic",1,,OBSERVATIONAL,300.0,2009-05,COMPLETED,"Multiple Sclerosis, Relapsing-Remitting",13,merck kgaa darmstadt germany,merck kgaa darmstadt germany
NCT05828979,Clinical Investigation to Assess a New Artificial Urinary Sphincter to Treat Urinary Incontinence in Women,UroMems SAS,INDUSTRY,,0,,INTERVENTIONAL,6.0,2023-05-02,ACTIVE_NOT_RECRUITING,"Urinary Incontinence,Stress",2,uromems sas,uromems sas
NCT04196179,ANG-3070 in Healthy Adult Participants,Angion Biomedica Corp,INDUSTRY,,0,PHASE1,INTERVENTIONAL,97.0,2019-12-17,COMPLETED,Healthy Volunteers,1,angion biomedica,angion biomedica
NCT04770779,A Study Evaluating the Efficacy and Safety of Mitapivat in Participants With Transfusion-Dependent Alpha- or Beta-Thalassemia (α- or β-TDT),"Agios Pharmaceuticals, Inc.",INDUSTRY,,0,PHASE3,INTERVENTIONAL,258.0,2021-11-30,ACTIVE_NOT_RECRUITING,Transfusion-dependent Alpha-Thalassemia; Transfusion-dependent Beta-Thalassemia,75,agios,agios
NCT00251979,A Study to Prevent Rebleeding After Initial Successful Primary Endoscopic Haemostasis of a Bleeding Peptic Ulcer,AstraZeneca,INDUSTRY,,0,PHASE3,INTERVENTIONAL,1312.0,2005-10,COMPLETED,Gastrointestinal Hemorrhage,78,astrazeneca,astrazeneca
NCT01380496,Bioequivalence Study of Doxycycline Monohydrate Tablets Under Fed Conditions,"Par Pharmaceutical, Inc.",INDUSTRY,Anapharm,1,PHASE1,INTERVENTIONAL,24.0,1999-11,COMPLETED,To Determine Bioequivalence Under Fed Conditions,1,par pharmaceutical,par pharmaceutical
NCT00817596,Prometra's Utilization in Mitigating Pain (PUMP),Flowonix Medical,INDUSTRY,,0,,INTERVENTIONAL,110.0,2007-01,COMPLETED,Intractable Pain,3,flowonix,flowonix
NCT06508996,Xpert Hepatitis-C Virus (HCV) Test on the GeneXpert Xpress System,Cepheid,INDUSTRY,Emory University,1,,OBSERVATIONAL,1012.0,2024-02-06,COMPLETED,HCV,1,cepheid,cepheid
NCT03011996,"To Investigate PK and PD of CJ-12420, Clarithromycin, Amoxicillin After Multiple Dose Administration",HK inno.N Corporation,INDUSTRY,,0,PHASE1,INTERVENTIONAL,60.0,2016-05,COMPLETED,Drug Interaction; Pharmacokinetic; Pharmacodynamic,1,hk inno n,hk inno n
NCT00652496,Safety and Efficacy Study of Different Formulations of Bimatoprost Once-Daily in Patients With Glaucoma or Ocular Hypertension,Allergan,INDUSTRY,,0,PHASE2,INTERVENTIONAL,249.0,2005-01,COMPLETED,Glaucoma; Ocular Hypertension,1,abbvie,abbvie
NCT01849003,Study of the Effect of GS-6615 in Subjects With LQT-3,Gilead Sciences,INDUSTRY,,0,PHASE1,INTERVENTIONAL,24.0,2013-05,COMPLETED,Long QT Syndrome,1,gilead,gilead
NCT04302103,A Study of TACI（Transmembrane Activator and Calcium-modulator and Cyclophilin Ligand (CAML) Interactor）-Antibody Fusion Protein Injection (RC18) in Subjects With Systemic Myasthenia Gravis,"RemeGen Co., Ltd.",INDUSTRY,,0,PHASE2,INTERVENTIONAL,29.0,2020-07-07,COMPLETED,Systemic Myasthenia Gravis,24,remegen,remegen
NCT01993303,Direct Comparison of 2D Cardiac PET With 3D Cardiac PET,Cardiovascular Imaging Technologies,INDUSTRY,,0,,OBSERVATIONAL,19.0,2004-01,COMPLETED,Coronary Artery Disease,1,cardiovascular imaging,cardiovascular imaging
NCT01562327,A Non-interventional Study of RoActemra/Actemra (Tocilizumab) in Patients With Rheumatoid Arthritis,Hoffmann-La Roche,INDUSTRY,,0,,OBSERVATIONAL,50.0,2012-02,COMPLETED,Rheumatoid Arthritis,7,roche,roche
NCT02927327,Clinical Evaluation Of MP26 Features in Adults,GE Healthcare,INDUSTRY,,0,,INTERVENTIONAL,61.0,2016-11,COMPLETED,Brain Imaging; Whole Body Imaging,1,ge healthcare,ge healthcare
NCT04552327,5% KOH Solution vs. Placebo and Diclofenac Gel for the Treatment of Actinic Keratosis,Infectopharm Arzneimittel GmbH,INDUSTRY,Gesellschaft für Therapieforschung mbH,1,PHASE3,INTERVENTIONAL,631.0,2020-10-14,COMPLETED,Actinic Keratosis,18,infectopharm arzneimittel,infectopharm arzneimittel
NCT00002227,A Study of Efavirenz in HIV-Infected Patients Who Have Never Taken Anti-HIV Drugs,Dupont Merck,INDUSTRY,,0,PHASE2,INTERVENTIONAL,60.0,,COMPLETED,HIV Infections,8,dupont merck,dupont merck
NCT01187927,Drug Use Investigation for Cervarix®,GlaxoSmithKline,INDUSTRY,,0,,OBSERVATIONAL,1230.0,2010-09,COMPLETED,"Infections, Papillomavirus",0,gsk,gsk
NCT01646827,An Open Label Study of Aripiprazole Intramuscular Injection in Subjects With Schizophrenia,"Otsuka Pharmaceutical Development & Commercialization, Inc.",INDUSTRY,,0,PHASE1,INTERVENTIONAL,37.0,2012-05,COMPLETED,Schizophrenia,6,otsuka pharmaceutical development and commercialization,otsuka pharmaceutical development and commercialization
NCT04603027,A Phase 2 Study Investigating the Effect of EDP1815 in the Treatment of Mild to Moderate Plaque Psoriasis,"Evelo Biosciences, Inc.",INDUSTRY,,0,PHASE2,INTERVENTIONAL,249.0,2020-09-21,COMPLETED,Psoriasis; Plaque Psoriasis,29,evelo,evelo
NCT03636061,Evaluation of the Efficacy of OC-01 Nasal Spray on Signs and Symptoms of Dry Eye Disease,"Oyster Point Pharma, Inc.",INDUSTRY,,0,PHASE2,INTERVENTIONAL,182.0,2018-08-15,COMPLETED,Dry Eye Disease,3,oyster point,oyster point
NCT02434861,"An Open Label, Single Dose, Three Part Study to Assess the Effects of Rolapitant (2 mg/mL IV Solution) on the Pharmacokinetics of Digoxin; Sulfasalazine; and the Cooperstown Cocktail (Midazolam, Omeprazole, Warfarin, Caffeine, and Dextromethorphan in Healthy Subjects","Tesaro, Inc.",INDUSTRY,,0,PHASE1,INTERVENTIONAL,102.0,2015-05,COMPLETED,Chemotherapy-induced Nausea and Vomiting,1,tesaro,tesaro
NCT00763061,Travatan Versus Timoptic in Treating Open-angle Glaucoma or Ocular Hypertension,Alcon Research,INDUSTRY,,0,PHASE4,INTERVENTIONAL,111.0,2006-05,COMPLETED,Glaucoma,1,alcon,alcon
NCT00432861,Evaluation of the Safety and Efficacy of Pancrecarb® MS-16 in Cystic Fibrosis,"Digestive Care, Inc.",INDUSTRY,,0,PHASE3,INTERVENTIONAL,29.0,2007-01,COMPLETED,Cystic Fibrosis; Pancreatic Insufficiency,1,digestive care,digestive care
NCT00343161,Symptom Adapted Therapy in GERD Patients,AstraZeneca,INDUSTRY,,0,PHASE4,INTERVENTIONAL,441.0,2006-08,COMPLETED,Gastroesophageal Reflux Disease,96,astrazeneca,astrazeneca
NCT04146961,"The PanOptix Trifocal IOL: A Study of Patient Satisfaction, Visual Disturbances, and Uncorrected Visual Performance",Research Insight LLC,INDUSTRY,,0,,OBSERVATIONAL,59.0,2019-10-05,COMPLETED,Cataract Surgery,3,research insight,research insight
NCT06660342,A Study of the Safety of Vonoprazan Exposure in Pregnant Women and Their Offspring,"Phathom Pharmaceuticals, Inc.",INDUSTRY,,0,,OBSERVATIONAL,728.0,2025-05-15,RECRUITING,Erosive Esophagitis; Heartburn; Symptomatic Non-erosive Gastroesophageal Reflux Disease; Helicobacter Pylori Infection,1,phathom,phathom
NCT04854642,A Single Dose Study About the Influence of Food on the Oral Bioavailability of Ladarixin Capsule in Healthy Volunteers,Dompé Farmaceutici S.p.A,INDUSTRY,,0,PHASE1,INTERVENTIONAL,36.0,2020-10-20,COMPLETED,no Condition,1,dompé farmaceutici s p a,dompé farmaceutici s p a
NCT00167986,Study Evaluating Antibiotic Use in Reducing Vancomycin-Resistant Enterococci and ESBL Producing Escherichia Coli and Klebsiella Pneumoniae in Intensive Care,Wyeth is now a wholly owned subsidiary of Pfizer,INDUSTRY,,0,,OBSERVATIONAL,480.0,2005-01,COMPLETED,Escherichia Coli Infections; Klebsiella Infections,1,wyeth is now a wholly owned subsidiary of pfizer,wyeth is now a wholly owned subsidiary of pfizer
NCT02999386,Stress Induced Hyperglycemia In Trauma,Hamad Medical Corporation,INDUSTRY,,0,,OBSERVATIONAL,300.0,2016-10,COMPLETED,Trauma; Stress Induced Hyperglycemia; Diabetes Mellitus,1,hamad,hamad
NCT06630286,Study to Compare an Oral Weekly Islatravir/Lenacapavir Regimen With Bictegravir/Emtricitabine/Tenofovir Alafenamide in Virologically Suppressed People With HIV-1,Gilead Sciences,INDUSTRY,Merck Sharp & Dohme LLC,1,PHASE3,INTERVENTIONAL,609.0,2024-10-09,ACTIVE_NOT_RECRUITING,HIV-1-infection,106,gilead,gilead
NCT00518986,Efficacy and Safety of Armodafinil for Adults With Excessive Sleepiness Obstructive Sleep Apnea/Hypopnea and Depression,Cephalon,INDUSTRY,,0,PHASE4,INTERVENTIONAL,249.0,2007-10,COMPLETED,Sleep Disorders; Obstructive Sleep Apnea; Major Depressive Disorder; Dysthymic Disorder,62,cephalon,cephalon
NCT07355270,"A U.S. Pilot Human Investigation of RadiofrEquency Vapor Ablation System to Evaluate Safety, TOleRability, and Effectiveness for Proximal Intestinal Mucosal Ablation in Patients With Type 2 Diabetes Mellitus (RESTORE-1 Study)","Aqua Medical, Inc.",INDUSTRY,,0,,INTERVENTIONAL,20.0,2026-04-01,RECRUITING,Type-2 Diabetes Mellitus,4,aqua,aqua
NCT03915470,Effect of Exeporfinium Chloride (XF-73) Gel on Nasal S.Aureus in Patients at Risk of Post-op Staphylococcal Infection,Destiny Pharma Plc,INDUSTRY,,0,PHASE2,INTERVENTIONAL,124.0,2019-08-29,COMPLETED,Staphylococcal Infections; Surgical Site Infection,21,destiny,destiny
NCT01710670,A Study to Investigate the Drug-Drug Interactions of Brivaracetam and Ethanol in Healthy Male Subjects,UCB Pharma SA,INDUSTRY,,0,PHASE1,INTERVENTIONAL,18.0,2012-09,COMPLETED,Healthy Volunteers,1,ucb pharma,ucb pharma
NCT05387070,"PaTHway CHINA TRIAL: A Trial to Investigating the Safety, Tolerability and Efficacy of TransCon PTH in Adults With Hypoparathyroidism","Visen Pharmaceuticals (Shanghai) Co., Ltd.",INDUSTRY,,0,PHASE3,INTERVENTIONAL,81.0,2021-07-28,COMPLETED,Hypoparathyroidism; Parathyroid Hormone Deficiency; Endocrine System Diseases; Parathyroid Diseases,1,visen pharmaceuticals shanghai,visen pharmaceuticals shanghai
NCT01525173,A Safety and Efficacy Study of ALPHAGAN® P and LUMIGAN® in Subjects Previously Treated With Latanoprost for Glaucoma and Ocular Hypertension,Allergan,INDUSTRY,,0,PHASE4,INTERVENTIONAL,137.0,2012-01,COMPLETED,Glaucoma; Ocular Hypertension,1,abbvie,abbvie
NCT02995473,Efficacy and Safety Study of NP000888 in Subjects With Plaque and Nail Psoriasis,Galderma R&D,INDUSTRY,,0,PHASE2,INTERVENTIONAL,61.0,2017-02-08,COMPLETED,Psoriasis,10,galderma r and d,galderma r and d
NCT01497873,A Randomized Study to Compare the Efficacy and Safety of Belotecan and Topotecan as Monotherapy for Sensitive-Relapsed Small Cell Lung Cancer,Chong Kun Dang Pharmaceutical,INDUSTRY,,0,PHASE2,INTERVENTIONAL,164.0,2010-09,COMPLETED,Small Cell Lung Cancer,14,chong kun dang,chong kun dang
NCT03115073,ProF-001_Phase IIa,ProFem GmbH,INDUSTRY,,0,PHASE2; PHASE3,INTERVENTIONAL,84.0,2017-04-04,COMPLETED,Vulvovaginal Candidiasis (VVC),3,profem,profem
NCT05153473,Assessment of the Safety and the Performance of the SAGITTA EVL R Stems in Hip Arthroplasties,"Societe dEtude, de Recherche et de Fabrication",INDUSTRY,,0,,OBSERVATIONAL,120.0,2019-06-24,COMPLETED,Hip Arthropathy,1,societe detude de recherche et de fabrication,societe detude de recherche et de fabrication
NCT06885073,Non-invasive Central Venous Pressure Estimation in Pediatric Patients,Compremium AG,INDUSTRY,,0,,INTERVENTIONAL,100.0,2025-03-10,RECRUITING,Central Venous Pressure,1,compremium,compremium
NCT00833573,National Survey on GERD Patients (Adults and Children),AstraZeneca,INDUSTRY,,0,,OBSERVATIONAL,4400.0,2009-01,COMPLETED,GERD (Gastroesophageal Reflux Disease),1053,astrazeneca,astrazeneca
NCT01205373,A Phase I Trial to Investigate the Metabolism and Pharmacokinetics as Well as Safety and Tolerability of a Single Dose BI671800 HEA Administered as an Oral Solution of the Choline Salt in Healthy Male Volunteers,Boehringer Ingelheim,INDUSTRY,,0,PHASE1,INTERVENTIONAL,8.0,2010-09,COMPLETED,Healthy,1,boehringer,boehringer
NCT00266669,Phase III Study of Topical Gel for Treatment and Prevention of Raynaud's Phenomenon,MediQuest Therapeutics,INDUSTRY,,0,PHASE3,INTERVENTIONAL,200.0,2005-12,COMPLETED,Raynaud's Disease,19,mediquest,mediquest
NCT04849169,Investigation of the Ringer Perfusion Balloon Catheter,Vascular Solutions LLC,INDUSTRY,,0,,INTERVENTIONAL,30.0,2022-07-18,COMPLETED,Coronary Artery Perforation,6,vascular solutions,vascular solutions
NCT04363073,Assessment of Annabella Breast Pump Performance,Annabella Tech Ltd,INDUSTRY,,0,,INTERVENTIONAL,53.0,2020-12-30,COMPLETED,Breast Feeding,1,annabella tech,annabella tech
NCT00883883,To Demonstrate the Relative Bioequivalence of Cefdinir and Omnicel 250 mg/5 ml Oral Suspension Fed Conditions,Sandoz,INDUSTRY,,0,PHASE1,INTERVENTIONAL,40.0,2005-04,COMPLETED,Healthy,0,sandoz,sandoz
NCT06381141,A Study of CLN-619 (Anti-MICA/MICB Antibody) in Patients With Relapsed and Refractory Multiple Myeloma,Cullinan Therapeutics Inc.,INDUSTRY,,0,PHASE1,INTERVENTIONAL,30.0,2024-09-03,ACTIVE_NOT_RECRUITING,Multiple Myeloma,8,cullinan,cullinan
NCT07166341,Accuracy Verification of the INVOS PM7100,Medtronic - MITG,INDUSTRY,,0,,OBSERVATIONAL,48.0,2025-09-29,COMPLETED,Tissue Oxygenation,1,medtronic mitg,medtronic mitg
NCT02954341,CardioMEMS HF System OUS Post Market Study,Abbott Medical Devices,INDUSTRY,,0,,OBSERVATIONAL,321.0,2016-07,COMPLETED,Heart Failure; Left-Sided Heart Failure; Congestive Heart Failure,5,abbott medical devices,abbott medical devices
NCT04675541,Register of Patients With haEmophilia A tReated With Afstyla®,CSL Behring,INDUSTRY,,0,,OBSERVATIONAL,62.0,2018-09-24,COMPLETED,Haemophilia A,17,csl behring,csl behring
NCT07752641,Effect of HIFAS MENOPAUSE on Quality of Life in Postmenopausal Women,Hifas da Terra S.L.,INDUSTRY,,0,,INTERVENTIONAL,20.0,2025-02-14,COMPLETED,Menopause; Menopausal Symptoms,1,hifas da terra s l,hifas da terra s l
NCT01779141,Orchestra Pregnancy Observational Study in Poland,"Medtronic MiniMed, Inc.",INDUSTRY,Medtronic Poland Spółka z ograniczoną odpowiedzialnością,1,,OBSERVATIONAL,481.0,2013-05,COMPLETED,Type 1 Diabetes Mellitus; Pregnancy,24,medtronic minimed,medtronic minimed
NCT06815354,Comprehensive Assessment of Cancer Theranostic Response,AIQ Solutions,INDUSTRY,National Cancer Institute (NCI); Weill Medical College of Cornell University; M.D. Anderson Cancer Center,3,,INTERVENTIONAL,32.0,2024-12-02,RECRUITING,Prostate Cancer,2,aiq solutions,aiq solutions
NCT01958554,Impact of an Integrated Intervention on Mental Health in Survivors of Intimate Partner Violence,Macmillan Research Group UK,INDUSTRY,NMP Medical Research Institute,1,PHASE2,INTERVENTIONAL,120.0,2013-10,COMPLETED,Domestic Violence,1,macmillan research group uk,macmillan research group uk
NCT01230554,Product Performance of a Daily Disposable Contact Lens,Bausch & Lomb Incorporated,INDUSTRY,,0,,INTERVENTIONAL,212.0,2010-08,COMPLETED,Myopia,1,bausch and lomb incorporated,bausch and lomb incorporated
NCT02231905,"Safety, Tolerability and Efficacy of Switching From Talipexole to Pramipexole in Patients With Parkinson's Disease",Boehringer Ingelheim,INDUSTRY,,0,PHASE4,INTERVENTIONAL,29.0,2004-01,COMPLETED,Parkinson Disease,0,boehringer,boehringer
NCT01134705,Study in Adult and Adolescent Subjects With PAR (Perennial Allergic Rhinitis),"Teva Branded Pharmaceutical Products R&D, Inc.",INDUSTRY,,0,PHASE3,INTERVENTIONAL,474.0,2010-05,COMPLETED,"Rhinitis, Allergic, Perennial",35,teva branded pharmaceutical products r and d,teva branded pharmaceutical products r and d
NCT01449305,Effectiveness of Nanoone Woman Underwear Using in the Management of Dysmenorrhea,"Chen Yi Enterprise, Co., Ltd.",INDUSTRY,,0,,INTERVENTIONAL,44.0,2011-10,COMPLETED,Dysmenorrhea,1,chen yi enterprise,chen yi enterprise
NCT01696305,Study for Hyalobarrier to Evaluate Anti-adhesive Effect and Safety Compared to Guardix-SG After Thyroidectomy,Green Cross Corporation,INDUSTRY,,0,PHASE3,INTERVENTIONAL,198.0,2012-12,COMPLETED,Thyroid Disease,3,green cross,green cross
NCT03125005,Accuracy of Methemoglobin Measurement for Rainbow Universal Pulse Oximeter Sensor,Masimo Corporation,INDUSTRY,,0,,INTERVENTIONAL,51.0,2012-04-12,COMPLETED,Healthy,2,masimo,masimo
NCT04748705,Fibromyalgia Outcome Research Trial Evaluating Synergistic Suppression of HSV-1,"Virios Therapeutics, Inc.",INDUSTRY,,0,PHASE2,INTERVENTIONAL,422.0,2021-06-03,COMPLETED,Fibromyalgia,42,virios,virios
NCT05966194,RRx-001 for Reducing Oral Mucositis in Patients Receiving Chemotherapy and Radiation for Head and Neck Cancer,"EpicentRx, Inc.",INDUSTRY,,0,PHASE2,INTERVENTIONAL,216.0,2024-04-02,ACTIVE_NOT_RECRUITING,Oral Mucositis,14,epicentrx,epicentrx
NCT00612794,"A Study to Examine Safety, Tolerability, Pharmacokinetics and Pharmacodynamics of Exenatide Once Weekly in Japanese Patients With Type 2 Diabetes",AstraZeneca,INDUSTRY,Eli Lilly and Company,1,PHASE1,INTERVENTIONAL,30.0,2007-09,COMPLETED,Type 2 Diabetes,4,astrazeneca,astrazeneca
NCT01082094,Study to Evaluate the Safety of a Single Escalating Dose of ACRX-100 in Adults With Ischemic Heart Failure,"Juventas Therapeutics, Inc.",INDUSTRY,,0,PHASE1,INTERVENTIONAL,17.0,2010-02,COMPLETED,Heart Failure,4,juventas,juventas
NCT04030494,Validation Study of an Advanced Blood Pressure Monitor,Withings,INDUSTRY,Clinact,1,,INTERVENTIONAL,218.0,2019-03-13,COMPLETED,Atrial Fibrillation; Hypertension; Valvular Heart Disease,1,withings,withings
NCT01027494,Topical Treatment of Acute Otitis Media Through Tympanostomy Tubes (AOMT) and Its Effect on Microbial Flora,Alcon Research,INDUSTRY,,0,,OBSERVATIONAL,318.0,2009-12,COMPLETED,Acute Otitis Media,1,alcon,alcon
NCT00302666,Bleeding Pattern Study,Bayer,INDUSTRY,,0,PHASE3,INTERVENTIONAL,1315.0,2003-06,COMPLETED,Oral Contraceptive,48,bayer,bayer
NCT01060566,Study of VX-770 on Midazolam and Rosiglitazone and the Effect of Fluconazole on VX-770,Vertex Pharmaceuticals Incorporated,INDUSTRY,,0,PHASE1,INTERVENTIONAL,24.0,2010-02,COMPLETED,Cystic Fibrosis,1,vertex pharmaceuticals incorporated,vertex pharmaceuticals incorporated
NCT01154166,"A Phase III, Randomised, Double-blind, Placebo-controlled, Parallel Group Study of Six Months Treatment With Ropinirole PR as Adjunctive Therapy in Patients With Parkinson's Disease Who Are Not Optimally Controlled on L-Dopa",GlaxoSmithKline,INDUSTRY,,0,PHASE3,INTERVENTIONAL,347.0,2010-02-15,COMPLETED,Parkinson Disease,18,gsk,gsk
NCT03072056,A Pharmacokinetic Study of MIN-101 and Its Metabolites in Healthy Subjects to Compare MIN-101 in Poor and Extensive Metabolizers,Minerva Neurosciences,INDUSTRY,,0,PHASE1,INTERVENTIONAL,23.0,2017-01-09,COMPLETED,Healthy Subjects,1,minerva neurosciences,minerva neurosciences
NCT01839656,"A Study to Assess the Efficacy, Safety and Pharmacokinetics of Nusinersen (ISIS 396443) in Infants With Spinal Muscular Atrophy (SMA)",Biogen,INDUSTRY,,0,PHASE2,INTERVENTIONAL,21.0,2013-05-08,COMPLETED,Spinal Muscular Atrophy,4,biogen,biogen
NCT07744256,Adaptive Phase 1/2 Study of Dual-Target CAR-NK Cells in Relapsed/Refractory Small Cell Lung Cancer (SCLC),Beijing Biotech,INDUSTRY,,0,PHASE1; PHASE2,INTERVENTIONAL,60.0,2026-03-02,RECRUITING,Small Cell Lung Cancer (SCLC); Relapsed/Refractory SCLC; Extensive-stage SCLC,1,beijing biotech,beijing biotech
NCT02981056,A Clinical Assessment of the Efficacy and Effects of Different Skincare Regimens on Infants,Johnson & Johnson Consumer and Personal Products Worldwide,INDUSTRY,"Beijing Children's Hospital; Shanghai China-Norm Management Consulting co.,LTD; Fudan University; Shaanxi Bio-regenerative Biotechnology co.LTD",4,,INTERVENTIONAL,150.0,2013-06,COMPLETED,Baby Skin Development,1,johnson and johnson consumer and personal products worldwide,johnson and johnson consumer and personal products worldwide
NCT01764022,A Safety and Efficacy Study of BCD-022 With Paclitaxel Compared to Herceptin With Paclitaxel in HER2+ Metastatic Breast Cancer Patients,Biocad,INDUSTRY,,0,PHASE3,INTERVENTIONAL,225.0,2012-10,COMPLETED,Human Epithelial Receptor (HER)-2 Positive Breast Cancer,36,biocad,biocad
NCT05740956,A Study of Hansoh (HS)-10502 in Patients With Advanced Solid Tumors,"Jiangsu Hansoh Pharmaceutical Co., Ltd.",INDUSTRY,,0,PHASE1,INTERVENTIONAL,318.0,2023-06-09,RECRUITING,Ovarian Cancer; Breast Cancer; Pancreatic Cancer; Prostatic Cancer; Colorectal Cancer,1,jiangsu hansoh,jiangsu hansoh
NCT00504556,A Study to Assess the Safety of a Potential New Drug in Comparison to the Standard Practice of Dosing With Warfarin for Non-valvular Atrial Fibrillation,Daiichi Sankyo,INDUSTRY,,0,PHASE2,INTERVENTIONAL,1146.0,2007-06,COMPLETED,Atrial Fibrillation; Thromboembolism,91,daiichi sankyo,daiichi sankyo
NCT01444456,Assessment of Quality of Life in Patients With Symptomatic Chemotherapy-induced Anaemia,Amgen,INDUSTRY,,0,,OBSERVATIONAL,1262.0,2011-10,COMPLETED,Anemia; Breast Cancer; Cancer; Colorectal Cancer; Lung Cancer; Ovarian Cancer; Prostate Cancer; Solid Tumors; Bladder Cancer; Endometrial Cancer; Renal Cancer; Pancreatic Cancer; Esophageal Cancer; Gastric Cancer,117,amgen,amgen
NCT02479022,"A Trial Investigating the Safety, Tolerability, Pharmacokinetics and Pharmacodynamics of Insulin 320 in Healthy Subjects",Novo Nordisk A/S,INDUSTRY,,0,PHASE1,INTERVENTIONAL,84.0,2015-06,COMPLETED,"Diabetes; Diabetes Mellitus, Type 2; Healthy",1,novo nordisk,novo nordisk
NCT01314222,Diabetic Peripheral Neuropathic Pain (DPNP),Bristol-Myers Squibb,INDUSTRY,,0,PHASE2,INTERVENTIONAL,178.0,2011-03,COMPLETED,Diabetic Peripheral Neuropathic Pain,24,bms,bms
NCT00058929,A Transition Study From Flolan® to Remodulin® in Patients With Pulmonary Arterial Hypertension,United Therapeutics,INDUSTRY,,0,PHASE4,INTERVENTIONAL,39.0,2002-10,COMPLETED,Pulmonary Arterial Hypertension; Pulmonary Hypertension,8,united,united
NCT00424931,A Safety and Effectiveness Study of a Single Dose of JNJ-17216498 in Patients With Narcolepsy,"Alza Corporation, DE, USA",INDUSTRY,,0,PHASE2,INTERVENTIONAL,16.0,2007-01,COMPLETED,Narcolepsy,16,alza corporation de,alza corporation de
NCT00106431,"A Single Agent Phase II Study of Romidepsin (Depsipeptide, FK228) in the Treatment of Cutaneous T-cell Lymphoma (CTCL)",Celgene,INDUSTRY,Celgene Corporation,1,PHASE2,INTERVENTIONAL,102.0,2005-01-01,COMPLETED,Cutaneous T-cell Lymphoma,11,bms,bms
NCT03362931,Safety and Effectiveness of the XEN45 Glaucoma Treatment System in Patients With Angle Closure Glaucoma,Allergan,INDUSTRY,,0,PHASE3,INTERVENTIONAL,65.0,2018-07-19,COMPLETED,Glaucoma; Angle-Closure,16,abbvie,abbvie
NCT07537231,"A Clinical Study to Evaluate the Absorption, Metabolism, and Excretion of Oral [14C]GS1-144 in Healthy Postmenopausal Female Participants","Changchun GeneScience Pharmaceutical Co., Ltd.",INDUSTRY,,0,PHASE1,INTERVENTIONAL,6.0,2026-04-09,ACTIVE_NOT_RECRUITING,Healthy Postmenopausal Women; Absorption; Metabolism; Excretion,1,changchun genescience,changchun genescience
NCT01284231,A Study to Evaluate the Safety and Tolerability of MEDI-565 in Adults With Gastrointestinal Adenocarcinomas,MedImmune LLC,INDUSTRY,,0,PHASE1,INTERVENTIONAL,78.0,2010-12,COMPLETED,Gastrointestinal Adenocarcinomas,4,astrazeneca,astrazeneca
NCT01791231,"A Study to Investigate the Absorption, Metabolism, and Excretion of Canagliflozin (JNJ-28431754) in Healthy Male Volunteers","Johnson & Johnson Pharmaceutical Research & Development, L.L.C.",INDUSTRY,,0,PHASE1,INTERVENTIONAL,6.0,2007-08,COMPLETED,Healthy,1,johnson and johnson pharmaceutical research and development l l c,johnson and johnson pharmaceutical research and development l l c
NCT00198302,"Clinical Trial Comparing Safety and Pharmacokinetics of Standard Antibiotic Therapy, Plus Aurexis® or Placebo, for Treatment of Staphylococcus Aureus Bacteremia (SAB)",Bristol-Myers Squibb,INDUSTRY,,0,PHASE2,INTERVENTIONAL,60.0,,COMPLETED,Staphylococcus Aureus Bacteremia,0,bms,bms
NCT03924453,Usability Study of the Pearl Fertility Tracking Device,MFB Fertility,INDUSTRY,,0,,OBSERVATIONAL,35.0,2017-12-01,COMPLETED,Ovulation Disorder,1,mfb fertility,mfb fertility
NCT04280653,"An Open-Label, Multi-Center, Clinical Study Evaluating the Effect of the NDE L68 StableFit® Punctal Plug on the Tear Lake",Mati Therapeutics Inc.,INDUSTRY,,0,,INTERVENTIONAL,15.0,2019-08-28,COMPLETED,Dry Eye Syndromes,2,mati,mati
NCT02325037,First-in-Human Single and Multiple Dose of GLPG1837,Lakefront Biotherapeutics NV,INDUSTRY,,0,PHASE1,INTERVENTIONAL,64.0,2014-12,COMPLETED,Healthy,1,lakefront biotherapeutics,lakefront biotherapeutics
NCT00541437,Type 2 Diabetes Patients Switched From Sulfonylurea With Metformin to Glyburide/Metformin Combination Tablet,"Genovate Biotechnology Co., Ltd.,",INDUSTRY,,0,,OBSERVATIONAL,12.0,2006-05,COMPLETED,Type 2 Diabetes Mellitus,1,genovate biotechnology,genovate biotechnology
NCT05862337,Anlotinib Hydrochloride Capsules Combined With Penpulimab Injection for the Treatment of Hepatocellular Carcinoma at High Risk of Recurrence.,"Chia Tai Tianqing Pharmaceutical Group Co., Ltd.",INDUSTRY,,0,PHASE3,INTERVENTIONAL,480.0,2023-05-10,RECRUITING,Hepatocellular Carcinoma,67,chia tai tianqing,chia tai tianqing
NCT05953337,Radioembolization Trial Utilizing Eye90 Microspheres™ for the Treatment of Hepatocellular Carcinoma (HCC),ABK Biomedical,INDUSTRY,,0,,INTERVENTIONAL,120.0,2023-09-21,ACTIVE_NOT_RECRUITING,Hepatocellular Carcinoma; Hepatocellular Carcinoma Non-resectable; Liver Cancer,22,abk biomedical,abk biomedical
NCT00997945,"10mg ZD4054 (Zibotentan) PK Study in Male, Elderly Chinese Patients With Advanced Solid Malignancies",AstraZeneca,INDUSTRY,,0,PHASE1,INTERVENTIONAL,15.0,2009-10,COMPLETED,Advanced Solid Malignancies,1,astrazeneca,astrazeneca
NCT00251745,Efficacy and Safety of Dexlansoprazole Modified Release Formulation to Treat Heartburn,Takeda,INDUSTRY,,0,PHASE3,INTERVENTIONAL,908.0,2005-12,COMPLETED,Gastroesophageal Reflux Disease,95,takeda,takeda
NCT00250445,A Study to Evaluate the Safety of an Investigational Drug (Etoricoxib) in Patients With Osteoarthritis (OA) or Rheumatoid Arthritis (RA)(0663-066),Organon and Co,INDUSTRY,,0,PHASE3,INTERVENTIONAL,23498.0,2003-01,COMPLETED,"Rheumatoid Arthritis,Osteoarthritis",0,organon and,organon and
NCT00435695,"Study Of Safety, Blood Levels, And Brain Receptor Occupancy Of GSK163090 Using PET Imaging In Healthy Males",GlaxoSmithKline,INDUSTRY,,0,PHASE1,INTERVENTIONAL,13.0,2006-11,COMPLETED,Healthy Subjects; Depressive Disorder and Anxiety Disorders,1,gsk,gsk
NCT01176695,Efficacy and Safety of a Fish Oil Containing Lipid Emulsion,B. Braun Melsungen AG,INDUSTRY,,0,PHASE3,INTERVENTIONAL,240.0,2010-04,COMPLETED,Parenteral Nutrition,2,b braun melsungen,b braun melsungen
NCT04807439,A U.S Post Approval Study Evaluating the SYNERGY XLV (MEGATRON) Stent System,Boston Scientific Corporation,INDUSTRY,,0,,OBSERVATIONAL,100.0,2021-04-14,COMPLETED,"Atherosclerosis; Heart Diseases, Coronary; Coronary Artery Disease; Cardiovascular Diseases",8,boston scientific,boston scientific
NCT00117377,Effects of Pimecrolimus Cream 1% on the Molecular and Cellular Profile of Adult Male Patients With Atopic Dermatitis,Novartis,INDUSTRY,,0,PHASE4,INTERVENTIONAL,70.0,2004-04,COMPLETED,Atopic Dermatitis,3,novartis,novartis
NCT05336877,Aveir VR Coverage With Evidence Development Post-Approval Study,Abbott Medical Devices,INDUSTRY,,0,,OBSERVATIONAL,8744.0,2022-06-21,RECRUITING,Cardiac Pacemaker; Arrythmia; Bradycardia,1,abbott medical devices,abbott medical devices
NCT06064877,A Study of Ficlatuzumab in Combination With Cetuximab in Participants With Recurrent or Metastatic (R/M) HPV Negative Head and Neck Squamous Cell Carcinoma,"AVEO Pharmaceuticals, Inc.",INDUSTRY,,0,PHASE3,INTERVENTIONAL,410.0,2024-01-11,RECRUITING,Metastatic Head-and-neck Squamous-cell Carcinoma; Recurrent Head and Neck Squamous Cell Carcinoma,112,aveo,aveo
NCT02700477,Evaluation of Fenugreek Seed Extract In Type- 2 Diabetes: An Add-On Study,Chemical Resources,INDUSTRY,,0,PHASE4,INTERVENTIONAL,154.0,2013-07,COMPLETED,Diabetes,0,chemical resources,chemical resources
NCT06309277,A Clinical Study to Evaluate of Single and Multiple Oral Doses of GM-1020 in Patients With MDD,Gilgamesh Pharmaceuticals,INDUSTRY,,0,PHASE2,INTERVENTIONAL,46.0,2024-02-01,COMPLETED,Major Depressive Disorder,1,gilgamesh,gilgamesh
NCT01261975,Co-Axial Micro-Incision Versus Co-Axial Small Incision Cataract Surgery Using the Stellaris Enhancement System,Bausch & Lomb Incorporated,INDUSTRY,,0,PHASE4,INTERVENTIONAL,36.0,2009-08,COMPLETED,Cataract; Aphakia,0,bausch and lomb incorporated,bausch and lomb incorporated
NCT01735175,Phase III Study Comparing the Efficacy and Safety of LA-EP2006 and Neulasta®,Sandoz,INDUSTRY,Sandoz GmbH,1,PHASE3,INTERVENTIONAL,316.0,2012-06,COMPLETED,Neutropenic Complications; Breast Neoplasms; Chemotherapy-induced Neutropenia; Chemotherapeutic Toxicity,41,sandoz,sandoz
NCT05154175,"Effectiveness of Ottobock Helmet Therapy in Infants With Plagiocephaly, Brachycephaly or Combination of Both",Otto Bock France SNC,INDUSTRY,Quanta Medical,1,,OBSERVATIONAL,452.0,2021-11-15,COMPLETED,"Plagiocephaly, Positional; Plagiocephaly, Nonsynostotic; Brachycephaly",12,otto bock france snc,otto bock france snc
NCT06450275,Bioequivalence Study to Compare Dolutegravir 50mg Film-coated Tablets,Humanis Saglık Anonim Sirketi,INDUSTRY,,0,PHASE1,INTERVENTIONAL,32.0,2024-01-03,COMPLETED,HIV Infections,1,humanis saglık anonim sirketi,humanis saglık anonim sirketi
NCT02833857,A Single-dose Study in Paediatric Patients Aged 2 to Less Than 18 Years With Secondary Hyperparathyroidism (sHPT) Receiving Haemodialysis,Amgen,INDUSTRY,,0,PHASE1,INTERVENTIONAL,11.0,2017-03-14,COMPLETED,"Chronic Kidney Disease, Secondary Hyperparathyroidism",13,amgen,amgen
NCT03873857,A Study to Assess Effectiveness of Venclexta (Venetoclax) in Patients With Relapse or Refractory Chronic Lymphocytic Leukemia in Routine Clinical Practice in Russian Federation,AbbVie,INDUSTRY,,0,,OBSERVATIONAL,71.0,2019-02-25,COMPLETED,Chronic Lymphocytic Leukemia (CLL); Cancer,20,abbvie,abbvie
NCT01753557,"Efficacy and Safety of MP-424, Peginterferon Alfa-2a (PEG-IFN Alfa-2a), and Ribavirin(RBV) in Treatment-Naïve or Relapsed Hepatitis C",Tanabe Pharma Corporation,INDUSTRY,,0,PHASE3,INTERVENTIONAL,54.0,2012-12,COMPLETED,Chronic Hepatitis C (CHC),1,tanabe,tanabe
NCT06378801,Radicle Relaxation 24: A Study of Health and Wellness Products on Stress and Related Health Outcomes,Radicle Science,INDUSTRY,,0,,INTERVENTIONAL,1700.0,2024-02-29,COMPLETED,Stress,1,radicle,radicle
NCT00833001,Clinical Performance of the GYNECARE PROLIFT + M* Pelvic Floor Repair System as a Device for Pelvic Organ Prolapse,"Ethicon, Inc.",INDUSTRY,,0,,OBSERVATIONAL,126.0,2008-04,COMPLETED,Cystocele; Rectocele; Enterocele,8,ethicon,ethicon
NCT06059001,"Study to Evaluate the Safety, PK, and Efficacy of the Myc Inhibitor OMO-103 Administered iv in Patients With PDAC",Peptomyc S.L.,INDUSTRY,,0,PHASE1,INTERVENTIONAL,26.0,2023-08-31,ACTIVE_NOT_RECRUITING,Metastatic Pancreatic Cancer,6,peptomyc s l,peptomyc s l
NCT02571712,Safety of GANFORT® Ophthalmic Solution in Chinese Patients With Open-angle Glaucoma or Ocular Hypertension,Allergan,INDUSTRY,,0,PHASE4,INTERVENTIONAL,750.0,2015-11-10,COMPLETED,"Glaucoma, Open-Angle; Ocular Hypertension",15,abbvie,abbvie
NCT00621712,Clinical Assessment of a New Catheter Surface Coating With Antimicrobial Properties,Vantive Health LLC,INDUSTRY,Gambro Dialysatoren GmbH; Baxter Healthcare Corporation,2,,INTERVENTIONAL,90.0,2007-10,COMPLETED,Renal Insufficiency,1,vantive,vantive
NCT02703181,"Dose Escalation Study to Evaluate the Pharmacokinetics, Safety, and Tolerability of Epelsiban Administered in Repeat Doses in Healthy Women Volunteers",GlaxoSmithKline,INDUSTRY,,0,PHASE1,INTERVENTIONAL,31.0,2015-07-09,COMPLETED,Embryo Transfer,1,gsk,gsk
NCT01342081,DE-111 Against Tafluprost Ophthalmic Solution 0.0015% Alone and Concomitant Use of Tafluprost Ophthalmic Solution 0.0015% Plus Timolol Ophthalmic Solution 0.5%,"Santen Pharmaceutical Co., Ltd.",INDUSTRY,,0,PHASE3,INTERVENTIONAL,489.0,2011-05,COMPLETED,Open Angle Glaucoma; Ocular Hypertension,1,santen,santen
NCT00268281,Left Ventricular Capture Management (LVCM) Software Download Clinical Trial,Medtronic Cardiac Rhythm and Heart Failure,INDUSTRY,,0,,INTERVENTIONAL,107.0,2004-12,COMPLETED,Heart Failure,18,medtronic cardiac rhythm and heart failure,medtronic cardiac rhythm and heart failure
NCT05598281,Study to Evaluate the Effect of AMG 510 on the Pharmacokinetics (PK) of Digoxin in Healthy Participants,Amgen,INDUSTRY,,0,PHASE1,INTERVENTIONAL,14.0,2019-11-05,COMPLETED,Healthy Participants,1,amgen,amgen
NCT00688519,Study to Compare U0267 Against Vehicle in Subjects With Plaque-type Psoriasis One of Two Phase 3 Studies,"Stiefel, a GSK Company",INDUSTRY,GlaxoSmithKline,1,PHASE3,INTERVENTIONAL,336.0,2008-03,COMPLETED,Psoriasis,13,stiefel a gsk,stiefel a gsk
NCT04871919,Prospective Observational Study of Filgotinib in Subjects With Rheumatoid Arthritis,Alfasigma S.p.A.,INDUSTRY,,0,,OBSERVATIONAL,1304.0,2021-05-11,ACTIVE_NOT_RECRUITING,Rheumatoid Arthritis,89,alfasigma s p a,alfasigma s p a
NCT05202119,Empower: tDCS for Major Depressive Disorder at Home,Flow Neuroscience AB,INDUSTRY,University of Texas; University of East London,2,,INTERVENTIONAL,174.0,2022-05-12,COMPLETED,Major Depressive Disorder,2,flow neuroscience ab,flow neuroscience ab
NCT07232719,A Study of Retatrutide (LY3437943) in Participants With Obesity or Overweight,Eli Lilly and Company,INDUSTRY,,0,PHASE3,INTERVENTIONAL,250.0,2025-11-17,ACTIVE_NOT_RECRUITING,Obesity; Overweight,31,eli lilly,eli lilly
NCT06801119,Efficacy and Safety of HN2301 in Autoimmune Diseases（AIDs）,"Shenzhen MagicRNA Biotechnology Co., Ltd",INDUSTRY,The First Affiliated Hospital of University of Science and Technology of China,1,PHASE1,INTERVENTIONAL,30.0,2025-03-16,RECRUITING,Systemic Lupus Erythematosus; Scleroderma; Rheumatoid Arthritis,1,shenzhen magicrna biotechnology,shenzhen magicrna biotechnology
NCT03274219,Study of bb21217 in Multiple Myeloma,2seventy bio,INDUSTRY,,0,PHASE1,INTERVENTIONAL,72.0,2017-08-16,COMPLETED,Multiple Myeloma,11,2seventy bio,2seventy bio
NCT02830919,Clinical Study of Non-inferiority With Participants Diagnosed With Primary Knee OA (GLACIAL),Eurofarma Laboratorios S.A.,INDUSTRY,,0,PHASE3,INTERVENTIONAL,627.0,2016-12-05,COMPLETED,Osteoarthritis of Knee,4,eurofarma laboratorios s a,eurofarma laboratorios s a
NCT01108419,Evaluation of Dose-effect of a New Fermented Food in Healthy Adults,Danone Global Research & Innovation Center,INDUSTRY,,0,,INTERVENTIONAL,96.0,2010-03,COMPLETED,Healthy,1,danone global research and innovation center,danone global research and innovation center
NCT01852019,Cangrelor Prasugrel Transition Study,The Medicines Company,INDUSTRY,,0,PHASE2,INTERVENTIONAL,12.0,2013-06,COMPLETED,Coronary Artery Disease,1,the medicines,the medicines
NCT05428930,Safety and Efficacy of CKDB-501B in Subjects With Moderate-to-severe Glabellar Lines,CKD Bio Corporation,INDUSTRY,,0,PHASE1,INTERVENTIONAL,30.0,2022-06-22,COMPLETED,Glabellar Lines,1,ckd bio,ckd bio
NCT01533428,A Study to Evaluate Efficacy and Safety of a Single Application of Capsaicin 8%Transdermal Delivery System Compared to Placebo in Reducing Pain Intensity in Subjects With Painful Diabetic Peripheral Neuropathy (PDPN),Astellas Pharma Inc,INDUSTRY,,0,PHASE3,INTERVENTIONAL,369.0,2012-02,COMPLETED,Diabetic Peripheral Neuropathy; Pain,29,astellas,astellas
NCT05094128,A Study to Assess Disease Activity in Adult Participants With Axial Spondyloarthritis Who Receive Upadacitinib in a Real-world Setting,AbbVie,INDUSTRY,,0,,OBSERVATIONAL,338.0,2021-11-22,ACTIVE_NOT_RECRUITING,Axial Spondylarthritis (r-axSpA),72,abbvie,abbvie
NCT00329628,Rivaroxaban (10mg) Given Once Daily in Patients Undergoing Total Hip Replacement Compared to Enoxaparin,Bayer,INDUSTRY,,0,PHASE3,INTERVENTIONAL,4541.0,2006-02,COMPLETED,Venous Thromboembolism,215,bayer,bayer
NCT03146065,"Evaluation Of Safety, Tolerability And Pharmacokinetics Of Single And Multiple Doses Of PF-06730512",Pfizer,INDUSTRY,,0,PHASE1,INTERVENTIONAL,79.0,2017-05-10,COMPLETED,Healthy,1,pfizer,pfizer
NCT01545765,Anesthetic Effect Duration Assessment,Galderma R&D,INDUSTRY,,0,PHASE4,INTERVENTIONAL,30.0,2012-05,COMPLETED,Healthy Volunteers,1,galderma r and d,galderma r and d
NCT02306265,Assessment of Diagnostic Accuracy and Performance of Digital Breast Tomosynthesis Compared to Mammography,GE Healthcare,INDUSTRY,,0,,INTERVENTIONAL,250.0,2015-05,COMPLETED,"Breast Cancer; Tumors, Breast; Cancer Screening",2,ge healthcare,ge healthcare
NCT03684265,A Study to Compare the Amount of Meloxicam in the Blood When it is Taken as Capsules or as Tablets,Boehringer Ingelheim,INDUSTRY,,0,PHASE1,INTERVENTIONAL,26.0,2018-10-05,COMPLETED,Healthy,1,boehringer,boehringer
NCT06817265,Clinical Study on the Efficacy and Safety of TNTL in the Treatment of Non-proliferative Diabetic Retinopathy,"Beletalent (Zhuhai) Pharmaceutical Co., Ltd",INDUSTRY,,0,PHASE3,INTERVENTIONAL,360.0,2025-04-29,RECRUITING,Non-Proliferative Diabetic Retinopathy,30,beletalent zhuhai,beletalent zhuhai
NCT00254267,Evaluate the Efficacy of AMG 706 to Treat Advanced Gastrointestinal Stromal Tumors,Amgen,INDUSTRY,Takeda,1,PHASE2,INTERVENTIONAL,35.0,2005-11,COMPLETED,Advanced Gastrointestinal Stromal Tumor,0,amgen,amgen
NCT01321567,Quality of Life in New Treatable Therapy as Rabeprazole Option for Refractory Reflux Esophagitis,"Eisai Co., Ltd.",INDUSTRY,,0,,OBSERVATIONAL,2157.0,2011-01-01,COMPLETED,Refractory Reflux Esophagitis,447,eisai,eisai
NCT06077500,DAREONᵀᴹ-8: A Study to Test How Well Different Doses of BI 764532 in Addition to Standard of Care Are Tolerated by People With Advanced Small Cell Lung Cancer,Boehringer Ingelheim,INDUSTRY,,0,PHASE1,INTERVENTIONAL,46.0,2024-02-14,ACTIVE_NOT_RECRUITING,Small Cell Lung Carcinoma (SCLC),21,boehringer,boehringer
NCT07084207,A Study to Expand the Use of Symani® Surgical System for Peripheral Nerve Repair,"MMI (Medical Microinstruments, Inc.)",INDUSTRY,,0,,INTERVENTIONAL,100.0,2025-12-18,RECRUITING,Nerve Injury; Peripheral Nerve Injuries,1,mmi medical microinstruments,mmi medical microinstruments
NCT03086707,Prefatory Study to Explore Changes in Nasal Mucociliary Clearance and to Standardize Nasal Scraping Procedure,Philip Morris Products S.A.,INDUSTRY,,0,,INTERVENTIONAL,14.0,2017-01-21,COMPLETED,Smokers; Never Smokers,2,philip morris products s a,philip morris products s a
NCT00812292,"TMC278-TiDP38-C145: A Bioavailability Study in Healthy Adult Volunteers to Evaluate 3 Pediatric Formulations of TMC278 (a Solution, a Suspension, and Granules) Compared to an Adult Tablet Formulation","Tibotec Pharmaceuticals, Ireland",INDUSTRY,,0,PHASE1,INTERVENTIONAL,36.0,2009-01,COMPLETED,Pharmacokinetics; Bioavailability; HIV-1,0,tibotec pharmaceuticals ireland,tibotec pharmaceuticals ireland
NCT06394492,SHR-A1921 for Injection in Patients With Platinum-Resistant Recurrent Epithelial Ovarian Cancer,"Suzhou Suncadia Biopharmaceuticals Co., Ltd.",INDUSTRY,,0,PHASE3,INTERVENTIONAL,440.0,2024-05-10,RECRUITING,Ovarian Cancer,2,suzhou suncadia,suzhou suncadia
NCT05107492,"Evaluation of the Pharmacokinetics, Safety and Tolerability of Single Dose of PF-06480605 in Chinese Healthy Participants",Pfizer,INDUSTRY,,0,PHASE1,INTERVENTIONAL,12.0,2021-11-19,COMPLETED,Inflammatory Bowel Disease,1,pfizer,pfizer
NCT00547092,"Study For Which Treatment, Tadalafil or Sildenafil, is Preferred For Problems Getting or Maintaining an Erection",Eli Lilly and Company,INDUSTRY,ICOS Corporation,1,PHASE4,INTERVENTIONAL,386.0,2003-10,COMPLETED,Impotence,1,eli lilly,eli lilly
NCT02854436,An Efficacy and Safety Study of Niraparib in Men With Metastatic Castration-Resistant Prostate Cancer and DNA-Repair Anomalies,"Janssen Research & Development, LLC",INDUSTRY,,0,PHASE2,INTERVENTIONAL,289.0,2016-08-31,COMPLETED,Prostatic Neoplasms,110,janssen research and,janssen research and
NCT06876311,"Observational Study to Evaluate the STALIF® C FLX, STALIF® M FLX, STALIF® L FLX Cages and FORTOS-C®",Silony Medical GmbH,INDUSTRY,,0,,OBSERVATIONAL,100.0,2025-03-04,ACTIVE_NOT_RECRUITING,Degenerative Cervical Disc Disease; Degenerative Lumbar Diseases,1,silony,silony
NCT05969236,A Study of MDI-1228_mesylate Ophthalmic Solution in Healthy Adults,"Shanghai Medinno Pharmaceutical Technology Co., Ltd.",INDUSTRY,,0,PHASE1,INTERVENTIONAL,40.0,2023-10-06,COMPLETED,Allergic Conjunctivitis,1,shanghai medinno pharmaceutical technology,shanghai medinno pharmaceutical technology
NCT06084936,A Study to Evaluate Glofitamab as a Single Agent vs. Investigator's Choice in Participants With Relapsed/Refractory Mantle Cell Lymphoma,Hoffmann-La Roche,INDUSTRY,,0,PHASE3,INTERVENTIONAL,182.0,2023-10-22,RECRUITING,Lymphoma,82,roche,roche
NCT06391736,Evaluation of the Safety and Efficacy of Late-onset Pompe Disease Gene Therapy Drug,GeneCradle Inc,INDUSTRY,,0,PHASE1; PHASE2,INTERVENTIONAL,33.0,2024-04-19,RECRUITING,Pompe Disease (Late-onset),1,genecradle,genecradle
NCT01175811,A Study Comparing Insulin Intensification Therapies in Patients With Type 2 Diabetes Mellitus,Eli Lilly and Company,INDUSTRY,,0,PHASE4,INTERVENTIONAL,402.0,2011-02,COMPLETED,"Diabetes Mellitus, Type 2",14,eli lilly,eli lilly
NCT06399211,Investigation of the Safety and Effectiveness of Monofocal Toric Intraocular Lens (IOL),"Beaver-Visitec International, Inc.",INDUSTRY,,0,,INTERVENTIONAL,261.0,2024-06-28,COMPLETED,Eye Diseases; Postcataract Aphakia; Cataract; Lens Opacities; Astigmatism,0,beaver visitec,beaver visitec
NCT00939471,Safety and Efficacy of Balloon Sinuplasty in Pediatric Sinusitis,Integra LifeSciences Corporation,INDUSTRY,Acclarent,1,,INTERVENTIONAL,44.0,2007-04-01,COMPLETED,Chronic Sinusitis,1,integra lifesciences,integra lifesciences
NCT01252771,Phosphate Kinetic Modeling 2,Fresenius Medical Care North America,INDUSTRY,Renal Research Institute,1,PHASE4,INTERVENTIONAL,81.0,2010-09,COMPLETED,Hyperphosphatemia; ESRD,1,fresenius medical care north america,fresenius medical care north america
NCT06894771,A Study of MK-4700 Alone or With Pembrolizumab in Participants With Advanced or Metastatic Solid Tumors (MK-4700-001),Merck Sharp & Dohme LLC,INDUSTRY,,0,PHASE1,INTERVENTIONAL,5.0,2025-04-23,COMPLETED,Malignant Neoplasm,7,merck,merck
NCT05954871,"Study to Evaluate the Safety, Pharmacokinetics, and Activity of GDC-1971 in Combination With Either Osimertinib in Participants With Unresectable, Locally Advanced, or Metastatic Non-Small Cell Lung Cancer, or With Cetuximab in Participants With Metastatic Colorectal Cancer","Genentech, Inc.",INDUSTRY,,0,PHASE1,INTERVENTIONAL,10.0,2024-01-08,COMPLETED,Colorectal Cancer; Non-Small Cell Lung Cancer,6,roche,roche
NCT01381471,Fluticasone Propionate-salmeterol Combination Adherence in Patients With Chronic Obstructive Pulmonary Disease (COPD),GlaxoSmithKline,INDUSTRY,,0,,OBSERVATIONAL,11060.0,2009-08,COMPLETED,"Pulmonary Disease, Chronic Obstructive",0,gsk,gsk
NCT03455244,Angiogram Based Fractional Flow Reserve in Patients With Multi-Vessel Disease,CathWorks Ltd.,INDUSTRY,,0,,OBSERVATIONAL,50.0,2017-11-14,COMPLETED,Multi Vessel Coronary Artery Disease,1,cathworks,cathworks
NCT03257644,A Pharmacokinetic Study of Ruxolitinib Phosphate Cream in Pediatric Subjects With Atopic Dermatitis,Incyte Corporation,INDUSTRY,,0,PHASE1,INTERVENTIONAL,70.0,2017-09-21,COMPLETED,Atopic Dermatitis,23,incyte,incyte
NCT07482644,Efficacy and Safety of an Essential Oil-Based Product System for Immune Support,dōTERRA International,INDUSTRY,,0,,INTERVENTIONAL,40.0,2026-06-10,ACTIVE_NOT_RECRUITING,Healthy,1,dōterra,dōterra
NCT01670344,Evaluation of an Innovative Medical Device Supporting Orthopedic Surgical Interventions,Siemens Healthcare QT,INDUSTRY,,0,,INTERVENTIONAL,80.0,2012-07,COMPLETED,Fracture of Distal End of Radius,1,siemens healthcare qt,siemens healthcare qt
NCT07492264,Evaluation of Food Supplementation in Subjects With Suboptimal Levels of LDL Cholesterol,Cooper Consumer Health,INDUSTRY,Meda Pharma S.p.A.,1,,INTERVENTIONAL,90.0,2020-02-21,COMPLETED,Dyslipidaemia,1,cooper consumer,cooper consumer
NCT01130064,Efficacy of QAX576 in Asthma,Novartis Pharmaceuticals,INDUSTRY,,0,PHASE2,INTERVENTIONAL,259.0,2010-05,COMPLETED,Asthma,52,novartis,novartis
NCT03589664,CT Data Collection Study,Medtronic Cardiac Rhythm and Heart Failure,INDUSTRY,,0,,OBSERVATIONAL,100.0,2018-07-20,COMPLETED,Cardiac Disease,1,medtronic cardiac rhythm and heart failure,medtronic cardiac rhythm and heart failure
NCT00381264,Evaluation of the Efficacy of Cesamet™ for the Treatment of Pain in Patients With Multiple Sclerosis,"NEMA Research, Inc.",INDUSTRY,,0,PHASE4,INTERVENTIONAL,23.0,2006-09,COMPLETED,Multiple Sclerosis,4,nema,nema
NCT07034209,"A Study to Evaluate the Efficacy, Safety, Tolerability, Pharmacokinetic Characteristics, and Immunogenicity of Plonmarlimab in Subjects With Rheumatic and Immunological Disease-associated Haemophagocytic Lymphohistiocytosis (HLH) (Also Known as Macrophage Activation Syndrome (MAS))","TJ Biopharma Co., Ltd.",INDUSTRY,,0,PHASE2,INTERVENTIONAL,18.0,2023-04-07,COMPLETED,Hemophagocytic Lymphohistiocytoses,6,tj biopharma,tj biopharma
NCT00517309,Study to Test the Safety of HPV Vaccine in Women (V501-011)(COMPLETED),Merck Sharp & Dohme LLC,INDUSTRY,,0,PHASE3,INTERVENTIONAL,1877.0,2001-12-28,COMPLETED,Cervical Cancer; Genital Warts,0,merck,merck
NCT00528099,Study Evaluating IMA-026 in Healthy Japanese Males,Wyeth is now a wholly owned subsidiary of Pfizer,INDUSTRY,,0,PHASE1,INTERVENTIONAL,50.0,2007-10,COMPLETED,Healthy,1,wyeth is now a wholly owned subsidiary of pfizer,wyeth is now a wholly owned subsidiary of pfizer
NCT02636699,Efficacy and Safety of Viaskin Peanut in Children With Immunoglobulin E (IgE)-Mediated Peanut Allergy,DBV Technologies,INDUSTRY,,0,PHASE3,INTERVENTIONAL,500.0,2015-12,COMPLETED,Peanut Allergy,31,dbv technologies,dbv technologies
NCT02446899,Efficacy and Safety of Anifrolumab Compared to Placebo in Adult Subjects With Active Systemic Lupus Erythematosus,AstraZeneca,INDUSTRY,PRA Health Sciences,1,PHASE3,INTERVENTIONAL,373.0,2015-07-09,COMPLETED,Active Systemic Lupus Erythematosus,113,astrazeneca,astrazeneca
NCT04949399,A Study To Assess the Safety and Effects of OnabotulinumtoxinA (BOTOX) Intramuscular Injection in Adult Participants With Moderate to Severe Platysma Prominence,AbbVie,INDUSTRY,,0,PHASE3,INTERVENTIONAL,408.0,2021-07-08,COMPLETED,Platysma Prominence,30,abbvie,abbvie
NCT04736199,Darolutamide in Addition to ADT Versus ADT in Metastatic Hormone-sensitive Prostate Cancer,Bayer,INDUSTRY,"Orion Corporation, Orion Pharma",1,PHASE3,INTERVENTIONAL,669.0,2021-02-23,COMPLETED,Prostatic Neoplasms,131,bayer,bayer
NCT07575529,DORA - A Study Using Digital Health Tools/Platform to Explore the Impact of the Consumption of Senior Milk Powder Containing Synbiotics on the Gut micRobiome in Healthy Aging Individuals,"Danone Asia Pacific Holdings Pte, Ltd.",INDUSTRY,Woodlands Health Campus,1,,INTERVENTIONAL,100.0,2026-04-27,RECRUITING,Healthy Adult Participants; Gut Microbiomes; AI,1,danone asia pacific holdings pte,danone asia pacific holdings pte
NCT07712731,HPP737 in Adult Patients With Plaque Psoriasis,"Newsoara Biopharma Co., Ltd.",INDUSTRY,,0,PHASE3,INTERVENTIONAL,607.0,2025-04-18,COMPLETED,Psoriasis,60,newsoara,newsoara
NCT04755231,Post-Market Clinical Study of the PanOptix Intraocular Lens (IOL) in a Chinese Population,Alcon Research,INDUSTRY,,0,,INTERVENTIONAL,181.0,2021-04-19,COMPLETED,Aphakia; Presbyopia,9,alcon,alcon
NCT05761431,A Single-dose Study of Octreotide Injection in Healthy Adult Subjects,"CSPC ZhongQi Pharmaceutical Technology Co., Ltd.",INDUSTRY,,0,PHASE1,INTERVENTIONAL,56.0,2023-03-02,COMPLETED,Acromegaly,1,cspc zhongqi pharmaceutical technology,cspc zhongqi pharmaceutical technology
NCT07586202,A Study of Neoadjuvant Amivantamab With Either Lazertinib or Chemotherapy in Participants With Resectable EGFR-Mutated NSCLC,"Janssen Research & Development, LLC",INDUSTRY,,0,PHASE2,INTERVENTIONAL,68.0,2026-07-28,RECRUITING,"Carcinoma, Non-Small-Cell Lung",8,janssen research and,janssen research and
NCT04506502,Functional Change With MMS,Zeltiq Aesthetics,INDUSTRY,,0,,INTERVENTIONAL,16.0,2020-03-04,COMPLETED,Muscle Weakness,1,zeltiq aesthetics,zeltiq aesthetics
NCT07023302,A Study to Evaluate the Safety and Effectiveness of Upadacitinib Tablets in Adult and Adolescent Participants in Japan With Alopecia Areata,AbbVie,INDUSTRY,,0,PHASE3,INTERVENTIONAL,125.0,2025-06-19,ACTIVE_NOT_RECRUITING,Alopecia Areata,15,abbvie,abbvie
NCT00646945,Study of the Efficacy of Kalinox® 170 Bar in Adult Oncology,Air Liquide Santé International,INDUSTRY,,0,PHASE4,INTERVENTIONAL,204.0,2007-09,COMPLETED,Cancer; Pain,1,air liquide santé,air liquide santé
NCT01910545,Phase 1 Study of OTS167 in Patients With Solid Tumors,"OncoTherapy Science, Inc.",INDUSTRY,,0,PHASE1,INTERVENTIONAL,32.0,2013-08-23,COMPLETED,Solid Tumors; Metastatic Tumors,1,oncotherapy,oncotherapy
NCT06686745,Study of SIM0508 Alone and in Combination in Patients With Advanced Solid Tumors,"Jiangsu Simcere Pharmaceutical Co., Ltd.",INDUSTRY,"Shanghai Xianxiang Medical Technology Co., Ltd.",1,PHASE1,INTERVENTIONAL,130.0,2024-12-06,RECRUITING,Advanced Solid Tumors,2,jiangsu simcere,jiangsu simcere
NCT02572245,A Study of PF-06410293 Following Subcutaneous Administration Using A Prefilled Syringe Or A Prefilled Pen In Healthy Adult Subjects,Pfizer,INDUSTRY,,0,PHASE1,INTERVENTIONAL,164.0,2016-01,COMPLETED,Healthy Subjects,1,pfizer,pfizer
NCT06916845,Data Collection for CV-3E AI Software Development,"Capso Vision, Inc.",INDUSTRY,,0,,INTERVENTIONAL,86.0,2025-03-16,COMPLETED,Colonic Polyps,4,capso vision,capso vision
NCT06647745,"A Randomized, Double-blind, Multi-center, Active-controlled, Phase 3 Clinical Trial to Evaluate the Efficacy and Safety of Combination Therapy of THP-00101, THP-00102, and THP-00103 in Subjects With T2DM and Essential Hypertension",THPharm Corp.,INDUSTRY,,0,PHASE3,INTERVENTIONAL,221.0,2025-04-10,RECRUITING,Type 2 Diabetes; Hypertension,2,thpharm,thpharm
NCT05024695,Evaluate the Safety and Effectiveness of iSTAR Medical's MINIject™ Implant for Lowering Intraocular Pressure (IOP) in Subjects With Primary Open-angle Glaucoma.,iSTAR Medical,INDUSTRY,,0,,INTERVENTIONAL,975.0,2021-08-19,ACTIVE_NOT_RECRUITING,Glaucoma,37,istar,istar
NCT06189495,"A Randomized, Double-blind, Placebo-controlled Phase II Clinical Study to Evaluate the Safety, Tolerability, Efficacy, and Pharmacokinetic Profile of Genakumab Injection in Patients With Connective Tissue Disease-associated Interstitial Lung Disease","Changchun GeneScience Pharmaceutical Co., Ltd.",INDUSTRY,West China Hospital,1,PHASE2,INTERVENTIONAL,30.0,2023-12-30,RECRUITING,Systemic Sclerosis Associated Interstitial Lung Disease; Rheumatoid Arthritis Associated Interstitial Lung Disease (RA-ILD); Systemic Sclerosis Associated Interstitial Lung Disease (SSc-ILD),4,changchun genescience,changchun genescience
NCT07169695,A Study to Compare the Effectiveness and Safety of T1695 Versus Ciclosporin in Participants With Moderate to Severe Vernal Keratoconjunctivitis,Laboratoires Thea,INDUSTRY,,0,PHASE2,INTERVENTIONAL,120.0,2026-03-24,RECRUITING,Moderate to Severe Vernal Keratoconjunctivitis,11,laboratoires thea,laboratoires thea
NCT01249339,"In-vivo Extraction of Pb, Cd andTSNA From Swedish Snus",Contract Research Organization el AB,INDUSTRY,Swedish Match AB,1,PHASE1,INTERVENTIONAL,32.0,2004-05,COMPLETED,Smoking Cessation; Smokeless Tobacco; Harm Reduction,1,contract research organization el ab,contract research organization el ab
NCT02943239,"Study of Safety, Tolerability, and Pharmacokinetics of REGN2477 Alone and in Combination With REGN1033 in Healthy Postmenopausal Women and Healthy Adult Men",Regeneron Pharmaceuticals,INDUSTRY,,0,PHASE1,INTERVENTIONAL,82.0,2016-12-08,COMPLETED,Healthy Volunteers,2,regeneron,regeneron
NCT02308839,GORE® EXCLUDER® Endoprosthesis French Mandatory Registry,W.L.Gore & Associates,INDUSTRY,,0,,OBSERVATIONAL,181.0,2012-07,COMPLETED,Abdominal Aortic Aneurysm,1,w l gore and associates,w l gore and associates
NCT07308639,DATA-INSIGHT is a Project That Looks at Health Data in Germany to Find Out How Many Patients Suffer From Eye Disease. The Project Also Explores New Ways to Collect and Use Publicly Available Healthcare Information.,Bayer,INDUSTRY,,0,,OBSERVATIONAL,50000.0,2026-03-03,RECRUITING,"Neovascular Age-related Macular Degeneration (nAMD), Diabetic Macular Edema (DME), Retinal Vein Occlusion (RVO)",1,bayer,bayer
NCT01714739,A Study of an Anti-KIR Antibody Lirilumab in Combination With an Anti-PD1 Antibody Nivolumab and Nivolumab Plus an Anti-CTLA-4 Ipilimumab Antibody in Patients With Advanced Solid Tumors,Bristol-Myers Squibb,INDUSTRY,,0,PHASE1; PHASE2,INTERVENTIONAL,337.0,2012-10-07,COMPLETED,"CANCER,NOS",30,bms,bms
NCT00790777,A Study of the Bioequivalence of 12 mg Paliperidone Extended Release Tablets Manufactured at Gurabo and Vacaville,"Johnson & Johnson Pharmaceutical Research & Development, L.L.C.",INDUSTRY,,0,PHASE1,INTERVENTIONAL,72.0,2007-03,COMPLETED,Schizophrenia,0,johnson and johnson pharmaceutical research and development l l c,johnson and johnson pharmaceutical research and development l l c
NCT05107375,Clinical Study of Recombinant Novel Coronavirus（COVID-19） Vaccine (CHO Cell) Combined With Influenza Vaccine,"Anhui Zhifei Longcom Biologic Pharmacy Co., Ltd.",INDUSTRY,,0,PHASE3,INTERVENTIONAL,299.0,2021-09-03,COMPLETED,Coronavirus Disease 2019,1,anhui zhifei longcom biologic pharmacy,anhui zhifei longcom biologic pharmacy
NCT06256575,Study of Diosmin for the Treatment of Digital Ulcers in Systemic Sclerosis,Primus Pharmaceuticals,INDUSTRY,KGK Science Inc.,1,,INTERVENTIONAL,45.0,2025-05-02,RECRUITING,"Scleroderma, Systemic; Digital Ulcer",5,primus,primus
NCT04426175,Z8 OCT-controlled 2D vs 3D LASIK,Zentrumsehstarke Hamburg,INDUSTRY,,0,,INTERVENTIONAL,13.0,2019-12-05,COMPLETED,Myopia; Astigmatism,1,zentrumsehstarke hamburg,zentrumsehstarke hamburg
NCT00043875,Pediatric Epilepsy Trial in Subjects 1-24 Months,GlaxoSmithKline,INDUSTRY,,0,PHASE2,INTERVENTIONAL,177.0,2000-05,COMPLETED,Epilepsy,65,gsk,gsk
NCT02483975,Effect of Fluticasone Furoate Inhalation Powder on the Hypothalamic-pituitary-adrenocortical Axis of Children Aged 5-11 Years With Asthma,GlaxoSmithKline,INDUSTRY,,0,PHASE3,INTERVENTIONAL,111.0,2015-10-09,COMPLETED,Asthma,17,gsk,gsk
NCT05278975,Study of RSO-021 in Patients With Malignant Pleural Effusion Due to Advanced/Metastatic Solid Tumors Including Mesothelioma,RS Oncology LLC,INDUSTRY,,0,PHASE1; PHASE2,INTERVENTIONAL,50.0,2022-03-31,COMPLETED,"Malignant Pleural Effusion; Malignant Pleural Mesothelioma; Mesothelioma; Mesotheliomas Pleural; Mesothelioma; Lung; Pleural Effusion, Malignant",10,rs oncology,rs oncology
NCT07717957,Comparison Between Mobithron® and Crystalline Glucosamine Sulphate in Patients With Knee Osteoarthritis,BREGO Life Sciences,INDUSTRY,International Islamic University Malaysia,1,,INTERVENTIONAL,34.0,2024-07-01,COMPLETED,Knee Osteoarthritis,1,brego life,brego life
NCT04319757,ACE1702 in Subjects With Advanced or Metastatic HER2-expressing Solid Tumors,"Acepodia Biotech, Inc.",INDUSTRY,,0,PHASE1,INTERVENTIONAL,12.0,2020-06-24,COMPLETED,Locally Advanced Solid Tumor; Metastatic Cancer; Solid Tumor; HER2-positive Gastric Cancer; HER2-positive Metastatic Breast Cancer,3,acepodia biotech,acepodia biotech
NCT05753501,"Study to Evaluate Adverse Events, Change in Disease Activity, and How Oral ABBV-101 Moves Through the Body in Adult Participants With B-Cell Malignancies",AbbVie,INDUSTRY,,0,PHASE1,INTERVENTIONAL,135.0,2023-06-09,ACTIVE_NOT_RECRUITING,Hematologic Cancer,51,abbvie,abbvie
NCT05327101,Patient Preferences for Leadless Pacemakers,Abbott Medical Devices,INDUSTRY,,0,,OBSERVATIONAL,117.0,2022-03-28,COMPLETED,Cardiac Rhythm Disorder; Bradycardia; Cardiac Pacemaker Artificial,11,abbott medical devices,abbott medical devices
NCT05349201,CAR T Cells Real World Evidence Study Based on the French Hospital Claims Data Source (PMSI),Novartis Pharmaceuticals,INDUSTRY,,0,,OBSERVATIONAL,273.0,2020-12-09,COMPLETED,Diffuse Large B-Cell Lymphoma (DLBCL); Acute Lymphoblastic Leukemia (ALL),1,novartis,novartis
NCT01687712,Phase III Study Comparing Efficacy and Safety of AFOLIA vs Gonal-f® RFF in Women (35 to 42) Undergoing IVF,Fertility Biotech AG,INDUSTRY,,0,PHASE3,INTERVENTIONAL,1100.0,2013-11-25,COMPLETED,Infertility,22,fertility biotech,fertility biotech
NCT00051012,Study of ONTAK (Denileukin Diftitox) in Previously Treated Cutaneous T-Cell Lymphoma Patients,Eisai Inc.,INDUSTRY,,0,PHASE4,INTERVENTIONAL,86.0,1995-09,COMPLETED,"Lymphoma, T-Cell, Cutaneous; Mycosis Fungoides; Sezary Syndrome",34,eisai,eisai
NCT00746681,"Investigation of Tolterodine, Pregabalin and a Tolterodine - Pregabalin Combination for the Treatment of Overactive Bladder",Pfizer,INDUSTRY,,0,PHASE2,INTERVENTIONAL,188.0,2005-12,COMPLETED,Overactive Bladder,23,pfizer,pfizer
NCT02400281,Study of Crenolanib Combined With Chemotherapy in FLT3-mutated Acute Myeloid Leukemia Patients,"Arog Pharmaceuticals, Inc.",INDUSTRY,,0,PHASE1; PHASE2,INTERVENTIONAL,28.0,2015-09,COMPLETED,Acute Myeloid Leukemia,1,arog,arog
NCT05975619,A Prospective Imaging Study of the Integrated TrueBeam-HyperSight CBCT System,"Varian, a Siemens Healthineers Company",INDUSTRY,,0,,INTERVENTIONAL,40.0,2023-08-29,ACTIVE_NOT_RECRUITING,Head and Neck Cancer; Thoracic Cancer; Abdominal Cancer; Pelvic Cancer,1,varian a siemens healthineers,varian a siemens healthineers
NCT01031719,"Clinical Trial to Compare the Immunogenicity, Safety, and Tolerability of an Adjuvanted A(H1N1) Influenza Vaccine Versus Non-Adjuvanted A(H1N1) Influenza Vaccines in Patients With Invasive Solid Tumors",Chiltern Pesquisa Clinica Ltda,INDUSTRY,,0,PHASE3,INTERVENTIONAL,59.0,2010-08,COMPLETED,H1N1 Influenza Virus; Invasive Solid Tumors,3,chiltern pesquisa clinica ltda,chiltern pesquisa clinica ltda
NCT03319719,Evaluation of Pain With Belotero® Balance With Integral Lidocaine for Correction of the Nasolabial Folds,"Merz North America, Inc.",INDUSTRY,,0,,INTERVENTIONAL,52.0,2017-09-18,COMPLETED,Correction of Moderate to Severe Nasolabial Folds,3,merz north america,merz north america
NCT00891930,Study to Evaluate Mechanisms of Acquired Resistance to Panitumumab,"NantBioScience, Inc.",INDUSTRY,,0,PHASE2,INTERVENTIONAL,74.0,2009-05-05,COMPLETED,Metastatic Colorectal Cancer,0,nantbioscience,nantbioscience
NCT04196530,BDB001-102: Open Label Dose Escalation of BDB001 in Combination w Atezolizumab,Eikon Therapeutics,INDUSTRY,Seven and Eight,1,PHASE1,INTERVENTIONAL,40.0,2019-11-21,COMPLETED,"Tumor, Solid",5,eikon,eikon
NCT00573430,ARIA (Atacand Renoprotection In NephropAthy Pt.),AstraZeneca,INDUSTRY,,0,PHASE4,INTERVENTIONAL,128.0,2007-12,COMPLETED,Non-diabetic Nephropathy With Hypertension,1,astrazeneca,astrazeneca
NCT05621330,Efficacy and Safety of QL0911 in Adult Patients With Chronic Primary Immune Thrombocytopenia,"Qilu Pharmaceutical Co., Ltd.",INDUSTRY,,0,PHASE3,INTERVENTIONAL,216.0,2019-10-18,COMPLETED,Primary Immune Thrombocytopenia,1,qilu,qilu
NCT00845728,Exacerbation Study,Novartis Pharmaceuticals,INDUSTRY,,0,PHASE3,INTERVENTIONAL,3439.0,2009-03,COMPLETED,Chronic Obstructive Pulmonary Disease,423,novartis,novartis
NCT00038428,Phase 2 Study of TLK286 in Platinum Resistant Advanced Epithelial Ovarian Cancer,Telik,INDUSTRY,,0,PHASE2,INTERVENTIONAL,40.0,2001-06,COMPLETED,Ovarian Neoplasms,3,telik,telik
NCT01788228,Safety and Tolerability Study of GlaxoSmithKline (GSK)1557484A Vaccine in Adults at Occupational Risk for Influenza A (H5N1) Exposure,GlaxoSmithKline,INDUSTRY,,0,PHASE3,INTERVENTIONAL,50.0,2013-03-22,COMPLETED,Influenza; Influenza Vaccines,3,gsk,gsk
NCT03740828,KIDScore D3 Clinical Study,Vitrolife,INDUSTRY,,0,,OBSERVATIONAL,81.0,2016-09-20,COMPLETED,Infertility,6,vitrolife,vitrolife
NCT03599128,Effect of Phenolic Acids on the Human Vasculature,Société des Produits Nestlé (SPN),INDUSTRY,,0,,INTERVENTIONAL,20.0,2018-03-13,COMPLETED,Endothelial Dysfunction,1,société des produits nestlé spn,société des produits nestlé spn
NCT06052267,A Study to Test if a Fixed-Dose Combination of Fluticasone Propionate/Albuterol Sulfate is Effective in Preventing Asthma Exacerbations,Teva Branded Pharmaceutical Products R&D LLC,INDUSTRY,,0,PHASE3,INTERVENTIONAL,2772.0,2023-08-30,ACTIVE_NOT_RECRUITING,Asthma,393,teva branded pharmaceutical products r and d,teva branded pharmaceutical products r and d
NCT05974267,"Efficacy, Safety, and PK of M5717 in Combination With Pyronaridine as Chemoprevention in Adults and Adolescents With Asymptomatic Plasmodium Falciparum Infection (CAPTURE-2)","Merck Healthcare KGaA, Darmstadt, Germany, an affiliate of Merck KGaA, Darmstadt, Germany",INDUSTRY,,0,PHASE2,INTERVENTIONAL,192.0,2023-11-28,COMPLETED,Malaria Infection,4,merck healthcare kgaa darmstadt germany an affiliate of merck kgaa darmstadt germany,merck healthcare kgaa darmstadt germany an affiliate of merck kgaa darmstadt germany
NCT06652100,Establishment of ProNephro AKI (NGAL) Cut Off Value for Risk Assessment of Moderate to Severe Acute Kidney Injury in Adults,BioPorto Diagnostics,INDUSTRY,ProPharma Group,1,,OBSERVATIONAL,800.0,2024-10-28,ACTIVE_NOT_RECRUITING,Acute Kidney Injury,12,bioporto diagnostics,bioporto diagnostics
NCT02678000,"Study of the Safety, Tolerability, and Pharmacokinetics of LHW090 in Patients With Moderately Impaired Renal Function",Novartis Pharmaceuticals,INDUSTRY,,0,PHASE2,INTERVENTIONAL,84.0,2017-03-10,COMPLETED,Chronic Kidney Disease (CKD),12,novartis,novartis
NCT01514500,First Human Dose Trial of NNC0195-0092 (Somapacitan) in Healthy Subjects,Novo Nordisk A/S,INDUSTRY,,0,PHASE1,INTERVENTIONAL,105.0,2012-01-16,COMPLETED,Growth Hormone Disorder; Adult Growth Hormone Deficiency; Growth Hormone Deficiency in Children; Healthy,1,novo nordisk,novo nordisk
NCT07546500,"A Study of Azenosertib (ZN-c3) Versus Investigator's Choice Chemotherapy in Subjects With Platinum-Resistant High-Grade Serous Ovarian, Primary Peritoneal, or Fallopian Tube Cancers Positive for Cyclin E1 Protein Expression","K-Group, Beta, Inc., a wholly owned subsidiary of Zentalis Pharmaceuticals, Inc",INDUSTRY,European Network of Gynaecological Oncological Trial Groups (ENGOT); GOG Foundation,2,PHASE3,INTERVENTIONAL,420.0,2026-04-17,RECRUITING,Ovarian Cancer,59,k group beta inc a wholly owned subsidiary of zentalis,k group beta inc a wholly owned subsidiary of zentalis
NCT00542607,Efficacy and Safety of Levocetirizine and Fexofenadine in Reducing Symptoms of Seasonal Allergic Rhinitis,UCB Pharma,INDUSTRY,,0,PHASE4,INTERVENTIONAL,94.0,2002-09,COMPLETED,"Rhinitis, Allergic, Seasonal",0,ucb pharma,ucb pharma
NCT00073892,PI-88 in Treating Patients With an Advanced Malignancy (Cancer) or Stage IV Melanoma,Cellxpert Biotechnology Corp.,INDUSTRY,Medigen Biotechnology Corporation,1,PHASE1; PHASE2,INTERVENTIONAL,44.0,2004-01,COMPLETED,"Melanoma (Skin); Unspecified Adult Solid Tumor, Protocol Specific",5,cellxpert biotechnology,cellxpert biotechnology
NCT00443092,Efficacy of Proprietary Cherry Juice Blend in Osteoarthritis of the Knee,CherryPharm,INDUSTRY,,0,PHASE4,INTERVENTIONAL,59.0,2007-03,COMPLETED,Osteoarthritis,1,cherrypharm,cherrypharm
NCT02972892,Multi-site Anesthesia Randomized Controlled STudy of End Tidal Control Compared to Conventional Anesthesia Results,GE Healthcare,INDUSTRY,,0,,INTERVENTIONAL,248.0,2017-06-09,COMPLETED,Et Control Performance in Adult Population Surgery,4,ge healthcare,ge healthcare
NCT03813992,Clinical Trial Using Topically Applied Glyceryl Trinitrate (GTN) for the Treatment of Erectile Dysfunction,Futura Medical Developments Ltd.,INDUSTRY,,0,PHASE3,INTERVENTIONAL,1005.0,2018-11-01,COMPLETED,Erectile Dysfunction,53,futura medical developments,futura medical developments
NCT00705211,"A 52-week Post-marketing, Observational Study to Confirm the Safety and Efficacy of Zetia Alone or in Combination With Other Lipid-lowering Drugs in Japanese Subjects With Hypercholesterolemia (Study P05245)",Organon and Co,INDUSTRY,Bayer,1,,OBSERVATIONAL,1794.0,2007-06,COMPLETED,Hypercholesterolemia; Familial Hypercholesterolemia; Homozygous Sitosterolemia,0,organon and,organon and
NCT02604771,Egypt Hypertension Study,AstraZeneca,INDUSTRY,,0,,OBSERVATIONAL,1500.0,2016-04-03,COMPLETED,Different Classes of the Antihypertensive Treatment,1,astrazeneca,astrazeneca
NCT01515644,Study on the Effect of Inulin in Infant Formula on Gut Health,PT. Sari Husada,INDUSTRY,Danone Global Research & Innovation Center,1,PHASE3,INTERVENTIONAL,164.0,2011-10,COMPLETED,Healthy Infants,1,pt sari husada,pt sari husada
NCT00785044,Study Dosed With (123I-mIBG) for Identifying Subjects With Heart Failure Who Will Experience an Adverse Cardiac Event,GE Healthcare,INDUSTRY,,0,,OBSERVATIONAL,471.0,2008-05,COMPLETED,Congestive Heart Failure,1,ge healthcare,ge healthcare
NCT07317544,Study of ABS-201 Evaluating Single and Multiple Ascending Doses in Healthy Adults With and Without Androgenetic Alopecia,Absci Pty Ltd.,INDUSTRY,,0,PHASE1; PHASE2,INTERVENTIONAL,227.0,2025-12-03,RECRUITING,Androgenetic Alopecia (AGA); Healthy Volunteers - Male and Female,4,absci pty,absci pty
NCT01123434,Immediate Postoperative Adjuvant Hormonal Treatment in High Risk Localised or Locally Advanced Prostate Cancer Patients.,AstraZeneca,INDUSTRY,,0,,OBSERVATIONAL,200.0,2010-04,COMPLETED,2 Years PSA Recurrence Rate,10,astrazeneca,astrazeneca
NCT07380334,"A Clinical Study on the Safety, Tolerability, Pharmacokinetics and Efficacy of SHR-1049 in Patients With Advanced Solid Tumors","Jiangsu HengRui Medicine Co., Ltd.",INDUSTRY,,0,PHASE1,INTERVENTIONAL,200.0,2026-03-12,RECRUITING,Advanced Solid Tumor,1,jiangsu hengrui medicine,jiangsu hengrui medicine
NCT06885034,"A Study to Test the Safety and Effectiveness of GSK5764227, Alone or With Other Treatments, in Participants With Advanced Gastrointestinal Cancers That Cannot be Surgically Removed (EMBOLD PanGI-201)",GlaxoSmithKline,INDUSTRY,,0,PHASE1; PHASE2,INTERVENTIONAL,451.0,2025-06-11,RECRUITING,Gastrointestinal Neoplasms,85,gsk,gsk
NCT02007434,Patient Experience Study of Deoxycholic Acid Injection,Kythera Biopharmaceuticals,INDUSTRY,,0,PHASE3,INTERVENTIONAL,84.0,2013-12,COMPLETED,Moderate or Severe Submental Fullness,1,kythera,kythera
NCT05743634,A Phase I/II Study of Recombinant Botulinum Toxin Type A for the Treatment of Moderate to Severe Glabellar Lines,"Chongqing Claruvis Pharmaceutical Co., Ltd.",INDUSTRY,,0,PHASE1; PHASE2,INTERVENTIONAL,140.0,2022-03-22,COMPLETED,Moderate to Severe Glabellar Lines,6,chongqing claruvis,chongqing claruvis
NCT04857034,A Study to Evaluate Efficacy and Safety of Deucravacitinib in Participants With Active Discoid and/or Subacute Cutaneous Lupus Erythematosus (DLE/SCLE),Bristol-Myers Squibb,INDUSTRY,,0,PHASE2,INTERVENTIONAL,74.0,2021-07-12,ACTIVE_NOT_RECRUITING,"Lupus Erythematosus, Discoid; Lupus Erythematosus, Subacute Cutaneous",41,bms,bms
NCT03397264,A Dose Ranging Study of OPT-302 With Aflibercept for Persistent Diabetic Macular Edema,Opthea Limited,INDUSTRY,,0,PHASE1; PHASE2,INTERVENTIONAL,153.0,2018-01-16,COMPLETED,Diabetic Macular Edema,53,opthea,opthea
NCT00729664,Multiple Ascending Dose (MDX1105-01),Bristol-Myers Squibb,INDUSTRY,,0,PHASE1,INTERVENTIONAL,281.0,2009-02,COMPLETED,"Cancer, Multiple Indications",11,bms,bms
NCT05850364,"A Multi-center, Open-labelled, Randomized, Controlled, Extended Phase Ⅲ Clinical Trial of sIPV Vaccine","Sinovac Biotech Co., Ltd",INDUSTRY,,0,PHASE3,INTERVENTIONAL,1442.0,2023-05-22,COMPLETED,Poliomyelitis; Polio,3,sinovac biotech,sinovac biotech
NCT05722964,Study on Intravenous Injection of SHR-1906 in the Treatment of Idiopathic Pulmonary Fibrosis,"Guangdong Hengrui Pharmaceutical Co., Ltd",INDUSTRY,,0,PHASE2,INTERVENTIONAL,30.0,2023-03-29,COMPLETED,Idiopathic Pulmonary Fibrosis,1,guangdong hengrui,guangdong hengrui
NCT00444509,Single Dose GW685698X Magnesium Stearate Study In Asthmatic Patients.,GlaxoSmithKline,INDUSTRY,,0,PHASE1,INTERVENTIONAL,20.0,2007-02-17,COMPLETED,Asthma,1,gsk,gsk
NCT05835609,PM534 Administered Intravenously to Patients With Advanced Solid Tumors,PharmaMar,INDUSTRY,,0,PHASE1,INTERVENTIONAL,30.0,2022-12-23,RECRUITING,Patients With Advanced Solid Tumors,3,pharmamar,pharmamar
NCT01065909,"Observatory on Elderly Patients ""Les S.AGES""",Sanofi,INDUSTRY,,0,,OBSERVATIONAL,3491.0,2009-05,COMPLETED,"Diabetes Mellitus, Type 2; Chronic Pain; Atrial Fibrillation",1,sanofi,sanofi
NCT02316899,Phase III Study to Evaluate the Efficacy and Safety of ASP0456 in Patients With Constipation Predominant Irritable Bowel Syndrome,Astellas Pharma Inc,INDUSTRY,,0,PHASE3,INTERVENTIONAL,500.0,2014-10-21,COMPLETED,Irritable Bowel Syndrome With Constipation (IBS-C),61,astellas,astellas
NCT06212999,A Study to Evaluate the Long-Term Safety and Efficacy of Povorcitinib in Participants With Moderate to Severe Hidradenitis Suppurativa,Incyte Corporation,INDUSTRY,,0,PHASE3,INTERVENTIONAL,617.0,2024-01-30,ACTIVE_NOT_RECRUITING,Hidradenitis Suppurativa (HS),165,incyte,incyte
NCT00089999,Lapatinib In Chemotherapy-Naive Or Metastatic Breast Cancer,GlaxoSmithKline,INDUSTRY,,0,PHASE2,INTERVENTIONAL,138.0,2004-06,COMPLETED,"Neoplasms, Breast",31,gsk,gsk
NCT06890299,"A Study to Evaluate the Pharmacokinetics and Safety Between Single Oral Administration of BR3006 and Co-administration of BR3006A, BR3006B and BR3006C in Healthy Adult Volunteers Under Fed Conditions","Boryung Pharmaceutical Co., Ltd",INDUSTRY,,0,PHASE1,INTERVENTIONAL,40.0,2024-12-05,COMPLETED,Type 2 Diabetes,1,boryung,boryung
NCT01571999,Study to Assess the Safety and PK of GSK573719 and GSK573719/GW642444(VI) Combination in Healthy Subjects and Subjects With Severe Renal Impairment,GlaxoSmithKline,INDUSTRY,,0,PHASE1,INTERVENTIONAL,17.0,2012-03-29,COMPLETED,"Pulmonary Disease, Chronic Obstructive",2,gsk,gsk
NCT00130832,Concomitant Use and Staggered Use of Vaccine and Oral Poliovirus (OPV) in Healthy Infants (V260-014)(COMPLETED),Merck Sharp & Dohme LLC,INDUSTRY,,0,PHASE3,INTERVENTIONAL,735.0,2005-10,COMPLETED,Rotavirus Infections; Gastroenteritis,0,merck,merck
NCT06827132,Observational Study Evaluate Pathology Practice Use Artificial Intelligence in Patient Suspected Lung and Breast Cancer,AstraZeneca,INDUSTRY,,0,,OBSERVATIONAL,600.0,2025-10-25,ACTIVE_NOT_RECRUITING,Lung Cancer; Breast Cancer,3,astrazeneca,astrazeneca
NCT00324532,to Assess the Efficacy and Safety of the Probiotic E. Coli Strain M17 on Patients With GERD,BioBalance Corporation,INDUSTRY,,0,PHASE3,INTERVENTIONAL,60.0,2006-05,COMPLETED,GERD,1,biobalance,biobalance
NCT00706732,A Safety and Immunogenicity Trial in Adults 65 Years of Age or Over to Prevent Influenza,"AlphaVax, Inc.",INDUSTRY,,0,PHASE1; PHASE2,INTERVENTIONAL,28.0,2008-06,COMPLETED,Influenza,1,alphavax,alphavax
NCT04524832,"Research Study Comparing New Tablets of Semaglutide in New Doses, in Healthy People",Novo Nordisk A/S,INDUSTRY,,0,PHASE1,INTERVENTIONAL,290.0,2020-09-29,COMPLETED,"Diabetes Mellitus, Type 2",1,novo nordisk,novo nordisk
NCT02920398,"A Multi-centre, Comparative, Double Blind, Randomised Cross-over Trial Investigating Single Dose Pharmacokinetics and Safety of Turoctocog Alfa Pegol From the Pivotal Process and Turoctocog Alfa Pegol From the Commercial Process in Patients With Severe Haemophilia A",Novo Nordisk A/S,INDUSTRY,,0,PHASE1,INTERVENTIONAL,21.0,2016-10-04,COMPLETED,Congenital Bleeding Disorder; Haemophilia A,14,novo nordisk,novo nordisk
NCT03787498,A Study of PLX2853 in Relapsed or Refractory Acute Myeloid Leukemia or High Risk Myelodysplastic Syndrome,Opna Bio LLC,INDUSTRY,,0,PHASE1,INTERVENTIONAL,22.0,2019-03-19,COMPLETED,Relapsed Acute Myeloid Leukemia (AML); Refractory Acute Myeloid Leukemia (AML); High-risk Myelodysplastic Syndrome (MDS),6,opna bio,opna bio
NCT01024998,Safety and Tolerability Study of AAV2-sFLT01 in Patients With Neovascular Age-Related Macular Degeneration (AMD),"Genzyme, a Sanofi Company",INDUSTRY,,0,PHASE1,INTERVENTIONAL,19.0,2010-01-11,COMPLETED,"Macular Degeneration; Age-Related Maculopathies; Age-Related Maculopathy; Maculopathies, Age-Related; Maculopathy, Age-Related; Retinal Degeneration; Retinal Neovascularization; Gene Therapy; Therapy, Gene; Eye Diseases",4,genzyme a sanofi,genzyme a sanofi
NCT07553663,Evaluating the Pharmacokinetics and Safety of Miricorilant,Corcept Therapeutics,INDUSTRY,,0,PHASE1,INTERVENTIONAL,15.0,2026-04-30,RECRUITING,Nonalcoholic Steatohepatitis (NASH); Metabolic Dysfunction-Associated Steatohepatitis (MASH) / Nonalcoholic Steatohepatitis (NASH) With Compensated Cirrhosis; Metabolic Dysfunction-associated Steatotic Liver Disease (MASLD); Non-alcoholic Fatty Liver Disease (NAFLD),1,corcept,corcept
NCT01963598,Study of the Safety and Efficacy of REGN1033 (SAR391786) in Patients With Sarcopenia,Regeneron Pharmaceuticals,INDUSTRY,Sanofi,1,PHASE2,INTERVENTIONAL,253.0,2013-11,COMPLETED,Sarcopenia,43,regeneron,regeneron
NCT04512963,Phase I Study of Progerinin in Healthy Volunteers,"PRG Science & Technology Co., Ltd.",INDUSTRY,Amarex Clinical Research,1,PHASE1,INTERVENTIONAL,64.0,2020-08-24,COMPLETED,Hutchinson-Gilford Progeria Syndrome; Werner Syndrome,1,prg science and technology,prg science and technology
NCT04541563,Fisher Wallace Neurostimulation & Depression Study,ProofPilot,INDUSTRY,Fisher Wallace,1,,INTERVENTIONAL,175.0,2020-08-24,ACTIVE_NOT_RECRUITING,Major Depressive Disorder,1,proofpilot,proofpilot
NCT01556763,"Safety, Tolerability, and Pharmacokinetic Study of EVP-6124 in Patients With Schizophrenia",FORUM Pharmaceuticals Inc,INDUSTRY,,0,PHASE1,INTERVENTIONAL,21.0,2008-04,COMPLETED,Schizophrenia; Schizoaffective Disorder; Central Nervous System Diseases,1,forum,forum
NCT00141063,Safety and Efficacy Study of Dexmethylphenidate in Children With ADHD,Novartis,INDUSTRY,,0,PHASE3,INTERVENTIONAL,90.0,2005-06,COMPLETED,ADHD,1,novartis,novartis
NCT04063163,A Phase III Study to Investigate Efficacy and Safety of HLX10 + Chemotherapy in Patients With ES-SCLC,Shanghai Henlius Biotech,INDUSTRY,,0,PHASE3,INTERVENTIONAL,585.0,2019-09-12,COMPLETED,Extensive Stage Small Cell Lung Cancer,5,shanghai henlius biotech,shanghai henlius biotech
NCT04633863,Study on Safety and Performance of an Artificial Tear in Dry Eye Treatment in Subjects With Ocular Surface Inflammation,MD Italy,INDUSTRY,Hippocrates Research; Nubilaria Srl,2,,INTERVENTIONAL,24.0,2020-10-12,COMPLETED,Dry Eye Disease,1,md italy,md italy
NCT00616863,Bioequivalency Study of Oxcarbazepine 600 mg Tablets Under Fed Conditions,Roxane Laboratories,INDUSTRY,,0,,INTERVENTIONAL,28.0,2004-07,COMPLETED,Epilepsy; Seizures,1,roxane,roxane
NCT00291187,VEC-162 Study in Healthy Adult Volunteers in a Model of Insomnia,Vanda Pharmaceuticals,INDUSTRY,,0,PHASE3,INTERVENTIONAL,411.0,2006-02,COMPLETED,Insomnia,19,vanda,vanda
NCT01371487,GSK1120212 Food-effect Study,GlaxoSmithKline,INDUSTRY,,0,PHASE1,INTERVENTIONAL,40.0,2011-05-02,COMPLETED,Cancer,3,gsk,gsk
NCT00391287,Surveillance Study to Estimate the Incidence of Pure Red Blood Cell Aplasia Among Patients With Chronic Kidney Failure,"Johnson & Johnson Pharmaceutical Research & Development, L.L.C.",INDUSTRY,Janssen-Cilag International NV,1,,OBSERVATIONAL,15334.0,2006-06,COMPLETED,Pure Red-Cell Aplasia; Chronic Kidney Failure,387,johnson and johnson pharmaceutical research and development l l c,johnson and johnson pharmaceutical research and development l l c
NCT00980187,"A Comparison of Indapamide SR 1.5 mg With HCTZ 25 mg, in Combination With an ACE-inhibitor, in Patients With Mild to Moderate AHT and Type 2 DM",LaborMed Pharma S.A.,INDUSTRY,,0,PHASE4,INTERVENTIONAL,56.0,2008-03,COMPLETED,Hypertension; Type 2 Diabetes Mellitus,1,labormed pharma s a,labormed pharma s a
NCT02822287,Warming Sensation and Tolerability Study of Acetylcysteine 2% Oral Solution for Productive Cough,GlaxoSmithKline,INDUSTRY,,0,PHASE3,INTERVENTIONAL,58.0,2016-02,COMPLETED,Common Cold,1,gsk,gsk
NCT00253331,Lab Study of MQX-503 in Treatment of Raynaud's,MediQuest Therapeutics,INDUSTRY,,0,PHASE2; PHASE3,INTERVENTIONAL,36.0,2004-11,COMPLETED,Raynaud Disease; Raynaud Disease Secondary to Scleroderma; Raynaud Secondary to Other Autoimmune Disease,2,mediquest,mediquest
NCT00811902,"Efficacy, Safety, and Tolerability of Nerispirdine in Patients With Multiple Sclerosis",Sanofi,INDUSTRY,,0,PHASE2,INTERVENTIONAL,405.0,2008-12,COMPLETED,Multiple Sclerosis,7,sanofi,sanofi
NCT00759902,Comparison of Two KADIAN 10 mg Capsules to a KADIAN 20 mg Capsule Under Fasted Conditions,Actavis Inc.,INDUSTRY,,0,PHASE1,INTERVENTIONAL,36.0,2006-08,COMPLETED,Healthy,1,actavis,actavis
NCT06845202,A Study to Evaluate ALN-4324 in Overweight to Obese Healthy Volunteers and in Overweight to Obese Patients With T2DM,Alnylam Pharmaceuticals,INDUSTRY,,0,PHASE1; PHASE2,INTERVENTIONAL,105.0,2025-03-03,ACTIVE_NOT_RECRUITING,Obese or Overweight Healthy Volunteers; Type 2 Diabetes Mellitus (T2DM),22,alnylam,alnylam
NCT00457353,ENterogermina® (Bacillus Clausii) In the manaGeMent of diarrheA in Children,Sanofi,INDUSTRY,,0,PHASE3,INTERVENTIONAL,264.0,2007-03,COMPLETED,Gastroenteritis,1,sanofi,sanofi
NCT05928637,"A Clinical Trial to Compare and Evaluate the Safety and Pharmacokinetics of D745, D759, and D150",Chong Kun Dang Pharmaceutical,INDUSTRY,,0,PHASE1,INTERVENTIONAL,24.0,2023-07-10,COMPLETED,Diabetes type2,1,chong kun dang,chong kun dang
NCT05981053,Biological Effects in Consumers of Resveratrol-enriched Wine,PINER Pastor Manfredi Winery,INDUSTRY,University of Buenos Aires,1,,OBSERVATIONAL,30.0,2022-07-15,COMPLETED,Aging; Healthy Aging; Sarcopenia; Obesity,1,piner pastor manfredi winery,piner pastor manfredi winery
NCT04380753,AMG 510 Ethnic Sensitivity Study (CodeBreaK 105).,Amgen,INDUSTRY,,0,PHASE1,INTERVENTIONAL,12.0,2020-04-28,COMPLETED,Advanced/Metastatic Solid Tumors With KRAS p.G12C Mutation,4,amgen,amgen
NCT07348237,A Clinical Trial of MK-2828 in People With Kidney Disease (MK-2828-006),Merck Sharp & Dohme LLC,INDUSTRY,,0,PHASE1,INTERVENTIONAL,24.0,2026-03-02,RECRUITING,Chronic Kidney Failure; End-Stage Renal Disease; Renal Impairment,3,merck,merck
NCT05260437,"Safety, Reactogenicity, and Immunogenicity Trial of CV2CoV mRNA Vaccine Against SARS-CoV-2 in Seropositive Adult Participants",GlaxoSmithKline,INDUSTRY,CureVac,1,PHASE1,INTERVENTIONAL,99.0,2022-03-24,COMPLETED,COVID-19; SARS-CoV-2,24,gsk,gsk
NCT04245345,Accelerometer Sensing for Micra AV Study,Medtronic Cardiac Rhythm and Heart Failure,INDUSTRY,,0,,INTERVENTIONAL,157.0,2020-06-09,COMPLETED,AV Block; AV Block Complete; 3rd Degree Heart Block; Complete Heart Block,20,medtronic cardiac rhythm and heart failure,medtronic cardiac rhythm and heart failure
NCT01060072,Evaluation of Loteprednol Etabonate Versus Vehicle for the Treatment of Inflammation and Pain Following Cataract Surgery,Bausch & Lomb Incorporated,INDUSTRY,,0,PHASE3,INTERVENTIONAL,407.0,2010-02,COMPLETED,Inflammation; Pain,1,bausch and lomb incorporated,bausch and lomb incorporated
NCT04078672,Retinal Imaging Using NOTAL-OCT V3.0,Notal Vision Ltd.,INDUSTRY,,0,,INTERVENTIONAL,58.0,2019-12-02,COMPLETED,AMD; DR,2,notal vision,notal vision
NCT04281472,"A Study to Assess the Safety and Efficacy of a Subcutaneous Formulation of Efgartigimod in Adults With Chronic Inflammatory Demyelinating Polyneuropathy (CIDP, an Autoimmune Disorder That Affects the Peripheral Nerves)",argenx,INDUSTRY,,0,PHASE2,INTERVENTIONAL,322.0,2020-04-15,COMPLETED,Chronic Inflammatory Demyelinating Polyneuropathy (CIDP),216,argenx,argenx
NCT00948272,Study of Purified Vero Rabies Vaccine Serum Free Compared With Reference Purified Vero Rabies Vaccine in Healthy Adults,"Sanofi Pasteur, a Sanofi Company",INDUSTRY,,0,PHASE2,INTERVENTIONAL,384.0,2009-07,COMPLETED,Rabies,6,sanofi pasteur a sanofi,sanofi pasteur a sanofi
NCT02264639,A Phase I Study to Assess the Safety of Pegcetacoplan (APL-2) as an Add-On to Standard of Care in Subjects With PNH,"Apellis Pharmaceuticals, Inc.",INDUSTRY,,0,PHASE1,INTERVENTIONAL,9.0,2015-02-23,COMPLETED,Paroxysmal Nocturnal Hemoglobinuria (PNH),7,apellis,apellis
NCT01212575,A Retrospective NIS to Evaluate the Use of Seroquel XR and IR in the Clinical Practice of Outpatients With Schizophrenia,AstraZeneca,INDUSTRY,,0,,OBSERVATIONAL,186.0,2010-10,COMPLETED,Schizophrenia,13,astrazeneca,astrazeneca
NCT00088075,Investigate Risperidone for the Treatment of Schizophrenia in Adolescents,"Johnson & Johnson Pharmaceutical Research & Development, L.L.C.",INDUSTRY,,0,PHASE3,INTERVENTIONAL,160.0,2004-08,COMPLETED,Schizophrenia,0,johnson and johnson pharmaceutical research and development l l c,johnson and johnson pharmaceutical research and development l l c
NCT04055675,Urinalysis Results in Healthy Individuals,"Kendall Healthcare Group, Ltd.",INDUSTRY,,0,,OBSERVATIONAL,200.0,2019-07-03,COMPLETED,Asymptomatic Bacteriuria; Asymptomatic Pyuria,1,kendall,kendall
NCT05688475,A Rollover Study of CC-122,Bristol-Myers Squibb,INDUSTRY,,0,PHASE1,INTERVENTIONAL,12.0,2023-04-11,ACTIVE_NOT_RECRUITING,Non-Hodgkin Lymphoma,7,bms,bms
NCT07070375,Pharmacokinetics and Safety of HRS-8427 in Healthy Volunteers and in Patients With Impaired Renal Function,"Jiangsu HengRui Medicine Co., Ltd.",INDUSTRY,,0,PHASE1,INTERVENTIONAL,33.0,2023-04-19,COMPLETED,Gram-negative Bacterial Infections,1,jiangsu hengrui medicine,jiangsu hengrui medicine
NCT06862557,Pulsed Electromagnetic Field Treatment With Dementia Patients,Herrick Medical LLC,INDUSTRY,University of Miami,1,,INTERVENTIONAL,48.0,2025-04-01,RECRUITING,Alzheimer's Disease; Lewy Body Dementia; Vascular Dementia,1,herrick,herrick
NCT06258057,"Safety of Tetanus, Diphtheria, Acellular Pertussis With 5 Acellular Pertussis Components (Tdap5) Vaccination During Pregnancy",Sanofi,INDUSTRY,,0,,OBSERVATIONAL,365000.0,2024-01-02,ACTIVE_NOT_RECRUITING,Pertussis (Whooping Cough),1,sanofi,sanofi
NCT02407457,Post-Market Study to Assess Outcomes of Patients Treated With AFX System Compared to Other EVAR Devices,Endologix,INDUSTRY,,0,,INTERVENTIONAL,455.0,2015-03,COMPLETED,Abdominal Aortic Aneurysm,56,endologix,endologix
NCT05366257,Real-world Resource Use and Costs of CAR-T Therapies in Diffuse Large B-cell Lymphoma (DLBCL),Novartis Pharmaceuticals,INDUSTRY,,0,,OBSERVATIONAL,160602.0,2020-08-17,COMPLETED,Diffuse Large B-cell Lymphoma (DLBCL),1,novartis,novartis
NCT01639001,A Study Of Crizotinib Versus Chemotherapy In Previously Untreated ALK Positive East Asian Non-Small Cell Lung Cancer Patients,Pfizer,INDUSTRY,,0,PHASE3,INTERVENTIONAL,207.0,2012-09-29,COMPLETED,NSCLC (Non-small Cell Lung Cancer),47,pfizer,pfizer
NCT01230801,Safety/Tolerability/Pharmacokinetic (PK)/Pharmacodynamics (PD) Study of BMN701 in Patients With Late-Onset Pompe Disease,BioMarin Pharmaceutical,INDUSTRY,,0,PHASE1; PHASE2,INTERVENTIONAL,22.0,2011-01-17,COMPLETED,Pompe Disease,10,biomarin,biomarin
NCT05630001,"Single Arm, Open Label Trial With Iptacopan Treatment for 24 Weeks, in Patients on Stable Regimen of Anti-C5 Who Switch to Iptacopan.",Novartis Pharmaceuticals,INDUSTRY,,0,PHASE3,INTERVENTIONAL,52.0,2023-04-24,COMPLETED,Paroxysmal Nocturnal Hemoglobinuria,23,novartis,novartis
NCT02249312,The Effect of BIIL 284 BS on Induced-sputum Variables in Patients With Bronchial Asthma,Boehringer Ingelheim,INDUSTRY,,0,PHASE2,INTERVENTIONAL,38.0,1999-07,COMPLETED,Asthma,0,boehringer,boehringer
NCT05330312,Controlled Investigation to Evaluate Impact of dCBT on Psychological Symptom Burden in Adult Subjects With PF,Vicore Pharma AB,INDUSTRY,Curebase Inc.,1,,INTERVENTIONAL,119.0,2022-04-17,COMPLETED,Pulmonary Fibrosis; Anxiety,2,vicore pharma ab,vicore pharma ab
NCT05691712,A Study of Tirzepatide (LY3298176) in Chinese Participants With Type 2 Diabetes,Eli Lilly and Company,INDUSTRY,,0,PHASE3,INTERVENTIONAL,257.0,2023-02-05,COMPLETED,Diabetes Type 2; Diabetes Mellitus; Glucose Metabolism Disorders; Metabolic Disease; Endocrine System Diseases,25,eli lilly,eli lilly
NCT02042781,Study of the Safety and Tolerability of IV Infused PG545 in Patients With Advanced Solid Tumours,Zucero Pty Ltd,INDUSTRY,,0,PHASE1,INTERVENTIONAL,23.0,2014-01,COMPLETED,Advanced Solid Tumours,2,zucero pty,zucero pty
NCT03760081,"A Study to Assess the Safety and Efficacy of ASP1650, a Monoclonal Antibody Targeting Claudin 6 (CLDN6), in Male Subjects With Incurable Platinum Refractory Germ Cell Tumors","Astellas Pharma Global Development, Inc.",INDUSTRY,,0,PHASE2,INTERVENTIONAL,19.0,2019-03-19,COMPLETED,Incurable Platinum Refractory Germ Cell Tumors; Tumors,3,astellas pharma global,astellas pharma global
NCT04062981,Carisbamate Safety Study in Adult and Pediatric Subjects With Lennox-Gastaut Syndrome,"SK Life Science, Inc.",INDUSTRY,,0,PHASE1,INTERVENTIONAL,15.0,2019-05-03,COMPLETED,Lennox Gastaut Syndrome,5,sk life,sk life
NCT02322619,"Bio-equivalency Study of Moxifloxacin Tablets, 400 mg Under Fasting Conditions",Dr. Reddy's Laboratories Limited,INDUSTRY,,0,PHASE1,INTERVENTIONAL,26.0,2012-11,COMPLETED,Healthy,0,dr reddy s,dr reddy s
NCT03795519,"A Trial to Study the Absorption, Metabolism, and Excretion of [14C]-Olinciguat in Healthy Male Volunteers",Cyclerion Therapeutics,INDUSTRY,,0,PHASE1,INTERVENTIONAL,8.0,2019-01-17,COMPLETED,Healthy Volunteers,1,cyclerion,cyclerion
NCT00584519,Control of Metabolic and Cardiovascular Risk in Patients With Schizophrenia and Overweight,Pfizer's Upjohn has merged with Mylan to form Viatris Inc.,INDUSTRY,,0,,OBSERVATIONAL,430.0,2007-06,COMPLETED,Schizophrenia,0,pfizer s upjohn has merged with mylan to form viatris,pfizer s upjohn has merged with mylan to form viatris
NCT01424319,Reducing Residual Albuminuria in Subjects With Diabetes and Nephropathy With Atrasentan,"AbbVie (prior sponsor, Abbott)",INDUSTRY,,0,PHASE2,INTERVENTIONAL,58.0,2011-08,COMPLETED,Chronic Kidney Disease; Diabetic Nephropathy,18,abbvie prior sponsor abbott,abbvie prior sponsor abbott
NCT00630019,Ocular Tissue Levels of 1.5% Levofloxacin Ophthalmic Solution Compared to an Active Comparator,Santen Inc.,INDUSTRY,Vistakon Pharmaceuticals,1,PHASE4,INTERVENTIONAL,96.0,2008-02,COMPLETED,Cataract,1,santen,santen
NCT07520019,"Study Evaluating the Effect of Nutra Harmony ""Biotin, Collagen and Keratin Beauty Complex"" Dietary Supplement on Hair Thickness and Hair Strength in Adults With Self-Perceived Thinning Hair",Nutra Harmony LLC,INDUSTRY,,0,,INTERVENTIONAL,40.0,2026-01-15,ACTIVE_NOT_RECRUITING,Hair Thinning,1,nutra harmony,nutra harmony
NCT00738530,A Study of Avastin (Bevacizumab) Added to Interferon Alfa-2a (Roferon) Therapy in Patients With Metastatic Renal Cell Cancer With Nephrectomy,Hoffmann-La Roche,INDUSTRY,,0,PHASE3,INTERVENTIONAL,649.0,2004-06,COMPLETED,Renal Cell Cancer,104,roche,roche
NCT00482430,MK0557 for the Treatment of Cognitive Impairment in Patients With Schizophrenia (0557-027),Merck Sharp & Dohme LLC,INDUSTRY,,0,PHASE2,INTERVENTIONAL,50.0,2007-09,COMPLETED,Paranoid Schizophrenia; Schizophrenia,0,merck,merck
NCT06722430,A Study to Assess Change in How Oral Icalcaprant With Itraconazole Moves Through the Body in Healthy Adult Participants,AbbVie,INDUSTRY,,0,PHASE1,INTERVENTIONAL,12.0,2024-11-13,COMPLETED,Healthy Volunteer,1,abbvie,abbvie
NCT00251030,A Study To Estimate The Effect Of Omeprazole On The Pharmacokinetics Of Nelfinavir In Healthy Subjects,Pfizer,INDUSTRY,"Jasper Clinic, Michigan",1,PHASE4,INTERVENTIONAL,20.0,2005-11,COMPLETED,Healthy Volunteers,1,pfizer,pfizer
NCT03774030,Evaluation and Optimization of Hearing Devices in 3-D Complex Audio Environments Study 2,Sonova AG,INDUSTRY,Swiss Commission for Technology and Innovation,1,,INTERVENTIONAL,20.0,2018-10-09,COMPLETED,"Ability, Spatial",1,sonova,sonova
NCT05392530,A Study of Two Different Test Formulations Compared to the Reference Formulation of Macitentan in Healthy Adult Participants,Actelion,INDUSTRY,,0,PHASE1,INTERVENTIONAL,23.0,2022-05-25,COMPLETED,Healthy,1,actelion,actelion
NCT03844828,Clinical Study to Investigate Outcomes of Trifocal Toric IOL POD FT in Asian Eyes,"Beaver-Visitec International, Inc.",INDUSTRY,,0,,INTERVENTIONAL,100.0,2019-03-25,ACTIVE_NOT_RECRUITING,Cataract; Lens Opacities; Presbyopia,1,beaver visitec,beaver visitec
NCT04835428,STAND - Study of the AGN1 LOEP SV Kit Compared to PMMA in Patients With Vertebral Compression Fractures,"AgNovos Healthcare, LLC",INDUSTRY,,0,,INTERVENTIONAL,408.0,2022-05-31,ACTIVE_NOT_RECRUITING,Vertebral Compression Fracture; Compression Fracture; Vertebral Compression,12,agnovos,agnovos
NCT05979428,A Study to Look at How Safe a New Medicine (NNC0491-6075) is in Healthy People and in Participants With High Levels of Fat in the Blood,Novo Nordisk A/S,INDUSTRY,,0,PHASE1,INTERVENTIONAL,106.0,2023-08-07,COMPLETED,Healthy Volunteers; Dyslipidaemia,1,novo nordisk,novo nordisk
NCT04578028,"A First in Human Study to Assess the Safety, Tolerability and Pharmacokinetics of ONO-2808-01 in Healthy Participants","Ono Pharmaceutical Co., Ltd.",INDUSTRY,Parexel,1,PHASE1,INTERVENTIONAL,94.0,2020-08-19,COMPLETED,Neurodegenerative Diseases,1,ono pharmaceutical,ono pharmaceutical
NCT01167881,Efficacy and Safety of Empagliflozin (BI 10773) With Metformin in Patients With Type 2 Diabetes,Boehringer Ingelheim,INDUSTRY,Eli Lilly and Company,1,PHASE3,INTERVENTIONAL,1549.0,2010-08,COMPLETED,"Diabetes Mellitus, Type 2",182,boehringer,boehringer
NCT01006265,"Clinical Study to Evaluate the Efficacy, Safety, and Tolerability of ACT-128800 in Patients With Relapsing-remitting Multiple Sclerosis",Actelion,INDUSTRY,,0,PHASE2,INTERVENTIONAL,464.0,2009-10-01,COMPLETED,Multiple Sclerosis,115,actelion,actelion
NCT00156065,Long-Term Efficacy and Safety of Asenapine Using Haloperidol as a Positive Control (41513)(COMPLETED)(P05785),Organon and Co,INDUSTRY,,0,PHASE3,INTERVENTIONAL,187.0,2005-09,COMPLETED,Schizophrenia,0,organon and,organon and
NCT07308665,Aquacel With Strengthening Fiber (WSF) Ribbon Dressings,ConvaTec Inc.,INDUSTRY,,0,,OBSERVATIONAL,214.0,2017-01-01,COMPLETED,Ulcer Foot; Ulcer Healing; Wound Infection,0,convatec,convatec
NCT07387367,A Phase 3 Trial to Compare IV BCV Versus IV CDV for Treatment of Adenovirus Infection After Allo-HCT,SymBio Pharmaceuticals,INDUSTRY,,0,PHASE3,INTERVENTIONAL,180.0,2026-03-17,RECRUITING,Adenovirus Infections,81,symbio,symbio
NCT01057667,A Study of RO5024048 in Combination With Pegasys (Peginterferon Alfa-2a) and Copegus (Ribavirin) in Patients With Chronic Hepatitis C Genotype 1 or 4,Hoffmann-La Roche,INDUSTRY,,0,PHASE2,INTERVENTIONAL,168.0,2010-02,COMPLETED,"Hepatitis C, Chronic",25,roche,roche
NCT01125800,A Phase I Dose Finding and Safety Study of Oral LDE225 in Children and a Phase II Portion to Assess Preliminary Efficacy in Recurrent or Refractory MB,Novartis Pharmaceuticals,INDUSTRY,,0,PHASE1; PHASE2,INTERVENTIONAL,76.0,2011-02,COMPLETED,Medulloblastoma; Rhabdomyosarcoma; Neuroblastoma; Hepatoblastoma; Glioma; Astrocytoma,14,novartis,novartis
NCT04336800,Multi-Parametric MRI Assessment of the Liver in Diabetic Volunteers (Partners Registry),Perspectum,INDUSTRY,,0,,OBSERVATIONAL,74.0,2020-04-01,COMPLETED,"Non-Alcoholic Fatty Liver Disease; Diabetes Mellitus, Type 2",1,perspectum,perspectum
NCT01639300,Safety Study of GNbAC1 in Multiple Sclerosis Patients,GeNeuro Innovation SAS,INDUSTRY,,0,PHASE2,INTERVENTIONAL,10.0,2012-07,COMPLETED,Multiple Sclerosis,2,geneuro innovation sas,geneuro innovation sas
NCT00780507,Fecal Biomarker Study for Patients With Ulcerative Colitis,Warner Chilcott,INDUSTRY,,0,,OBSERVATIONAL,89.0,2007-08,COMPLETED,Ulcerative Colitis,61,warner chilcott,warner chilcott
NCT00161707,"Safety Study of an Aerosolized, Recombinant Alpha 1-Antitrypsin in Subjects With Alpha 1-Antitrypsin Deficiency",Baxalta now part of Shire,INDUSTRY,"Arriva Pharmaceuticals, Inc.",1,PHASE1; PHASE2,INTERVENTIONAL,40.0,2003-01-07,COMPLETED,Alpha1-antitrypsin Deficiency,4,baxalta now part of shire,baxalta now part of shire
NCT00056407,"""REDUCE"" - A Clinical Research Study To Reduce The Incidence Of Prostate Cancer In Men Who Are At Increased Risk",GlaxoSmithKline,INDUSTRY,,0,PHASE3,INTERVENTIONAL,8231.0,2003-03,COMPLETED,"Neoplasms, Prostate",932,gsk,gsk
NCT00413192,E7389 Administered as an IV Bolus Infusion Day 1 and Day 8 Every 3 Weeks in Pre-Treated Patients With Advanced and/or Metastatic Soft Tissue Sarcoma,Eisai Inc.,INDUSTRY,,0,PHASE2,INTERVENTIONAL,128.0,2007-01,COMPLETED,Soft Tissue Sarcoma,15,eisai,eisai
NCT00348192,SB-742457 And Donepezil In Alzheimer's Disease,GlaxoSmithKline,INDUSTRY,,0,PHASE2,INTERVENTIONAL,200.0,2006-05,COMPLETED,Alzheimer's Disease,26,gsk,gsk
NCT06389292,A Pivotal Study of APG-2575 (Lisaftoclax) Combined With Azacitidine in the Treatment of Acute Myeloid Leukemia,Ascentage Pharma Group Inc.,INDUSTRY,,0,PHASE3,INTERVENTIONAL,486.0,2024-06-11,RECRUITING,Acute Myeloid Leukemia,6,ascentage,ascentage
NCT02759692,Clinical Evaluation of Two Approved Contact Lenses,"Johnson & Johnson Vision Care, Inc.",INDUSTRY,,0,,INTERVENTIONAL,283.0,2016-04-01,COMPLETED,Visual Acuity,13,johnson and johnson vision care,johnson and johnson vision care
NCT05440136,A Safety Study of LY3462817 in Healthy Japanese and Non-Japanese Participants,Eli Lilly and Company,INDUSTRY,,0,PHASE1,INTERVENTIONAL,33.0,2022-06-28,COMPLETED,Healthy,1,eli lilly,eli lilly
NCT00557336,Efficacy and Safety of Growth Hormone Treatment in Children Small for Gestational Age,Novo Nordisk A/S,INDUSTRY,,0,PHASE3,INTERVENTIONAL,160.0,2003-07-28,COMPLETED,Foetal Growth Problem; Small for Gestational Age,37,novo nordisk,novo nordisk
NCT03938636,Evaluation of the Precision and Sensitivity of Tilmanocept Uptake Value (TUV) on Tc 99m Tilmanocept Planar Imaging,Navidea Biopharmaceuticals,INDUSTRY,,0,PHASE2,INTERVENTIONAL,116.0,2019-04-08,COMPLETED,Rheumatoid Arthritis,10,navidea,navidea
NCT06689436,Pivotal BE Study of TAH3311 ODF vs ELIQUIS® Tablet Under Fasted Condition in Healthy Volunteers,TAHO Pharmaceuticals Ltd.,INDUSTRY,,0,PHASE2,INTERVENTIONAL,60.0,2024-11-16,COMPLETED,Random Allocation; Intermittent Fasting; Enteral Feeding,1,taho,taho
NCT07275736,A Study of CNCT19 in the Treatment of Relapsed or Refractory Neurological Autoimmune Diseases,Juventas Cell Therapy Ltd.,INDUSTRY,Beijing Tiantan Hospital,1,EARLY_PHASE1,INTERVENTIONAL,18.0,2025-03-01,RECRUITING,Neurological Autoimmune Diseases,1,juventas cell therapy,juventas cell therapy
NCT04665011,Validation of Indicor Photoplethysmography (PPG) Valsalva Pulse Response vs Non-invasive Blood Pressure,"Vixiar Medical, Inc.",INDUSTRY,,0,,OBSERVATIONAL,121.0,2020-12-14,COMPLETED,Heart Failure,1,vixiar,vixiar
NCT01922011,Safety and Efficacy Study of Daptomycin Compared to Active Comparator in Pediatric Participants With Acute Hematogenous Osteomyelitis (AHO) (MK-3009-006),"Cubist Pharmaceuticals LLC, a subsidiary of Merck & Co., Inc. (Rahway, New Jersey USA)",INDUSTRY,,0,PHASE3,INTERVENTIONAL,149.0,2013-09-13,COMPLETED,Acute Hematogenous Osteomyelitis,0,cubist pharmaceuticals llc a subsidiary of merck and co inc rahway new jersey,cubist pharmaceuticals llc a subsidiary of merck and co inc rahway new jersey
NCT02018211,Neuromuscular Electrical Stimulation Via the Peroneal Nerve Reduces Muscle Soreness Following Intermittent Exercise,Firstkind Ltd,INDUSTRY,Loughborough University,1,,INTERVENTIONAL,21.0,2012-12,COMPLETED,Delayed Onset Muscle Soreness,1,firstkind,firstkind
NCT03329911,A Comparative Study of BAT1706 and EU Avastin® in Patients With Advanced Non Squamous Non Small Cell Lung Cancer,Bio-Thera Solutions,INDUSTRY,,0,PHASE3,INTERVENTIONAL,651.0,2017-10-20,COMPLETED,Non-squamous Non-small Cell Lung Cancer,5,bio thera solutions,bio thera solutions
NCT03783871,NeuWave Microwave Ablation HCC China Study,"Ethicon, Inc.",INDUSTRY,,0,,INTERVENTIONAL,135.0,2019-02-18,COMPLETED,Liver Tumor; Hepatocellular Carcinoma,4,ethicon,ethicon
NCT07605871,Effects of Oral Collagen Drinks on Human Skin,"TCI Co., Ltd.",INDUSTRY,,0,,INTERVENTIONAL,105.0,2026-05-12,COMPLETED,Skin Condition; Collagen Synthesis,1,tci co,tci co
NCT01805544,Satisfaction/Quality of Life With Rivaroxaban in DVT (Deep Venous Thrombosis) Indication,Bayer,INDUSTRY,"Janssen Research & Development, LLC",1,,OBSERVATIONAL,113.0,2013-05,COMPLETED,Venous Thrombosis,1,bayer,bayer
NCT02321644,Effect of UV Exposure on the PD of Multiple Doses of CC-90001 and Pilot Food Effect Study,Celgene Corporation,INDUSTRY,,0,PHASE1,INTERVENTIONAL,26.0,2014-11,COMPLETED,Healthy Subjects,2,bms,bms
NCT06494644,A Study to Assess the Pharmacokinetics of AZD6793 When Administered Alone and in Combination With Itraconazole in Healthy Participants.,AstraZeneca,INDUSTRY,,0,PHASE1,INTERVENTIONAL,17.0,2024-07-23,COMPLETED,Healthy Participants,1,astrazeneca,astrazeneca
NCT00829244,CONSORT Randomized Controlled Trial in Assisted Reproductive Technology,"Merck KGaA, Darmstadt, Germany",INDUSTRY,,0,PHASE4,INTERVENTIONAL,200.0,2008-08,COMPLETED,Infertility,1,merck kgaa darmstadt germany,merck kgaa darmstadt germany
NCT01483534,Innovative Pulmonary Solutions (IPS) System for Targeted Lung Denervation,"Nuvaira, Inc.",INDUSTRY,,0,PHASE1,INTERVENTIONAL,22.0,2011-10,COMPLETED,Chronic Obstructive Pulmonary Disease (COPD),3,nuvaira,nuvaira
NCT00384592,PPI Sequencing Study,AstraZeneca,INDUSTRY,,0,PHASE4,INTERVENTIONAL,100.0,2006-09,COMPLETED,Gastro-Oesophageal Reflux Disease,14,astrazeneca,astrazeneca
NCT06870136,Study Evaluating the Quality and Effects of Lion's Mane Product on Cognitive Health,M2 Ingredients,INDUSTRY,,0,,OBSERVATIONAL,150.0,2025-02-21,RECRUITING,Cognitive Decline,1,m2 ingredients,m2 ingredients
NCT04050436,Study Evaluating Cemiplimab Alone and Combined With RP1 in Treating Advanced Squamous Skin Cancer,"Replimune, Inc.",INDUSTRY,Regeneron Pharmaceuticals,1,PHASE2,INTERVENTIONAL,231.0,2019-10-08,ACTIVE_NOT_RECRUITING,Cutaneous Squamous Cell Carcinoma; Advanced Cutaneous Squamous Cell Carcinoma; Metastatic Cutaneous Squamous Cell Carcinoma,56,replimune,replimune
NCT03627936,A Study to Demonstrate Bioequivalence Between Lorcaserin Extended Release (XR) Tablets Manufactured in Kawashima and Lorcaserin XR Tablets Manufactured in Zofingen in Healthy Participants,Eisai Inc.,INDUSTRY,,0,PHASE1,INTERVENTIONAL,40.0,2018-08-07,COMPLETED,Healthy Participants,1,eisai,eisai
NCT03306264,"Study of ASTX727 vs IV Decitabine in Participants With MDS, CMML, and AML","Astex Pharmaceuticals, Inc.",INDUSTRY,,0,PHASE3,INTERVENTIONAL,227.0,2018-02-15,COMPLETED,Myelodysplastic Syndromes; Chronic Myelomonocytic Leukemia; Acute Myeloid Leukemia,84,astex,astex
NCT05908409,A Phase 1/2 Study of IDP-121 in Patients With Relapsed/Refractory Hematologic Malignancies,IDP Discovery Pharma S.L.,INDUSTRY,,0,PHASE1; PHASE2,INTERVENTIONAL,37.0,2023-06-05,RECRUITING,"Multiple Myeloma (MM); Diffuse Large B-Cell Lymphoma, Not Otherwise Specified; Double Hit Lymphoma; High Grade B-Cell Lymphoma, Not Otherwise Specified; Chronic Lymphocytic Leukemia (CLL); Triple Hit Lymphoma",11,idp discovery pharma s l,idp discovery pharma s l
NCT00773409,Evaluation of the Risk of Nephrogenic Systemic Fibrosis (NSF) in Patients With Chronic Kidney Disease Without Exposure to Gadolinium Based Contrast Agents (GBCA),"Bracco Diagnostics, Inc",INDUSTRY,,0,,OBSERVATIONAL,405.0,2008-10,COMPLETED,Renal Insufficiency,1,bracco diagnostics,bracco diagnostics
NCT06298409,Evaluating the Effect Of Rifaximin on the Gut Microbiota and Metabolome in SIBO Using CapScan®,Envivo Bio Inc,INDUSTRY,,0,PHASE1,INTERVENTIONAL,34.0,2024-02-15,RECRUITING,Small Intestinal Bacterial Overgrowth,1,envivo bio,envivo bio
NCT05770609,A Study of SPH3127 in the Treatment of Mild to Moderate Ulcerative Colitis,"Shanghai Pharmaceuticals Holding Co., Ltd",INDUSTRY,,0,PHASE2,INTERVENTIONAL,53.0,2023-06-19,COMPLETED,Mild to Moderate Ulcerative Colitis,25,shanghai pharmaceuticals holding,shanghai pharmaceuticals holding
NCT01739309,Study of LY2835219 for Mantle Cell Lymphoma,Eli Lilly and Company,INDUSTRY,,0,PHASE2,INTERVENTIONAL,28.0,2013-03-20,COMPLETED,Mantle Cell Lymphoma,7,eli lilly,eli lilly
NCT06299709,"A Study To Evaluate the Relative Bioavailability, Food Effect, and Dose Proportionality of a Granule Formulation of Vanzacaftor/Tezacaftor/Deutivacaftor(VNZ/TEZ/D-IVA)",Vertex Pharmaceuticals Incorporated,INDUSTRY,,0,PHASE1,INTERVENTIONAL,34.0,2024-03-13,COMPLETED,Cystic Fibrosis,1,vertex pharmaceuticals incorporated,vertex pharmaceuticals incorporated
NCT03595709,Therapeutic Drug Monitoring Study of Reduced-Dose Efavirenz (400 mg) in Combo Tablet for Patients Receiving Atripla With Viral Suppression in Taiwan,Yu-Jay Corp.,INDUSTRY,,0,PHASE3,INTERVENTIONAL,50.0,2018-12-06,COMPLETED,HIV Infections,2,yu jay,yu jay
NCT01223209,"A Study, Combination, Immunologic Study of LTX-315 as Adjunct to GV1001 in Patients Following Curative Surgery for Carcinoma",Lytix Biopharma AS,INDUSTRY,"Kael-GemVax Co., Ltd.",1,PHASE1,INTERVENTIONAL,12.0,2010-08,COMPLETED,Carcinoma,1,lytix,lytix
NCT01595009,"An Open-label, Multi-center, Expanded Access Study of Everolimus in Participants With Advanced Neuroendocrine Tumors (NETs) (Core Study) and an Extension Study to the Open-label, Multi-center, Expanded Access Study of Everolimus in Patients With Advanced NETs (E1)",Novartis Pharmaceuticals,INDUSTRY,,0,PHASE4,INTERVENTIONAL,246.0,2011-04-27,COMPLETED,Neuroendocrine Tumors,11,novartis,novartis
NCT06978699,A Phase II Study Evaluating the Efficacy and Safety of XH-S003 Capsules in Patients With Paroxysmal Nocturnal Hemoglobinuria (PNH),"S-INFINITY Pharmaceuticals Co., Ltd",INDUSTRY,,0,PHASE2,INTERVENTIONAL,24.0,2025-04-30,RECRUITING,PNH - Paroxysmal Nocturnal Hemoglobinuria,1,s infinity,s infinity
NCT04227899,LIFE-BTK Randomized Controlled Trial,Abbott Medical Devices,INDUSTRY,,0,,INTERVENTIONAL,261.0,2020-08-18,ACTIVE_NOT_RECRUITING,Critical Limb Ischemia (CLI),50,abbott medical devices,abbott medical devices
NCT03436199,Safety and Efficacy of ADS-5102 in Multiple Sclerosis Patients With Walking Impairment,"Adamas Pharmaceuticals, Inc.",INDUSTRY,,0,PHASE3,INTERVENTIONAL,558.0,2018-03-29,COMPLETED,Walking Impairment; Multiple Sclerosis,84,adamas,adamas
NCT00279032,GW406381 In Patients With Peripheral Nerve Injury,GlaxoSmithKline,INDUSTRY,,0,PHASE1,INTERVENTIONAL,40.0,2003-09,COMPLETED,Hyperalgesia; Neurodynia; Pain; Trauma,5,gsk,gsk
NCT02986932,Blood-Brain-Barrier Opening Using Focused Ultrasound With IV Contrast Agents in Patients With Early Alzheimer's Disease,InSightec,INDUSTRY,,0,,INTERVENTIONAL,6.0,2016-12,COMPLETED,Alzheimer Disease,1,insightec,insightec
NCT05286632,KidneYou - Innovative Digital Therapy,Advice Pharma Group srl,INDUSTRY,,0,,INTERVENTIONAL,210.0,2022-07-18,COMPLETED,Chronic Kidney Diseases; Diabetes; Arterial Hypertension; Chronic Glomerulonephritis; Cystic Kidney Diseases; Polycystic Kidney; Nephronophthisis; Cortical Cystic Disease; Cystic Diseases; Tuberous Sclerosis; Albuminuria; Treatment Adherence; Treatment Adherence and Compliance,1,advice,advice
NCT06911632,Multi-site Study of the Clinical Impact of an AI-assisted Approach to Referring Patients With Interstitial Lung Disease for Diagnostic Evaluation of Pulmonary Hypertension,Tempus AI,INDUSTRY,United Therapeutics,1,,INTERVENTIONAL,900.0,2025-07-23,RECRUITING,Pulmonary Hypertension; Interstitial Lung Disease (ILD),32,tempus ai,tempus ai
NCT06648798,"LIMBER UniLeg: Rapid, On-demand, and Scaled-up Manufacturing of Customized Transtibial Prosthetic Legs for Amputees",LIMBER Prosthetics & Orthotics Inc,INDUSTRY,"University of California, San Diego; Eunice Kennedy Shriver National Institute of Child Health and Human Development (NICHD)",2,,INTERVENTIONAL,30.0,2023-12-20,RECRUITING,Amputation of Lower Limb; Prosthesis; Non-inferiority Trial of Prothesis,2,limber prosthetics and orthotics,limber prosthetics and orthotics
NCT03795298,Comparison of Anticoagulation With Left Atrial Appendage Closure After AF Ablation,Boston Scientific Corporation,INDUSTRY,,0,,INTERVENTIONAL,1600.0,2019-05-20,COMPLETED,Atrial Fibrillation,114,boston scientific,boston scientific
NCT00402077,"A Study to Examine the Safety, Tolerability, and Body Weight Effect of Pramlintide Alone and in Combination With Oral Antiobesity Agents in Overweight and Obese Subjects",AstraZeneca,INDUSTRY,,0,PHASE2,INTERVENTIONAL,258.0,2006-11,COMPLETED,Overweight; Obesity,16,astrazeneca,astrazeneca
NCT02612077,Observation of Patients With Metastatic Colorectal Cancer Starting Chemotherapy Combined With Bevacizumab (Avastin),Hoffmann-La Roche,INDUSTRY,,0,,OBSERVATIONAL,765.0,2008-05,COMPLETED,Metastatic Colorectal Cancer,1,roche,roche
NCT03312777,Omnitram Pharmacokinetic and Analgesic Study Following CY2D6 Inhibition With Paroxetine In Healthy Volunteers,"Syntrix Biosystems, Inc.",INDUSTRY,PRA Health Sciences; DF/Net Rearch; ITT Research Institute,3,PHASE1,INTERVENTIONAL,60.0,2017-10-31,COMPLETED,Pain,1,syntrix biosystems,syntrix biosystems
NCT00086177,Vaginal Progesterone to Reduce the Risk of Another Preterm Birth,"Juniper Pharmaceuticals, Inc.",INDUSTRY,,0,PHASE3,INTERVENTIONAL,636.0,2004-04,COMPLETED,Pregnancy,45,juniper,juniper
NCT02345057,A Study to Evaluate Efficacy and Safety of CS-3150 in Japanese Type 2 Diabetic Subjects With Microalbuminuria,Daiichi Sankyo,INDUSTRY,,0,PHASE2,INTERVENTIONAL,365.0,2015-01,COMPLETED,Diabetic Nephropathy,1,daiichi sankyo,daiichi sankyo
NCT05329857,"The Study Intends to Show Bioequivalence of the Test Product and the Reference Reference Product in a Crossover Design Study Healthy Volunteers. Additionally, the Safety Profile of Test Product Compared to Reference Product Will be Evaluated.",AET Laboratories Private Limited,INDUSTRY,,0,,INTERVENTIONAL,60.0,2015-12,COMPLETED,To Determine Bioequivalence Under Fed Conditions,0,aet laboratories private,aet laboratories private
NCT02967757,In-market Utilisation of Liraglutide Used for Weight Management in Europe,Novo Nordisk A/S,INDUSTRY,,0,,OBSERVATIONAL,316.0,2016-12-22,COMPLETED,Metabolism and Nutrition Disorder; Obesity,19,novo nordisk,novo nordisk
NCT07286357,A Data Collection Protocol to Evaluate the Real World Usage of the Orthofix AccelStim Device to Treat Fresh Metatarsal Fractures,Orthofix Inc.,INDUSTRY,,0,,OBSERVATIONAL,100.0,2025-05-30,ACTIVE_NOT_RECRUITING,Metatarsal Fracture,3,orthofix,orthofix
NCT05951101,Zenith LAA Occlusion System,AuriGen Medical Ltd,INDUSTRY,,0,,INTERVENTIONAL,10.0,2024-03-28,RECRUITING,Atrial Fibrillation; Left Atrial Appendage; Stroke,3,aurigen,aurigen
NCT00002312,The Safety and Effectiveness of U-90152 in HIV-1 Infected Patients Who Take Zidovudine,Pharmacia and Upjohn,INDUSTRY,,0,,INTERVENTIONAL,,,COMPLETED,HIV Infections,1,pharmacia and upjohn,pharmacia and upjohn
NCT01635881,Evaluation of Coronary Luminal Diameter Enlargement With Emerge™ 1.20 mm PTCA Dilatation Catheter,Boston Scientific Corporation,INDUSTRY,,0,PHASE3,INTERVENTIONAL,60.0,2012-07,COMPLETED,Coronary Artery Disease,1,boston scientific,boston scientific
NCT04428281,"A Study to Investigate the Safety, Tolerability, Pharmacokinetics (PK) and Pharmacodynamics (PD) of RO7248824 in Participants With Angelman Syndrome (AS)",Hoffmann-La Roche,INDUSTRY,,0,PHASE1,INTERVENTIONAL,74.0,2020-08-19,COMPLETED,Angelman Syndrome,12,roche,roche
NCT00585481,Incidence of Severe Respiratory Syncytial Virus Infections in Preterm Brazilian Children,Abbott,INDUSTRY,Statistika Consultoria Ltda,1,,OBSERVATIONAL,310.0,2008-01,COMPLETED,Respiratory Syncytial Viruses; Respiratory Tract Infection,2,abbott,abbott
NCT03103581,BLI4700-202: A Pilot Evaluation of BLI4700 Bowel Preparation in Adult Subjects,Braintree Laboratories,INDUSTRY,,0,PHASE2,INTERVENTIONAL,17.0,2017-02-16,COMPLETED,Colonoscopy,2,braintree,braintree
NCT01067781,Safety and Immunogenicity Study of Traveler's Diarrhea Vaccine Patch,"Intercell USA, Inc.",INDUSTRY,,0,PHASE2,INTERVENTIONAL,600.0,2010-02,COMPLETED,Diarrhea,5,intercell,intercell
NCT05196919,Safety and Efficacy of XT-150 for Facet Joint Osteoarthritis Pain,"Xalud Therapeutics, Inc.",INDUSTRY,,0,PHASE2,INTERVENTIONAL,75.0,2022-02-24,COMPLETED,Facet Joint Pain; Back Pain; Inflammation,3,xalud,xalud
NCT02754830,A Study of LY3303560 in Healthy Participants and Participants With Alzheimer's Disease (AD),Eli Lilly and Company,INDUSTRY,,0,PHASE1,INTERVENTIONAL,72.0,2016-04-25,COMPLETED,Alzheimer's Disease,2,eli lilly,eli lilly
NCT06658730,Long-term Characterization of GORE® TAG® Conformable Thoracic Stent Graft With ACTIVE CONTROL System Performance,W.L.Gore & Associates,INDUSTRY,,0,,OBSERVATIONAL,1500.0,2025-06-19,RECRUITING,Vascular Disease; Dissection; Dissection Aortic Aneurysm; Dissection of Aorta; Aneurysm Thoracic; Aneurysm Dissecting; Transection Aorta; Intramural Hematoma,36,w l gore and associates,w l gore and associates
NCT00543530,Pediatric Expanded Access Program-Oral Solution (0831-908),Merck Sharp & Dohme LLC,INDUSTRY,,0,PHASE3,INTERVENTIONAL,,2001-03,COMPLETED,HIV Infections,0,merck,merck
NCT00504530,r-hLIF for Improving Embryo Implantation in IVF,"Merck KGaA, Darmstadt, Germany",INDUSTRY,,0,PHASE1; PHASE2,INTERVENTIONAL,50.0,2001-09,COMPLETED,Infertility Implantation Failure,0,merck kgaa darmstadt germany,merck kgaa darmstadt germany
NCT00358930,A Study of ARQ 501 in Patients With Squamous Cell Carcinoma of the Head and Neck,"ArQule, Inc., a subsidiary of Merck Sharp & Dohme LLC, a subsidiary of Merck & Co., Inc. (Rahway, NJ USA)",INDUSTRY,,0,PHASE2,INTERVENTIONAL,60.0,2006-07,COMPLETED,"Head and Neck Neoplasms; Carcinoma, Squamous Cell",9,arqule inc a subsidiary of merck sharp and dohme llc a subsidiary of merck and co inc rahway nj,arqule inc a subsidiary of merck sharp and dohme llc a subsidiary of merck and co inc rahway nj
NCT05562830,A Substudy of Investigational Agents in Programmed Cell Death-1/Ligand 1 (PD-1/L1) Refractory Locally Advanced or Metastatic Urothelial Carcinoma (mUC) (MK-3475-04A),Merck Sharp & Dohme LLC,INDUSTRY,,0,PHASE1; PHASE2,INTERVENTIONAL,48.0,2022-11-16,RECRUITING,Urothelial Carcinoma,28,merck,merck
NCT06643728,"A Study to Investigate Weight Management With Bimagrumab (LY3985863) and Tirzepatide (LY3298176), Alone or in Combination, in Adults With Obesity or Overweight",Eli Lilly and Company,INDUSTRY,,0,PHASE2,INTERVENTIONAL,252.0,2024-10-21,ACTIVE_NOT_RECRUITING,Obesity; Overweight,12,eli lilly,eli lilly
NCT06892028,EEG-based Personalized Transcranial Magnetic Stimulation (eTMS) to Treat Post-Traumatic Stress Disorder,Wave Neuroscience,INDUSTRY,,0,,INTERVENTIONAL,110.0,2025-02-12,RECRUITING,"Stress Disorder, Post Traumatic",2,wave neuroscience,wave neuroscience
NCT04732728,LUX-Dx Insertable Cardiac Monitor Remote Programming and Performance Study,Boston Scientific Corporation,INDUSTRY,,0,,OBSERVATIONAL,727.0,2021-03-05,COMPLETED,Atrial Fibrillation; Syncope; Cryptogenic Stroke,24,boston scientific,boston scientific
NCT05352828,Autologous CD30.CAR-T in Combination With Nivolumab in cHL Patients After Failure of Frontline Therapy,Tessa Therapeutics,INDUSTRY,Bristol-Myers Squibb,1,PHASE1,INTERVENTIONAL,15.0,2022-07-25,ACTIVE_NOT_RECRUITING,Classical Hodgkin Lymphoma; Hodgkin Disease Refractory; Hodgkin Disease Recurrent,5,tessa,tessa
NCT07036965,Comparison of Different Pulsed Field Ablation Catheters in Atrial Fibrillation,"Hangzhou Dinova EP Technology Co., Ltd",INDUSTRY,,0,,INTERVENTIONAL,292.0,2025-06-30,RECRUITING,Atrial Fibrillation (AF),1,hangzhou dinova ep technology,hangzhou dinova ep technology
NCT06393465,Real-World Effectiveness of High-Dose Tafamidis on Neurologic Disease Progression in Mixed-Phenotype Transthyretin Amyloid Cardiomyopathy,Pfizer,INDUSTRY,,0,,OBSERVATIONAL,50.0,2024-06-15,COMPLETED,Transthyretin Amyloidosis Cardiomyopathy (ATTR-CM),1,pfizer,pfizer
NCT00936065,Study Evaluating the Efficacy and Safety of Etanercept and Acitretin in Korean Patient With Moderate to Severe Psoriasis,Pfizer,INDUSTRY,,0,PHASE4,INTERVENTIONAL,60.0,2009-07,COMPLETED,Moderate to Severe Psoriasis,10,pfizer,pfizer
NCT07199465,A Clinical Study of Letermovir (MK-8228) in Children and Adolescents Who Receive a Kidney Transplant (KT) (MK-8228-077),Merck Sharp & Dohme LLC,INDUSTRY,,0,PHASE1,INTERVENTIONAL,40.0,2026-03-30,RECRUITING,Cytomegalovirus Prophylaxis,18,merck,merck
NCT04927065,A Study to Evaluate the Immunogenicity and Safety of mRNA Vaccine Boosters for SARS-CoV-2 (COVID-19) Variants,"ModernaTX, Inc.",INDUSTRY,,0,PHASE2; PHASE3,INTERVENTIONAL,5161.0,2021-05-28,COMPLETED,SARS-CoV-2,23,modernatx,modernatx
NCT05343767,Investigate the Efficacy and Safety of Low-Glu in Patients Newly Diagnosed With Type II Diabetes Mellitus,Natural Wellness Egypt,INDUSTRY,,0,,INTERVENTIONAL,198.0,2018-09-12,COMPLETED,Type2 Diabetes Mellitus,1,natural wellness egypt,natural wellness egypt
NCT00145067,Osteoporosis Disease Management Demonstration Project (0000-040),Merck Sharp & Dohme LLC,INDUSTRY,,0,,INTERVENTIONAL,230.0,2003-11,COMPLETED,Osteoporosis,0,merck,merck
NCT01222767,Study of Zalypsis® (PM00104) in Patients With Unresectable Locally Advanced and/or Metastatic Ewing Family of Tumors (EFT) Progressing After at Least One Prior Line of Chemotherapy,PharmaMar,INDUSTRY,,0,PHASE2,INTERVENTIONAL,17.0,2010-12,COMPLETED,Ewing's Sarcoma; Primitive Neuroectodermal Tumor (PNET); Askin's Tumor of the Chest Wall; Extraosseous Ewing's Sarcoma (EOE),7,pharmamar,pharmamar
NCT04401800,"Preliminary Antitumor Activity, Safety and Tolerability of Tislelizumab in Combination With Lenvatinib for Hepatocellular Carcinoma",BeiGene,INDUSTRY,,0,PHASE2,INTERVENTIONAL,64.0,2020-09-04,COMPLETED,Hepatocellular Carcinoma; Unresectable Hepatocellular Carcinoma; Metastatic Hepatocellular Carcinoma,9,beigene,beigene
NCT03896100,Assessment of Intracellular Cytokines and Markers in Cells (Phase 3),"Johnson & Johnson Vision Care, Inc.",INDUSTRY,,0,,OBSERVATIONAL,12.0,2019-03-28,COMPLETED,Impression Cytology,1,johnson and johnson vision care,johnson and johnson vision care
NCT00562107,Evaluation of the SafeR Mode in Patients With a Dual Chamber Pacemaker Indication,LivaNova,INDUSTRY,,0,PHASE4,INTERVENTIONAL,650.0,2007-12,COMPLETED,Assess the Benefits From the AAISafeR/SafeR Algorithm of Symphony 2550 or REPLYTM DR in a Wide Range of Pacemaker Patients.,37,livanova,livanova
NCT01431807,Long-term Study of SYR-472,Takeda,INDUSTRY,,0,PHASE3,INTERVENTIONAL,680.0,2011-09-01,COMPLETED,Diabetes Mellitus,41,takeda,takeda
NCT01765907,Antalgic Treatment of Painful Bone Metastases by US-guided High Intensity Focused Ultrasound (HIFU),Theraclion,INDUSTRY,,0,PHASE1,INTERVENTIONAL,3.0,2012-12,COMPLETED,Bone Metastasis,1,theraclion,theraclion
NCT01184807,"Phase 1, Dose-escalation Trial of OPB-51602 in Patients With Advanced Solid Tumors",Otsuka Beijing Research Institute,INDUSTRY,,0,PHASE1,INTERVENTIONAL,51.0,2009-12,COMPLETED,Malignant Solid Tumour,2,otsuka beijing research institute,otsuka beijing research institute
NCT00860392,A Comparison of Measurements of Ketone Body Flux Versus Ketone Body Concentration as a Pharmacodynamic Marker of Hepatic Fatty Acid Oxidation (0000-110),Merck Sharp & Dohme LLC,INDUSTRY,,0,PHASE1,INTERVENTIONAL,24.0,2009-03-02,COMPLETED,Diabetes,0,merck,merck
NCT02754492,Evaluation of Trima Version 7.0 Platelets in 100% Plasma,Terumo BCT,INDUSTRY,,0,,INTERVENTIONAL,334.0,2016-04,COMPLETED,Healthy Volunteers,7,terumo bct,terumo bct
NCT04779892,The Study of Infliximab (CMAB008 and Remicade) in Healthy Subjects to Compare the PK and Safety,"Taizhou Mabtech Pharmaceutical Co.,Ltd",INDUSTRY,,0,PHASE1,INTERVENTIONAL,90.0,2020-02-01,COMPLETED,Rheumatoid Arthritis,1,taizhou mabtech,taizhou mabtech
NCT06772792,A Study to Evaluate the Drug-Drug Interaction Between Enlicitide Decanoate (MK-0616) and Alendronate in Healthy Adult Participants (MK-0616-027),Merck Sharp & Dohme LLC,INDUSTRY,,0,PHASE1,INTERVENTIONAL,36.0,2024-04-23,COMPLETED,Healthy,1,merck,merck
NCT02794636,Interferon Toxicities in Melanoma Treatment,Bristol-Myers Squibb,INDUSTRY,,0,,OBSERVATIONAL,436.0,2014-05,COMPLETED,Stage III Melanoma,0,bms,bms
NCT04147936,Study of the Safety and Tolerability of AXA1665 in Subjects With Mild and Moderate Hepatic Insufficiency,"Axcella Health, Inc",INDUSTRY,,0,,INTERVENTIONAL,60.0,2019-03-30,COMPLETED,Hepatic Insufficiency,11,axcella,axcella
NCT03669965,KRT-232 Compared to Ruxolitinib in Patients With Phlebotomy-Dependent Polycythemia Vera,"Kartos Therapeutics, Inc.",INDUSTRY,,0,PHASE2,INTERVENTIONAL,20.0,2019-01-15,ACTIVE_NOT_RECRUITING,Polycythemia Vera,16,kartos,kartos
NCT06165965,"To Evaluate the Safety and Pharmacokinetic Characteristics After the Administration of JT-001, JT-002 and JLP-2008","Jeil Pharmaceutical Co., Ltd.",INDUSTRY,,0,PHASE1,INTERVENTIONAL,48.0,2022-05-03,COMPLETED,Healthy Adult,1,jeil,jeil
NCT03261167,A Phase III Study to Evaluate the Efficacy and Safety of GSK1358820 in Subjects With Post-stroke Upper Limb Spasticity,GlaxoSmithKline,INDUSTRY,,0,PHASE3,INTERVENTIONAL,124.0,2017-08-02,COMPLETED,"Spasticity, Post-Stroke",38,gsk,gsk
NCT01421667,A Study of Brentuximab Vedotin in Relapsed or Refractory Non-Hodgkin Lymphoma,Seagen Inc.,INDUSTRY,,0,PHASE2,INTERVENTIONAL,176.0,2011-08,COMPLETED,"Lymphoma, B-Cell; Lymphoma, Large B-Cell, Diffuse; Lymphoma, Non-Hodgkin; Lymphoma, T-Cell",34,pfizer,pfizer
NCT00646867,"Effect of Tetrix on Alleviation of Burning,Itching Associated With Lesions of Contact Dermatitis","Coria Laboratories, Ltd.",INDUSTRY,,0,,INTERVENTIONAL,44.0,2008-02,COMPLETED,Contact Dermatitis,1,coria,coria
NCT01538667,"Study to Characterize Lung Deposition, Pharmacokinetics, Safety and Tolerability of Single Inhalations of Radiolabeled Ciprofloxacin Dry Powder in Healthy Subjects and Patients With Chronic Lung Diseases",Bayer,INDUSTRY,,0,PHASE1,INTERVENTIONAL,24.0,2012-04,COMPLETED,Respiratory System,1,bayer,bayer
NCT05044767,Study to Evaluate the Performance and Safety of ATF Implants and Lapé Médical Devices Implanted During Hip Arthroplasty,ATF Implants,INDUSTRY,,0,,OBSERVATIONAL,4500.0,2021-06-07,RECRUITING,"Arthroplasty, Hip, Replacement",13,atf implants,atf implants
NCT05336071,The Relative Bioavailability of INS068 Injection With Two Different Formulations in Healthy Subjects,"Jiangsu HengRui Medicine Co., Ltd.",INDUSTRY,,0,PHASE1,INTERVENTIONAL,24.0,2022-05-12,COMPLETED,Diabetes Mellitus,1,jiangsu hengrui medicine,jiangsu hengrui medicine
NCT05748171,A Study to Learn More About the Study Medicine Called Inotuzumab Ozogamicin (InO) in Children (1 to <18 Years) With First Relapse ALL,Pfizer,INDUSTRY,,0,PHASE2,INTERVENTIONAL,100.0,2023-05-17,RECRUITING,ACUTE LYMPHOBLASTIC LEUKEMIA,67,pfizer,pfizer
NCT01555944,Prospective Observational Study in Patients With Metastatic Breast Cancer Treated With Anthracyclines,Teva Pharma,INDUSTRY,,0,,OBSERVATIONAL,60.0,2012-02,COMPLETED,Metastatic Breast Cancer,24,teva,teva
NCT02345044,A Study to Evaluate Efficacy and Safety of CS-3150 in Japanese Hypertensive Subjects,Daiichi Sankyo,INDUSTRY,,0,PHASE2,INTERVENTIONAL,426.0,2015-01,COMPLETED,Essential Hypertension,1,daiichi sankyo,daiichi sankyo
NCT06649344,A Study of HRS9531 Versus Semaglutide Once Weekly as Add-on Therapy to Metformin Monotherapy or in Combination With SGLT2 Inhibitors in Participants With Type 2 Diabetes,"Fujian Shengdi Pharmaceutical Co., Ltd.",INDUSTRY,,0,PHASE3,INTERVENTIONAL,884.0,2024-10-31,COMPLETED,Type 2 Diabetes,1,fujian shengdi,fujian shengdi
NCT03539744,A Study Designed to Evaluate the Safety and Efficacy of Venetoclax Plus Dexamethasone (VenDex) Compared With Pomalidomide Plus Dexamethasone (PomDex) in Participants With t(11;14)-Positive Relapsed or Refractory Multiple Myeloma.,AbbVie,INDUSTRY,Roche-Genentech,1,PHASE3,INTERVENTIONAL,265.0,2018-10-22,ACTIVE_NOT_RECRUITING,Multiple Myeloma,180,abbvie,abbvie
NCT00140634,The Objectives of the Cartilage Repair Registry is to Report Long Term Efficacy and Safety of Cartilage Repair Procedures in Registry Patients,Vericel Corporation,INDUSTRY,,0,,OBSERVATIONAL,2233.0,1995-03,COMPLETED,Articular Cartilage; Cartilage Diseases,1,vericel,vericel
NCT04589234,Saltikva for Metastatic Pancreatic Cancer,Salspera LLC,INDUSTRY,,0,PHASE2,INTERVENTIONAL,60.0,2020-10-20,ACTIVE_NOT_RECRUITING,Metastatic Pancreatic Cancer,1,salspera,salspera
NCT01181934,"The Effect of Nicotine on Arousal, Cognition and Social Cognition in Young and Elderly Healthy Subjects.","Janssen Pharmaceutica N.V., Belgium",INDUSTRY,Agentschap voor Innovatie door Wetenschap en Technologie,1,EARLY_PHASE1,INTERVENTIONAL,32.0,2010-05,COMPLETED,Schizophrenia; Cognition Disorders,0,janssen pharmaceutica n v belgium,janssen pharmaceutica n v belgium
NCT04048564,Observational Study on CML Patients in Any Phase of the Disease Treated With Ponatinib (Iclusig®),Incyte BioSciences France,INDUSTRY,,0,,OBSERVATIONAL,120.0,2018-02-23,COMPLETED,Chronic Myeloid Leukemia,40,incyte biosciences france,incyte biosciences france
NCT05587764,Tempus Pro Monitor Registry,Philips Clinical & Medical Affairs Global,INDUSTRY,"North American Science Associates, LLC",1,,OBSERVATIONAL,103.0,2024-04-25,COMPLETED,Sudden Cardiac Arrest; Emergency Care,1,philips clinical and medical affairs global,philips clinical and medical affairs global
NCT05131464,The Study of CM310 in Patients With Chronic Rhinosinusitis With Nasal Polyps,Keymed Biosciences Co.Ltd,INDUSTRY,,0,PHASE2,INTERVENTIONAL,46.0,2021-11-30,COMPLETED,Chronic Rhinosinusitis With Nasal Polyps,3,keymed,keymed
NCT04373564,Effect on Body Movement and Mental Skills in Patients Who Received Gadolinium-based Contrast Media for Magnetic Resonance Examination Multiple Times Within 5 Years,Guerbet,INDUSTRY,Bayer AG (Sponsor); Bracco (Sponsor); GEHC (Sponsor),3,PHASE4,INTERVENTIONAL,2076.0,2021-03-24,RECRUITING,Motor Function; Cognitive Function; Contrast Media,51,guerbet,guerbet
NCT00888264,A NIS Evaluating the Treatment Patterns of Atypical Antipsychotics in Patients Diagnosed With Bipolar I or II Disorder,AstraZeneca,INDUSTRY,,0,,OBSERVATIONAL,152.0,2009-05,COMPLETED,Bipolar Disorders,45,astrazeneca,astrazeneca
NCT04943809,Comparison of Visual Outcomes After Implantation of the POD FT and the POD F,"Beaver-Visitec International, Inc.",INDUSTRY,,0,,OBSERVATIONAL,63.0,2014-07-16,COMPLETED,Cataract,1,beaver visitec,beaver visitec
NCT01179334,Evaluation of the Pharmacodynamic Effect of the Combination of Sildenafil and Riociguat on Blood Pressure and Other Safety Parameters.,Bayer,INDUSTRY,,0,PHASE2,INTERVENTIONAL,18.0,2010-08,COMPLETED,Pulmonary Hypertension,25,bayer,bayer
NCT01767532,Bioequivalence Study of Cephalexin Suspension 125,GlaxoSmithKline,INDUSTRY,,0,PHASE1,INTERVENTIONAL,28.0,2011-01-30,COMPLETED,"Infections, Respiratory Tract",0,gsk,gsk
NCT07111832,A Clinical Trial of SHR-A1811 in the Treatment of Triple-negative Breast Cancer,"Suzhou Suncadia Biopharmaceuticals Co., Ltd.",INDUSTRY,,0,PHASE3,INTERVENTIONAL,400.0,2025-08-20,RECRUITING,PD-L1-positive Locally Recurrent Unresectable or Metastatic Triple-negative Breast Cancer,2,suzhou suncadia,suzhou suncadia
NCT02034032,Regenexx™ SD Versus Exercise Therapy for Treatment of Knee Osteoarthritis With Historical Comparison to TKA,"Regenexx, LLC",INDUSTRY,,0,,INTERVENTIONAL,48.0,2014-01,COMPLETED,Knee Osteoarthritis,1,regenexx,regenexx
NCT07184632,A Research Study on How Well Different Doses of the Medicine NNC0662-0419 Help People Living With Overweight or Obesity,Novo Nordisk A/S,INDUSTRY,,0,PHASE2,INTERVENTIONAL,224.0,2025-10-01,ACTIVE_NOT_RECRUITING,Overweight; Obesity,2,novo nordisk,novo nordisk
NCT05282732,"Retrospective Analysis of Performance and Treatment Data Collected for Genius SleddFlux Filter, Ultraflux AV 600 S Filter & Genius 90 Concentrates in Haemodialysis Patients",Fresenius Medical Care Deutschland GmbH,INDUSTRY,Alcedis GmbH,1,,OBSERVATIONAL,100.0,2022-10-07,RECRUITING,Renal Failure; End Stage Renal Disease; Acute Renal Failure,2,fresenius medical care deutschland,fresenius medical care deutschland
NCT04966832,"Safety, Tolerability and Pharmacokinetics of XW10508 Immediate and Modified Release Formulations in Healthy Adults",XWPharma,INDUSTRY,,0,PHASE1,INTERVENTIONAL,84.0,2021-07-13,COMPLETED,Healthy Volunteers,1,xwpharma,xwpharma
NCT07107932,A Registry： Siltartoxatug Injection for Tetanus Prophylaxis Following Injury,"Zhuhai Trinomab Pharmaceutical Co., Ltd.",INDUSTRY,,0,,OBSERVATIONAL,10000.0,2025-07-31,RECRUITING,Tetanus,4,zhuhai trinomab,zhuhai trinomab
NCT03480698,Cerebrolysin REGistry Study in Stroke - a High-quality Observational Study of Comparative Effectiveness,Ever Neuro Pharma GmbH,INDUSTRY,IDV Data analysis and study planning Dr. Rahlfs,1,,OBSERVATIONAL,1851.0,2018-04-24,COMPLETED,Acute Ischemic Stroke,8,ever neuro,ever neuro
NCT01229098,Effect of LEO 80185 Gel on the HPA Axis and Calcium Metabolism in Subjects With Extensive Psoriasis Vulgaris,LEO Pharma,INDUSTRY,,0,PHASE2,INTERVENTIONAL,102.0,2010-10,COMPLETED,Psoriasis Vulgaris,10,leo pharma,leo pharma
NCT03276663,Growth of Healthy Term Infants Fed a Partially Hydrolyzed Follow-up Formula,Société des Produits Nestlé (SPN),INDUSTRY,Biofortis Mérieux NutriSciences,1,,INTERVENTIONAL,194.0,2017-09-18,COMPLETED,Growth,6,société des produits nestlé spn,société des produits nestlé spn
NCT00174863,Evaluation of SR 31747A Versus Placebo in Androgen-Independent Non Metastatic Prostate Cancer,Sanofi,INDUSTRY,,0,PHASE2,INTERVENTIONAL,232.0,2003-10,COMPLETED,Prostatic Neoplasm,13,sanofi,sanofi
NCT05784363,A Study of NT 201 in the Treatment of Enlarged Pores and Excessive Sebum Production in the Face,"Merz North America, Inc.",INDUSTRY,,0,PHASE1,INTERVENTIONAL,31.0,2022-10-27,COMPLETED,Enlarged Pores; Sebum Production,3,merz north america,merz north america
NCT00848887,A Dose Ranging Study Comparing Different Combinations of Adjuvanted and Non-adjuvanted Influenza Vaccines in Healthy Children 6 to <36 Months of Age,Novartis,INDUSTRY,Novartis Vaccines,1,PHASE1,INTERVENTIONAL,410.0,2008-10,COMPLETED,Influenza,1,novartis,novartis
NCT03951987,Investigation How CG5503 is Taken up and Excreted From the Body After 2 Minutes Intravenous Infusion With and Without Oral Co-administration of Charcoal,Grünenthal GmbH,INDUSTRY,,0,PHASE1,INTERVENTIONAL,14.0,2004-02,COMPLETED,Pharmacokinetic,1,grünenthal,grünenthal
NCT05106387,An Observational Extension Study for Adult Patients Treated in Study R5459-RT-1944 Who Receive a Kidney Transplant,Regeneron Pharmaceuticals,INDUSTRY,,0,,OBSERVATIONAL,20.0,2023-10-19,RECRUITING,Chronic Kidney Disease (CKD),9,regeneron,regeneron
NCT01957787,Study of Cryoablation for Metastatic Lung Tumors,Boston Scientific Corporation,INDUSTRY,,0,,INTERVENTIONAL,131.0,2014-04-10,COMPLETED,Neoplasm Metastasis,10,boston scientific,boston scientific
NCT02223832,"Study to Evaluate the Pharmacokinetics, Tolerability, and Safety of ACT-128800 in Japanese and Caucasian Healthy Male and Female Subjects",Actelion,INDUSTRY,,0,PHASE1,INTERVENTIONAL,20.0,2009-02,COMPLETED,Healthy,1,actelion,actelion
NCT06668532,Longitudinal Well-Being Study,"Flourish Science, Inc.",INDUSTRY,,0,,INTERVENTIONAL,1137.0,2025-05-05,COMPLETED,Healthy,1,flourish,flourish
NCT03490032,68Ga-PSMA-R2 in Patients With Biochemical Relapse (BR) and Metastatic Prostate Cancer (mPCa),Advanced Accelerator Applications,INDUSTRY,,0,PHASE1; PHASE2,INTERVENTIONAL,30.0,2018-05-23,COMPLETED,Prostate Cancer Metastatic,5,advanced accelerator applications,advanced accelerator applications
NCT02759198,A Clinical Trial of YH23537 in Patients With Knee Osteoarthritis,Yuhan Corporation,INDUSTRY,,0,PHASE2,INTERVENTIONAL,456.0,2016-05-02,COMPLETED,Knee Osteoarthritis,1,yuhan,yuhan
NCT01284998,Short Term Follow-up of Patent Implanted With the B-BOP Lock Plate,Integra LifeSciences Services,INDUSTRY,,0,,OBSERVATIONAL,85.0,2009-06,COMPLETED,Hallux Valgus; Hallux Varus; Vicious Callus on M1,3,integra lifesciences services,integra lifesciences services
NCT03178487,A Study Evaluating the Safety and Efficacy of Upadacitinib in Adults With Active Ankylosing Spondylitis,AbbVie,INDUSTRY,,0,PHASE2,INTERVENTIONAL,187.0,2017-10-24,COMPLETED,Ankylosing Spondylitis (AS),101,abbvie,abbvie
NCT06115993,A Study to Evaluate the Safety and Efficacy of AHB-137 in Healthy Participants and HBeAg-negative Chronic Hepatitis B (CHB) Patients,"Ausper Biopharma Co., Ltd.",INDUSTRY,,0,PHASE1; PHASE2,INTERVENTIONAL,129.0,2023-08-03,COMPLETED,"Hepatitis B, Chronic",3,ausper,ausper
NCT02284893,Study to Evaluate the Efficacy and Safety of Saxagliptin Co-administered With Dapagliflozin in Combination With Metformin Compared to Sitagliptin in Combination With Metformin in Adult Patients With Type 2 Diabetes Who Have Inadequate Glycemic Control on Metformin Therapy Alone,AstraZeneca,INDUSTRY,,0,PHASE3,INTERVENTIONAL,461.0,2014-09-09,COMPLETED,Type 2 Diabetes,79,astrazeneca,astrazeneca
NCT05567393,A Study of TAK-951 in Healthy Adults,Takeda,INDUSTRY,,0,PHASE1,INTERVENTIONAL,128.0,2019-03-07,COMPLETED,Healthy Volunteers,1,takeda,takeda
NCT02447393,Phase 1 Study of Levocetirizine,GlaxoSmithKline,INDUSTRY,,0,PHASE1,INTERVENTIONAL,20.0,2008-03-18,COMPLETED,Dermatitis,1,gsk,gsk
NCT02280421,Drug-Drug Interaction Study: ASP2151 and Ciclosporin,Maruho Europe Limited,INDUSTRY,,0,PHASE1,INTERVENTIONAL,26.0,2014-10,COMPLETED,Healthy,1,maruho europe,maruho europe
NCT00647621,Steady-State Study of Extended Phenytoin Sodium Capsules 100 mg and Dilantin® Kapseals® 100 mg,Mylan Pharmaceuticals Inc,INDUSTRY,,0,PHASE1,INTERVENTIONAL,72.0,2005-10,COMPLETED,Healthy,1,mylan,mylan
NCT00763321,Study to Evaluate the Safety and Efficacy of ABT-712 in Subjects With Moderate to Severe Chronic Low Back Pain (CLBP),"AbbVie (prior sponsor, Abbott)",INDUSTRY,,0,PHASE3,INTERVENTIONAL,287.0,2008-09,COMPLETED,Chronic Low Back Pain,31,abbvie prior sponsor abbott,abbvie prior sponsor abbott
NCT01350921,Evaluation of the Drug-drug Interaction Between Ticagrelor and Venlafaxine When Taken Together in Healthy Volunteers,AstraZeneca,INDUSTRY,,0,PHASE1,INTERVENTIONAL,22.0,2011-05,COMPLETED,Drug Drug Interaction,2,astrazeneca,astrazeneca
NCT02172521,Effect of Spiriva® 18 Microgram on Health-related Quality of Life and Physical Functioning in Patients With Chronic Obstructive Pulmonary Disease (COPD) and Proven Hyperinflation,Boehringer Ingelheim,INDUSTRY,,0,,OBSERVATIONAL,1536.0,2006-01,COMPLETED,"Pulmonary Disease, Chronic Obstructive",0,boehringer,boehringer
NCT01472614,Efficacy and Safety of Add-on Therapy With DLBS3233 in Patients With Type-2 Diabetes Mellitus,Dexa Medica Group,INDUSTRY,,0,PHASE3,INTERVENTIONAL,54.0,2011-09,COMPLETED,Type-2 Diabetes Mellitus,2,dexa medica,dexa medica
NCT05579314,XW014 in Healthy Subjects and Patients With Type 2 Diabetes Mellitus (T2DM),"Sciwind Biosciences USA Co., Ltd.",INDUSTRY,,0,PHASE1,INTERVENTIONAL,127.0,2022-09-26,COMPLETED,Type 2 Diabetes Mellitus,3,sciwind,sciwind
NCT03690414,"Evaluation of Short Term Use of Experimental Eye Drops BHVI2, 0.02% Atropine and BHVI2 Plus 0.02% Atropine Eye Drops",Hai Yen Eye Care,INDUSTRY,Brien Holden Vision,1,PHASE1,INTERVENTIONAL,52.0,2018-10-01,COMPLETED,Myopia,1,hai yen eye care,hai yen eye care
NCT01917916,Single Rising Doses of BI 655064 in Healthy Chinese and Japanese Male Volunteers,Boehringer Ingelheim,INDUSTRY,,0,PHASE1,INTERVENTIONAL,64.0,2013-08-05,COMPLETED,Healthy,2,boehringer,boehringer
NCT06552416,Safety of MT-401-OTS in Patients With Relapsed AML or MDS,"Marker Therapeutics, Inc.",INDUSTRY,University of Kansas Medical Center; H. Lee Moffitt Cancer Center and Research Institute; City of Hope National Medical Center; FDA Office of Orphan Products Development,4,PHASE1,INTERVENTIONAL,40.0,2025-06-16,RECRUITING,"Acute Myeloid Leukemia, in Relapse; MDS",3,marker,marker
NCT03563716,A Study of Tiragolumab in Combination With Atezolizumab in Chemotherapy-Naïve Patients With Locally Advanced or Metastatic Non-Small Cell Lung Cancer,"Genentech, Inc.",INDUSTRY,,0,PHASE2,INTERVENTIONAL,135.0,2018-08-10,COMPLETED,Non-small Cell Lung Cancer,40,roche,roche
NCT00442845,Establish The Benefits Of Using Various Starting Doses Of Atorvastatin On Achievement Of Cholesterol Targets (ACTFAST),Pfizer's Upjohn has merged with Mylan to form Viatris Inc.,INDUSTRY,,0,PHASE4,INTERVENTIONAL,2080.0,2003-01,COMPLETED,"Coronary Arteriosclerosis; Diabetes Mellitus, Type 2; Cerebrovascular Accident; Dyslipidemia; Peripheral Vascular Disease",121,pfizer s upjohn has merged with mylan to form viatris,pfizer s upjohn has merged with mylan to form viatris
NCT03265145,Assessment In a Real World Setting of the Effect of Inhaled Steroid-based Triple Therapy Versus the Combination of Tiotropium and Olodaterol on Reducing Chronic Obstructive Pulmonary Disease (COPD) Exacerbations [AIRWISE],Boehringer Ingelheim,INDUSTRY,Carelon Research,1,PHASE4,INTERVENTIONAL,714.0,2017-09-20,COMPLETED,"Pulmonary Disease, Chronic Obstructive",90,boehringer,boehringer
NCT01490645,A NIS Registry of the Prospective Structured Care In Acute Coronary Syndrome,AstraZeneca,INDUSTRY,,0,,OBSERVATIONAL,1006.0,2011-12,COMPLETED,Acute Coronary Syndrome,45,astrazeneca,astrazeneca
NCT02097745,A Study of the Efficacy and Safety of Re-treatments With Rituximab in Patients With Active Rheumatoid Arthritis Who Have Had an Inadequate Response to Anti-tnfa Therapies,Hoffmann-La Roche,INDUSTRY,Biogen,1,PHASE3,INTERVENTIONAL,341.0,2004-06,COMPLETED,Rheumatoid Arthritis,97,roche,roche
NCT05317845,An International Chart Review and Survey for the Prevalence and Clinical Management of Atherosclerotic Cardiovascular Diseases in Patients With Type 2 Diabetes Across Countries in the Middle East and Africa,Novo Nordisk A/S,INDUSTRY,,0,,OBSERVATIONAL,4089.0,2022-04-21,COMPLETED,"Diabetes Mellitus, Type 2",7,novo nordisk,novo nordisk
NCT02006472,"A Phase 2, to Evaluating the Safety and Efficacy of Pridopidine Vs Placebo for Symptomatic Treatment in Patients With Huntington's Disease",Prilenia,INDUSTRY,European Huntington's Disease Network; Huntington Study Group,2,PHASE2,INTERVENTIONAL,408.0,2014-02-28,COMPLETED,Huntington's Disease,58,prilenia,prilenia
NCT00640939,Diclofenac Patch for Treatment of Mild to Moderate Tendonitis or Bursitis,Cerimon Pharmaceuticals,INDUSTRY,"PPD Development, LP",1,PHASE2; PHASE3,INTERVENTIONAL,308.0,2007-12,COMPLETED,Rotator Cuff Tendonitis; Bicipital Tendonitis; Subdeltoid Bursitis of the Shoulder; Subacromial Bursitis of the Shoulder; Medial Epicondylitis of the Elbow; Lateral Epicondylitis of the Elbow; DeQuervain's Tenosynovitis of the Wrist,1,cerimon,cerimon
NCT02272777,A Study of Imatinib and Nilotinib in Patients With Chronic Myelogenous Leukemia in Chronic Phase,Novartis Pharmaceuticals,INDUSTRY,,0,PHASE3,INTERVENTIONAL,225.0,2014-07-17,COMPLETED,Leukemia,12,novartis,novartis
NCT04033575,Clinical Investigation of a Toothpaste Containing Stannous Fluoride as Compared to Colgate Fluoride Toothpaste,Colgate Palmolive,INDUSTRY,,0,PHASE4,INTERVENTIONAL,88.0,2019-03-06,COMPLETED,Gingivitis,1,colgate palmolive,colgate palmolive
NCT00887757,Safety Study of ABT-263 in Combination With Gemzar (Gemcitabine) in Subjects With Solid Tumors,AbbVie,INDUSTRY,"Genentech, Inc.",1,PHASE1,INTERVENTIONAL,46.0,2009-09,COMPLETED,Solid Tumors,0,abbvie,abbvie
NCT05328557,"A Phase Ia Study to Evaluate the Safety, Tolerability, Pharmacokinetics and Pharmacodynamics of Subcutaneously Administered CUG252 in Normal Healthy Volunteers",Cugene Inc.,INDUSTRY,,0,PHASE1,INTERVENTIONAL,32.0,2021-11-09,COMPLETED,Systemic Lupus Erythematosus,1,cugene,cugene
NCT04547257,Safety & Effectiveness Evaluation of Seraph 100 in Treatment of Pts With COVID-19,ExThera Medical Corporation,INDUSTRY,Vivantes Clinic Neukölln,1,,INTERVENTIONAL,42.0,2021-05-04,ACTIVE_NOT_RECRUITING,COVID-19,5,exthera,exthera
NCT03655301,Effect of Copanlisib on Metformin Pharmacokinetics and Pharmacodynamics,Bayer,INDUSTRY,,0,PHASE1,INTERVENTIONAL,13.0,2018-09-11,COMPLETED,Healthy Volunteers,1,bayer,bayer
NCT05061901,Bioequivalence Study of Two Formulations of Lisinopril Tablet 20 mg in Healthy Volunteers Under Fasting Conditions,Pharmtechnology LLC,INDUSTRY,"ClinPharmInvest, LLC",1,PHASE1,INTERVENTIONAL,38.0,2021-10-06,COMPLETED,Bioequivalence,1,pharmtechnology,pharmtechnology
NCT03806101,Study of PF-04965842 Effect on Rosuvastatin Pharmacokinetics in Healthy Participants,Pfizer,INDUSTRY,,0,PHASE1,INTERVENTIONAL,12.0,2019-01-23,COMPLETED,Healthy,1,pfizer,pfizer
NCT01210001,Efficacy and Safety of Empagliflozin (BI 10773) in Type 2 Diabetes Patients on a Background of Pioglitazone Alone or With Metformin,Boehringer Ingelheim,INDUSTRY,Eli Lilly and Company,1,PHASE3,INTERVENTIONAL,499.0,2010-09,COMPLETED,"Diabetes Mellitus, Type 2",68,boehringer,boehringer
NCT03692312,Efficacy and Safety of Tideglusib in Congenital Myotonic Dystrophy,AMO Pharma Limited,INDUSTRY,,0,PHASE2; PHASE3,INTERVENTIONAL,56.0,2021-03-03,COMPLETED,Congenital Myotonic Dystrophy,14,amo pharma,amo pharma
NCT07349212,UKK-0018 as an Immunotherapeutic for Treatment of Peanut Allergies,Ukko Inc,INDUSTRY,,0,PHASE1; PHASE2,INTERVENTIONAL,40.0,2026-02-18,RECRUITING,Peanut-Induced Anaphylaxis; Peanut Allergy,5,ukko,ukko
NCT02001181,Tofacitinib Ointment For Atopic Dermatitis (Atopic Eczema),Pfizer,INDUSTRY,,0,PHASE2,INTERVENTIONAL,69.0,2013-12,COMPLETED,"Dermatitis, Atopic",5,pfizer,pfizer
NCT01939912,Study on Reflex Response During Temporary Stimulation and Inhibition of Chemoreceptors of Carotid Bodies - a Pilot Study,Noblewell,INDUSTRY,"Cibiem, Inc.",1,,INTERVENTIONAL,10.0,2013-08,COMPLETED,Heart Failure; Peripheral Chemoreceptor Hypersensitivity,1,noblewell,noblewell
NCT02990481,A Phase 1 Study Evaluating the Safety of TRK-950 in Patients With Advanced Solid Tumors,"Toray Industries, Inc",INDUSTRY,,0,PHASE1,INTERVENTIONAL,38.0,2017-03-06,COMPLETED,Locally Advanced or Metastatic Solid Carcinomas; Colon Cancer; Cholangiocarcinoma,3,toray industries,toray industries
NCT00034281,Safety and Tolerability Study of TAK-165 in Subjects With Tumors Expressing HER2,Takeda,INDUSTRY,,0,PHASE1,INTERVENTIONAL,16.0,2002-06,COMPLETED,Breast Neoplasm; Pancreatic Neoplasm; Lung Neoplasm; Ovarian Neoplasm; Renal Neoplasm,4,takeda,takeda
NCT03119181,Study to Compare Active Tymbion Iontophoresis to Sham Tymbion Iontophoresis for Anesthesia of the Tympanic Membrane,Tusker Medical,INDUSTRY,,0,PHASE2,INTERVENTIONAL,40.0,2017-04-27,COMPLETED,Healthy Volunteer,2,tusker,tusker
NCT06715319,"Obeticholic Acid Versus Placebo, in Combination with Ursodeoxycholic Acid in Patients with Primary Biliary Cirrhosis","Shanghai Fudan-Zhangjiang Bio-Pharmaceutical Co., Ltd.",INDUSTRY,,0,PHASE3,INTERVENTIONAL,100.0,2021-10-09,COMPLETED,PBC,1,shanghai fudan zhangjiang bio,shanghai fudan zhangjiang bio
NCT04922619,Study of Music and Speech Perception in New Cochlear Implanted Subjects Using or Not a Tonotopy Based Fitting,MED-EL Elektromedizinische Geräte GesmbH,INDUSTRY,,0,,INTERVENTIONAL,26.0,2021-06-10,COMPLETED,"Sensorineural Hearing Loss, Bilateral",1,med el elektromedizinische geräte gesmbh,med el elektromedizinische geräte gesmbh
NCT05412030,"A Phase 2 Study to Evaluate the Safety, Tolerability, and Immune Response of AFX3772 Vaccine in Healthy Infants",GlaxoSmithKline,INDUSTRY,,0,PHASE2,INTERVENTIONAL,388.0,2022-06-16,COMPLETED,"Pneumonia, Bacterial; Pneumococcal Infections; Pneumonia, Pneumococcal",46,gsk,gsk
NCT04417530,Phase 2 Trial to Evaluate Belzupacap Sarotalocan (AU-011) Via Suprachoroidal Administration in Subjects With Primary Indeterminate Lesions and Small Choroidal Melanoma,Aura Biosciences,INDUSTRY,,0,PHASE2,INTERVENTIONAL,22.0,2020-08-05,COMPLETED,Uveal Melanoma; Ocular Melanoma; Choroidal Melanoma,22,aura,aura
NCT05665530,A Study of PRT2527 as Monotherapy and in Combination With Zanubrutinib or Venetoclax in Participants With R/R Hematologic Malignancies,Prelude Therapeutics,INDUSTRY,BeiGene,1,PHASE1,INTERVENTIONAL,86.0,2023-09-12,COMPLETED,Aggressive B-Cell Non-Hodgkin's Lymphoma (NHL); Chronic Lymphocytic Leukemia/Small Lymphocytic Lymphoma (CLL/SLL); Mantle Cell Lymphoma (MCL); Richter's Syndrome; T-cell Lymphoma; Diffuse Large B-cell Lymphoma (DLBCL); Marginal Zone Lymphoma; Myeloid Malignancies; Acute Myeloid Leukemia (AML); Chronic Myelomonocytic Leukemia (CMML); Myelodysplastic Syndrome (MDS); MDS/Myeloproliferative Neoplasm (MPN) Overlap Syndrome,24,prelude,prelude
NCT07133828,A Study to Learn About the Safety of BIIB142 and How it is Processed in the Body of Healthy Adult Participants Aged 18 to 55 Years Old,Biogen,INDUSTRY,,0,PHASE1,INTERVENTIONAL,78.0,2025-08-29,RECRUITING,Healthy Volunteer,1,biogen,biogen
NCT00239928,Clinical Study Of Pegaptanib Sodium (EYE001) For Wet-Type Age-Related Macular Degeneration,Pfizer,INDUSTRY,,0,PHASE2,INTERVENTIONAL,61.0,2005-09,COMPLETED,Macular Degeneration,12,pfizer,pfizer
NCT01727128,Pharmacokinetic Study of BKM120 in Subjects With Hepatic Impairment,Novartis Pharmaceuticals,INDUSTRY,,0,PHASE1,INTERVENTIONAL,31.0,2011-10,COMPLETED,Hepatic Impairment,3,novartis,novartis
NCT02914665,A Phase 2 Study to Evaluate the Cardiac and Renal Effects of Short Term Treatment With Elamipretide in Patients Hospitalized With Congestion Due to Heart Failure,Stealth BioTherapeutics Inc.,INDUSTRY,,0,PHASE2,INTERVENTIONAL,308.0,2016-10-20,COMPLETED,Heart Failure,46,stealth biotherapeutics,stealth biotherapeutics
NCT01469065,A 2-week Trial Of PF-04991532 In Patients With Type 2 Diabetes,Pfizer,INDUSTRY,,0,PHASE1,INTERVENTIONAL,82.0,2011-12,COMPLETED,"Diabetes Mellitus, Type 2",3,pfizer,pfizer
NCT02443467,A Study to Determine the Safety and Tolerability of Herceptin as an Adjuvant Therapy of Early Breast Cancer,Hoffmann-La Roche,INDUSTRY,,0,,OBSERVATIONAL,211.0,2006-07,COMPLETED,"Breast Cancer, Early Breast Cancer",1,roche,roche
NCT00406367,IncobotulinumtoxinA (Xeomin) Versus Placebo in the Treatment of Blepharospasm,Merz Pharmaceuticals GmbH,INDUSTRY,,0,PHASE3,INTERVENTIONAL,109.0,2006-10,COMPLETED,Blepharospasm,2,merz,merz
NCT02729467,A Study to Assess the Effects of Itraconazole and Rifampicin on the Single-Dose Pharmacokinetics of JNJ-53718678 in Healthy Adults,"Janssen Research & Development, LLC",INDUSTRY,,0,PHASE1,INTERVENTIONAL,33.0,2016-03,COMPLETED,Healthy,1,janssen research and,janssen research and
NCT04669600,A Phase 2a Study Evaluating BIVV020 in Adults With Persistent/Chronic Immune Thrombocytopenia (ITP),"Bioverativ, a Sanofi company",INDUSTRY,,0,PHASE2,INTERVENTIONAL,12.0,2021-02-04,COMPLETED,Immune Thrombocytopenia (ITP),9,bioverativ a sanofi,bioverativ a sanofi
NCT00991107,"A Study of the Safety, Tolerance and Assessment of HE3286 on Insulin Sensitivity and Hepatic Glucose Production",Harbor Therapeutics,INDUSTRY,,0,PHASE1,INTERVENTIONAL,5.0,2009-09,COMPLETED,Insulin Resistance,1,harbor,harbor
NCT01460992,ProMRI AFFIRM Study of the EVIA/ENTOVIS Pacemaker With Safio S Pacemaker Leads,Biotronik SE & Co. KG,INDUSTRY,,0,,OBSERVATIONAL,121.0,2012-03,COMPLETED,Cardiac Disease,9,biotronik se and co kg,biotronik se and co kg
NCT00163436,Efficacy and Safety of Ciclesonide Administered With or Without Different Spacers in Patients With Asthma (12 to 75 y) (BY9010/M1-145),AstraZeneca,INDUSTRY,,0,PHASE3,INTERVENTIONAL,450.0,2005-09,COMPLETED,Asthma,66,astrazeneca,astrazeneca
NCT05001711,Acute Assessment of the Aria CV System in Patients With WHO Groups 2 and 3 Pulmonary Hypertension,"Aria CV, Inc",INDUSTRY,,0,,INTERVENTIONAL,18.0,2021-07-12,COMPLETED,Pulmonary Hypertension,1,aria cv,aria cv
NCT00256711,Phase II Iressa Versus Vinorelbine (INVITE),AstraZeneca,INDUSTRY,,0,PHASE2,INTERVENTIONAL,192.0,2004-07,COMPLETED,Non-Small-Cell Lung Carcinoma,55,astrazeneca,astrazeneca
NCT00160511,A 16 Week Study Evaluating Levetiracetam in the Treatment of Post Herpetic Neuralgia (PHN),UCB Pharma,INDUSTRY,,0,PHASE2,INTERVENTIONAL,170.0,2004-04,COMPLETED,"Neuralgia, Postherpetic",0,ucb pharma,ucb pharma
NCT07202871,A Study of How the Body Absorbs LY3537031,Eli Lilly and Company,INDUSTRY,,0,PHASE1,INTERVENTIONAL,47.0,2025-11-03,COMPLETED,Healthy,1,eli lilly,eli lilly
NCT01628471,"MTD Determination, Safety and Efficacy of the Decitabine-Genistein Drug Combination in Advanced Solid Tumors and Non-Small Cell Lung Cancer",Uman Pharma,INDUSTRY,"dsm-firmenich Switzerland AG; MDEIE Ministry, Québec Government; INRS-Institut Armand Frappier , Université du Québec",3,PHASE1; PHASE2,INTERVENTIONAL,20.0,2012-11,COMPLETED,Non Small Cell Lung Cancer,1,uman,uman
NCT00974571,Montelukast in Perennial Allergic Rhinitis - 2001-2002 Study (0476-246),Organon and Co,INDUSTRY,,0,PHASE3,INTERVENTIONAL,1365.0,2001-11,COMPLETED,Perennial Allergic Rhinitis,0,organon and,organon and
NCT02013544,Intravaginal Prasterone (DHEA) Against Vulvovaginal Atrophy Associated With Menopause,EndoCeutics Inc.,INDUSTRY,,0,PHASE3,INTERVENTIONAL,558.0,2014-02,COMPLETED,Vaginal Atrophy,38,endoceutics,endoceutics
NCT02784444,"A Study to Evaluate the Safety, Tolerability & Efficacy of MSDC-0602K in Patients With NASH","Cirius Therapeutics, Inc.",INDUSTRY,Chiltern International Inc.,1,PHASE2,INTERVENTIONAL,392.0,2016-09-14,COMPLETED,Non-alcoholic Fatty Liver Disease; Non-alcoholic Steatohepatitis; NASH - Nonalcoholic Steatohepatitis,43,cirius,cirius
NCT01282034,Study for the Treatment of Knee Chondral and Osteochondral Lesions,Fin-Ceramica Faenza Spa,INDUSTRY,,0,PHASE4,INTERVENTIONAL,145.0,2011-01,COMPLETED,Knee Chondral Lesion; Knee Osteochondral Lesion,10,fin ceramica faenza,fin ceramica faenza
NCT02502734,Effect of Inhaled Fluticasone Furoate on Short-term Growth in Paediatric Subjects With Asthma,GlaxoSmithKline,INDUSTRY,,0,PHASE3,INTERVENTIONAL,60.0,2015-09-07,COMPLETED,Asthma,1,gsk,gsk
NCT06346834,"Sequential Vaccination of Poliomyelitis Vaccine (Vero Cells), Inactivated, Sabin Strains From Different Manufacturers","Sinovac Biotech Co., Ltd",INDUSTRY,,0,PHASE4,INTERVENTIONAL,200.0,2024-05-20,COMPLETED,Poliomyelitis,1,sinovac biotech,sinovac biotech
NCT05993234,A Study of Trastuzumab DeRuxtecan for Patients With Advanced HER2-pOsitive GaStric or GastroesoPhageal Junction AdEnocarcinoma Who Have Received a PrIor Trastuzumab-based Regimen Accompanied by a Disease RegistrY of Patients Treated With Conventional Therapies (PROSPERITY),"Daiichi Sankyo Europe, GmbH, a Daiichi Sankyo Company",INDUSTRY,,0,,OBSERVATIONAL,257.0,2023-12-05,RECRUITING,HER2-positive Advanced Gastric Cancer; HER2-positive Gastroesophageal Junction Adenocarcinoma,76,daiichi sankyo europe gmbh a daiichi sankyo,daiichi sankyo europe gmbh a daiichi sankyo
NCT07073534,Phase I/II Clinical Study of SHR-1501 Combined With Adbelizumab in Patients With Malignant Tumors,"Shanghai Hengrui Pharmaceutical Co., Ltd.",INDUSTRY,,0,PHASE1; PHASE2,INTERVENTIONAL,203.0,2025-07-24,RECRUITING,Patients With Advanced or Metastatic Malignant Tumors,1,shanghai hengrui,shanghai hengrui
NCT00413764,Efficacy of Tibolone Versus Transdermal E2/NETA on Sexual Function in Naturally Postmenopausal Women (P06089),Organon and Co,INDUSTRY,,0,PHASE3,INTERVENTIONAL,358.0,2004-03-23,COMPLETED,Sexual Dysfunction,0,organon and,organon and
NCT06675864,"Open-label, Multi-center, Phase I/II Study to Assess Safety, Disease Progression and Cellular Kinetics Following YTB323 Administration in Participants With Non-active Progressive Multiple Sclerosis (PMS)",Novartis Pharmaceuticals,INDUSTRY,,0,PHASE1; PHASE2,INTERVENTIONAL,28.0,2024-12-12,RECRUITING,Progressive Multiple Sclerosis,18,novartis,novartis
NCT01772264,Safety And Tolerability Study Of BID Titration Scheme With PF-05089771,Pfizer,INDUSTRY,,0,PHASE1,INTERVENTIONAL,40.0,2013-01,COMPLETED,Healthy,1,pfizer,pfizer
NCT05631964,Phase I Clinical Study of BL-M07D1 in Locally Advanced or Metastatic Digestive Tract Tumors and Other Solid Tumors,"Sichuan Baili Pharmaceutical Co., Ltd.",INDUSTRY,"SystImmune Inc.; Baili-Bio (Chengdu) Pharmaceutical Co., Ltd.",2,PHASE1,INTERVENTIONAL,26.0,2023-01-05,RECRUITING,Locally Advanced or Metastatic Digestive Tract Tumors; Other Solid Tumors,1,sichuan baili,sichuan baili
NCT06017609,"Evaluate Efficacy, Safety and Tolerability of JTT-861 in Subjects With Heart Failure With Reduced Ejection Fraction",Akros Pharma Inc.,INDUSTRY,ICON Clinical Research,1,PHASE2,INTERVENTIONAL,314.0,2023-12-20,COMPLETED,Chronic Heart Failure,75,akros,akros
NCT02965664,"Safety, Tolerability and Efficacy of PresbiDrops (CSF-1) in Presbyopic Subjects",Orasis Pharmaceuticals Ltd.,INDUSTRY,,0,PHASE2,INTERVENTIONAL,36.0,2016-12,COMPLETED,Presbyopia,2,orasis,orasis
NCT01495364,NBS10 (Also Known as AMR-001) Versus Placebo Post ST Segment Elevation Myocardial Infarction,"Lisata Therapeutics, Inc.",INDUSTRY,,0,PHASE2,INTERVENTIONAL,195.0,2011-12,COMPLETED,ST Segment Elevation Myocardial Infarction,58,lisata,lisata
NCT07199309,A Mechanistic Study of MAR001 in Adults With Elevated Triglycerides and Remnant Cholesterol,Marea Therapeutics,INDUSTRY,,0,PHASE2,INTERVENTIONAL,30.0,2025-09-26,RECRUITING,Hypertriglyceridemia,1,marea,marea
NCT05482009,Treatment of Angina Pectoris After Coronary Revascularization With Integrated Traditional Chinese and Western Medicine,"Jiangsu Famous Medical Technology Co., Ltd.",INDUSTRY,,0,,OBSERVATIONAL,2000.0,2019-06-01,COMPLETED,Angina Pectoris,1,jiangsu famous medical technology,jiangsu famous medical technology
NCT04053699,Bleeding Incidence in VWD Patients Undergoing On-Demand Treatment,Octapharma,INDUSTRY,,0,,OBSERVATIONAL,56.0,2019-06-25,COMPLETED,Von Willebrand Diseases,15,octapharma,octapharma
NCT05829499,"PMCF Study to Evaluate Performance and Safety of ""Xanoftal Next""",C.O.C. Farmaceutici S.r.l.,INDUSTRY,,0,,INTERVENTIONAL,20.0,2022-12-02,COMPLETED,Allergic Conjunctivitis; Dry Eye; Dry Eye Disease,1,c o c farmaceutici s r l,c o c farmaceutici s r l
NCT03399799,Dose Escalation Study of Talquetamab in Participants With Relapsed or Refractory Multiple Myeloma,"Janssen Research & Development, LLC",INDUSTRY,,0,PHASE1,INTERVENTIONAL,279.0,2017-12-16,ACTIVE_NOT_RECRUITING,Hematological Malignancies,13,janssen research and,janssen research and
NCT03866499,A Study of BPI-7711 Capsule in Non-small Cell Lung Cancer Patients,Beta Pharma Shanghai,INDUSTRY,,0,PHASE3,INTERVENTIONAL,369.0,2021-04-30,ACTIVE_NOT_RECRUITING,NSCLC,3,beta pharma shanghai,beta pharma shanghai
NCT05305599,Different Doses of ZED1227 vs. Placebo in NAFLD,Dr. Falk Pharma GmbH,INDUSTRY,,0,PHASE2,INTERVENTIONAL,186.0,2022-04-19,COMPLETED,NAFLD; Liver Fibrosis,1,dr falk,dr falk
NCT01303432,Effect of Yogurts Supplemented With Mobilee on Joint Function in Healthy Individuals With Joint Discomfort,Bioiberica,INDUSTRY,Technological Centre of Nutrition and Health,1,,INTERVENTIONAL,80.0,2010-09,COMPLETED,Low Intensity Knee Gonalgia,1,bioiberica,bioiberica
NCT02344199,Eplerenone in Heart Failure Treatment,Elpen Pharmaceutical Co. Inc.,INDUSTRY,,0,,OBSERVATIONAL,450.0,2015-03,COMPLETED,Heart Failure; Acute Myocardial Infarction; Hypertension,3,elpen,elpen
NCT05625399,A Study of Subcutaneous Nivolumab + Relatlimab Fixed-dose Combination (FDC) in Previously Untreated Metastatic or Unresectable Melanoma,Bristol-Myers Squibb,INDUSTRY,Halozyme Therapeutics,1,PHASE3,INTERVENTIONAL,579.0,2023-03-06,ACTIVE_NOT_RECRUITING,Melanoma,149,bms,bms
NCT04569032,A Study of Brentuximab Vedotin and CHP in Frontline Treatment of PTCL With Less Than 10% CD30 Expression,"Seagen, a wholly owned subsidiary of Pfizer",INDUSTRY,,0,PHASE2,INTERVENTIONAL,82.0,2020-11-12,COMPLETED,Peripheral T-cell Lymphoma,63,seagen a wholly owned subsidiary of pfizer,seagen a wholly owned subsidiary of pfizer
NCT07001332,ELEVATE High-Risk PCI Pivotal Study,Magenta Medical Ltd.,INDUSTRY,,0,,INTERVENTIONAL,290.0,2025-07-25,RECRUITING,High-Risk Percutaneous Coronary Intervention (High-risk PCI),33,magenta,magenta
NCT00237198,Study of Safety and Efficacy of Letrozole Monotherapy as Second-line Endocrine Therapy in Postmenopausal Patients With Advanced Breast Cancer Who Received Previous Anti-estrogen Treatment,Novartis Pharmaceuticals,INDUSTRY,Chugai Pharmaceutical,1,PHASE2,INTERVENTIONAL,47.0,2004-03,COMPLETED,Postmenopausal Women With Advanced Breast Cancer,24,novartis,novartis
NCT01326598,Effectiveness of V-Go™ for Patients With Diabetes in a Real-world Setting,"Valeritas, Inc.",INDUSTRY,Integrated Medical Development,1,,OBSERVATIONAL,270.0,2012-01,COMPLETED,Type 2 Diabetes Mellitus,25,valeritas,valeritas
NCT02141698,"Safety, Tolerability, and Pharmacokinetics of TAK-438 in Healthy Western Male Subjects, Preliminary Food Effect Analysis, and an Ethnic Comparison With Japanese Subjects",Takeda,INDUSTRY,Richmond Pharmacology Limited,1,PHASE1,INTERVENTIONAL,73.0,2007-10,COMPLETED,Dose Finding Study,0,takeda,takeda
NCT00445198,A Phase 1/2a Study of ABT-263 in Subjects With Small Cell Lung Cancer (SCLC) or Other Non-Hematological Malignancies,"AbbVie (prior sponsor, Abbott)",INDUSTRY,"Genentech, Inc.",1,PHASE1; PHASE2,INTERVENTIONAL,86.0,2007-04,COMPLETED,Small Cell Lung Cancer; Small Cell Lung Carcinoma,18,abbvie prior sponsor abbott,abbvie prior sponsor abbott
NCT00889798,Tumor Registry of Lymphatic Neoplasia,iOMEDICO AG,INDUSTRY,,0,,OBSERVATIONAL,3795.0,2009-04,COMPLETED,Non-Hodgkin's Lymphoma (NHL); Chronic Lymphocytic Leukemia (CLL); Multiple Myeloma (MM),0,iomedico,iomedico
NCT03536598,Study to Evaluate the Safety and Efficacy of CJ-30060 in Hypertensive Patients With Hyperlipidemia,HK inno.N Corporation,INDUSTRY,,0,PHASE3,INTERVENTIONAL,203.0,2016-10-14,COMPLETED,Hypertension With Hyperlipidemia,0,hk inno n,hk inno n
NCT02646163,Therapeutic Safety and Efficacy of REP 9AC (REP 2055) in HBV or HCV Infected Patients,Replicor Inc.,INDUSTRY,,0,PHASE1; PHASE2,INTERVENTIONAL,8.0,2009-01,COMPLETED,"Hepatitis B, Chronic",1,replicor,replicor
NCT03990363,A Study of Verinurad and Allopurinol in Patients With Chronic Kidney Disease and Hyperuricaemia,AstraZeneca,INDUSTRY,,0,PHASE2,INTERVENTIONAL,861.0,2019-07-23,COMPLETED,Chronic Kidney Disease,165,astrazeneca,astrazeneca
NCT01862887,A Study to Investigate the Effect of PH-797804 on QTc Interval,Pfizer,INDUSTRY,,0,PHASE1,INTERVENTIONAL,48.0,2013-04,COMPLETED,Healthy,1,pfizer,pfizer
NCT01332487,Evaluating the Impact of Early Versus Delayed 5 Alpha Reductase Inhibitor Treatment on the Risk of Emergent Surgery in Men With Benign Prostatic Hyperplasia,GlaxoSmithKline,INDUSTRY,,0,,OBSERVATIONAL,4068.0,2010-08,COMPLETED,Prostatic Hyperplasia,0,gsk,gsk
NCT06875193,DM Treatment to Evaluate the Efficacy and Safety of Dapagliflozin or Pioglitazone in Patients with Type 2 Diabetes,Dong Wha Pharmaceutical Co. Ltd.,INDUSTRY,,0,PHASE4,INTERVENTIONAL,196.0,2024-05-28,RECRUITING,Type2diabetes,1,dong wha,dong wha
NCT00115193,Pegfilgrastim Administered on the Same Day as Chemotherapy in Non-Hodgkin's Lymphoma,Amgen,INDUSTRY,,0,PHASE2,INTERVENTIONAL,77.0,2003-02,COMPLETED,Non-Hodgkin's Lymphoma,0,amgen,amgen
NCT05919693,"A 2-part Study Consisting of Multiple Ascending Dose (MAD) Safety Study, and a Dose-finding Masked Study to Assess the Safety and Efficacy of Intravitreal (IVT) EYE103 in Patients With Diabetic Macular Edema (DME) or Neovascular Age-related Macular Degeneration (NVAMD)",EyeBiotech Ltd.,INDUSTRY,,0,PHASE1; PHASE2,INTERVENTIONAL,33.0,2023-06-12,COMPLETED,Neovascular Age-related Macular Degeneration (NVAMD); Diabetic Macular Edema (DME),32,eyebiotech,eyebiotech
NCT04217993,Jaktinib for the Treatment of Ruxolitinib Intolerance of Myelofibrosis,"Suzhou Zelgen Biopharmaceuticals Co.,Ltd",INDUSTRY,,0,PHASE2,INTERVENTIONAL,51.0,2020-01-07,COMPLETED,Primary Myelofibrosis (PMF); Post-polycythemia Vera Myelofibrosis(Post-PV MF); Post-essential Thrombocythemia Myelofibrosis(Post-ET MF),1,suzhou zelgen,suzhou zelgen
NCT06391593,"PD, PK, and Safety of ALTO-203 in Patients With MDD",Alto Neuroscience,INDUSTRY,,0,PHASE2,INTERVENTIONAL,69.0,2024-03-25,COMPLETED,Major Depressive Disorder; Anhedonia,15,alto neuroscience,alto neuroscience
NCT00945893,A Study to Evaluate the Safety of H1N1 Monovalent Vaccine (MEDI3414) in Healthy Adults,MedImmune LLC,INDUSTRY,Department of Health and Human Services,1,PHASE4,INTERVENTIONAL,300.0,2009-08,COMPLETED,Healthy,5,astrazeneca,astrazeneca
NCT03232593,A Study of Atezolizumab (Tecentriq®) in Ministry of Food and Drug Safety (MFDS)-Approved Indication(s),Hoffmann-La Roche,INDUSTRY,,0,,OBSERVATIONAL,1758.0,2017-11-29,COMPLETED,"Urothelial Carcinoma; Carcinoma, Non-Small Cell Lung; Small Cell Lung Carcinoma; Triple Negative Breast Carcinoma; Hepatocellular Carcinoma",56,roche,roche
NCT04047121,A Study to Evaluate Patient Characteristics and Treatment Patterns Among Rheumatoid Arthritis Patients,Pfizer,INDUSTRY,,0,,OBSERVATIONAL,1349.0,2019-05-20,COMPLETED,Rheumatoid Arthritis,1,pfizer,pfizer
NCT03642821,Intracranial Aneurysms Treatment With the OPTIMA Coil System,Balt Extrusion,INDUSTRY,,0,,OBSERVATIONAL,300.0,2019-03-01,COMPLETED,Intracranial Aneurysm; Coiling Therapy,20,balt extrusion,balt extrusion
NCT00778414,Bioequivalence Study of Amoxicillin-Clavulanic Acid 600 mg - 42.9 mg/ 5 mL Oral Suspension Under Fasting Conditions,Ranbaxy Laboratories Limited,INDUSTRY,,0,,INTERVENTIONAL,48.0,2006-06,COMPLETED,Healthy,1,ranbaxy,ranbaxy
NCT04848714,Pharmacokinetic Study Protocol of ANAWIDOW Lyophilized Powder for Solution for Intravenous Use in Fasting Conditions,Laboratorios Silanes S.A. de C.V.,INDUSTRY,Rare Disease Therapeutics Inc.,1,PHASE1,INTERVENTIONAL,16.0,2021-07-01,COMPLETED,Latrodectism,1,laboratorios silanes s a de c v,laboratorios silanes s a de c v
NCT04519814,Safety and Effectiveness of VISULAS Green Selective Laser Trabeculoplasty (SLT),Carl Zeiss Meditec AG,INDUSTRY,,0,,INTERVENTIONAL,37.0,2020-06-30,COMPLETED,Primary Open-angle Glaucoma,5,carl zeiss meditec,carl zeiss meditec
NCT05866614,"A Study to Evaluate the Safety of Remsima® SC in the Treatment of RA, AS, PsA and Ps",Celltrion,INDUSTRY,,0,,OBSERVATIONAL,881.0,2023-01-13,ACTIVE_NOT_RECRUITING,Rheumatoid Arthritis; Ankylosing Spondylitis; Psoriatic Arthritis; Psoriasis,1,celltrion,celltrion
NCT05918614,A Study to Determine the Effect of 500 mg Oral Dose of KD025 in Healthy Male and Post-menopausal Female Subjects,"Kadmon, a Sanofi Company",INDUSTRY,,0,PHASE1,INTERVENTIONAL,8.0,2014-03-28,COMPLETED,Immune System Disorder (Healthy Volunteer),1,kadmon a sanofi,kadmon a sanofi
NCT02582814,The Safety and Efficacy of Dapagliflozin Therapy in Combination With Insulin in Japanese Subjects With T1DM,AstraZeneca,INDUSTRY,,0,PHASE3,INTERVENTIONAL,151.0,2015-10-26,COMPLETED,Type 1 Diabetes Mellitus,24,astrazeneca,astrazeneca
NCT00982501,WS®1442 in Slightly Overweight Subjects,Dr. Willmar Schwabe GmbH & Co. KG,INDUSTRY,,0,PHASE1,INTERVENTIONAL,60.0,2008-06,COMPLETED,Overweight,1,dr willmar schwabe gmbh and co kg,dr willmar schwabe gmbh and co kg
NCT01296412,Comparison of Two Treatment Regimens (Sitagliptin Versus Liraglutide) on Participants Who Failed to Achieve Good Glucose Control on Metformin Alone (MK-0431-403),Merck Sharp & Dohme LLC,INDUSTRY,,0,PHASE3,INTERVENTIONAL,653.0,2011-03-11,COMPLETED,"Diabetes Mellitus, Type 2",0,merck,merck
NCT00143312,Voriconazole for Secondary Prophylaxis of Invasive Fungal Infections in Patients With Allogeneic Stem Cell Transplants,Pfizer,INDUSTRY,European Society for Blood and Marrow Transplantation,1,PHASE4,INTERVENTIONAL,45.0,2005-02,COMPLETED,Prophylaxis Of Invasive Fungal Infections,17,pfizer,pfizer
NCT00838812,Safety and Efficacy Study of Association Between Tretinoin and Clindamycin on the Treatment of Acne Mild and Moderate,Igefarma Laboratorios S.A.,INDUSTRY,,0,PHASE3,INTERVENTIONAL,154.0,2009-03,COMPLETED,Acne Vulgaris,1,igefarma laboratorios s a,igefarma laboratorios s a
NCT04092712,Study Evaluating Pharmacokinetics and Mass Balance of [14C]-CTP-543 in Healthy Adult Male Volunteers,Concert Pharmaceuticals,INDUSTRY,Celerion,1,PHASE1,INTERVENTIONAL,6.0,2019-09-05,COMPLETED,Healthy Volunteers,1,concert,concert
NCT03882281,Pharmacokinetics Profiles of HQP1351 Under Fasting and High-fat Meals in Patients With Chronic Myeloid Leukemia,Ascentage Pharma Group Inc.,INDUSTRY,HealthQuest Pharma Inc.,1,PHASE1,INTERVENTIONAL,12.0,2019-03-25,COMPLETED,"Chronic Myeloid Leukemia, Chronic Phase",1,ascentage,ascentage
NCT01574781,Non-invasive Prenatal Diagnostic Validation Study,"Natera, Inc.",INDUSTRY,,0,,OBSERVATIONAL,1781.0,2011-09,COMPLETED,Chromosome 13 Aneuploidy; Chromosome 18 Aneuploidy; Chromosome 21 Aneuploidy; Sex Chromosome Aberrations; Other Microdeletions,1,natera,natera
NCT07211919,Accelerated Transcranial Magnetic Stimulation Intervention for Post-Concussion Syndrome,Cognitive FX,INDUSTRY,,0,,OBSERVATIONAL,11.0,2025-05-01,COMPLETED,"Post Concussive Syndrome, Chronic; Post Concussion Symptoms; Post Concussive Syndrome; Post Concussion Syndrome; Anxiety Disorder Not Otherwise Specified",1,cognitive fx,cognitive fx
NCT05735119,Embody Post-Market Clinical Follow-Up Study,Zimmer Biomet,INDUSTRY,,0,,OBSERVATIONAL,100.0,2022-11-09,ACTIVE_NOT_RECRUITING,Tendon Injuries- Subscapularis,5,zimmer biomet,zimmer biomet
NCT00307619,An Efficacy and Tolerability Study for Topiramate in Obese Patients With Binge Eating Disorder.,Janssen-Cilag Farmaceutica Ltda.,INDUSTRY,,0,PHASE3,INTERVENTIONAL,73.0,2003-11,COMPLETED,Binge Eating,0,janssen cilag farmaceutica ltda,janssen cilag farmaceutica ltda
NCT05709119,Feasibility of the Oricol™ Sampling Device to Retrieve Vagina Mucus (Wall) Samples for Genomic & Epigenetic Analysis.,Origin Sciences,INDUSTRY,Royal Infirmary of Edinburgh,1,,OBSERVATIONAL,45.0,2024-01-11,COMPLETED,Vagina Disease; Diagnosis,1,origin,origin
NCT07179419,Evaluation of the Long-term Therapeutic Effect of High-Intensity Focused Ultrasound (HIFU) Treatment in Patients With Rectal Endometriosis,EDAP TMS S.A.,INDUSTRY,,0,,OBSERVATIONAL,140.0,2021-10-10,RECRUITING,Endometriosis,1,edap tms s a,edap tms s a
NCT04552119,Safety of Treatment of Shoulder Repair,"Smith & Nephew, Inc.",INDUSTRY,,0,,OBSERVATIONAL,138.0,2021-01-26,COMPLETED,Rotator Cuff,5,smith and nephew,smith and nephew
NCT00360230,Partially-blind (Observer-blind) Study of Safety and Immunogenicity of Two Malaria Vaccines in Ghanaian Children,GlaxoSmithKline,INDUSTRY,,0,PHASE2,INTERVENTIONAL,540.0,2006-08-30,COMPLETED,Malaria,2,gsk,gsk
NCT06313528,A Study to Measure Calorie Consumption and Usage in Participants With Obesity Using LY3437943,Eli Lilly and Company,INDUSTRY,,0,PHASE1,INTERVENTIONAL,85.0,2024-03-20,COMPLETED,Obesity,3,eli lilly,eli lilly
NCT00481728,Evaluation of the Link Between Bladder Sensation and Changes in Skin Electrical Conductance and Heart Rate.,Pfizer's Upjohn has merged with Mylan to form Viatris Inc.,INDUSTRY,,0,PHASE1,INTERVENTIONAL,28.0,2007-06,COMPLETED,Overactive Bladder,1,pfizer s upjohn has merged with mylan to form viatris,pfizer s upjohn has merged with mylan to form viatris
NCT07079228,A Study to Compare QLS31905 and Chemotherapy With Placebo and Chemotherapy in Participants With Pancreatic Cancer,"Qilu Pharmaceutical Co., Ltd.",INDUSTRY,,0,PHASE3,INTERVENTIONAL,602.0,2025-09-08,RECRUITING,Pancreatic Cancer,1,qilu,qilu
NCT03712228,A Study to Investigate CSL312 in Subjects With Hereditary Angioedema (HAE),CSL Behring,INDUSTRY,,0,PHASE2,INTERVENTIONAL,44.0,2018-10-29,COMPLETED,Hereditary Angioedema,16,csl behring,csl behring
NCT02236728,Observational Study in Parkinson's Disease of the Primary Care Population of Patients Treated With Pramipexole,Boehringer Ingelheim,INDUSTRY,,0,,OBSERVATIONAL,497.0,2008-02,COMPLETED,Parkinson Disease,0,boehringer,boehringer
NCT01313065,"Evaluation of Safety, Tolerability, PK & PD of Intravenous VX15/2503 in Patients With Advanced Solid Tumors",Vaccinex Inc.,INDUSTRY,"PPD Development, LP",1,PHASE1,INTERVENTIONAL,42.0,2011-01,COMPLETED,Solid Tumors,2,vaccinex,vaccinex
NCT03257267,Study of Cemiplimab in Adults With Cervical Cancer,Regeneron Pharmaceuticals,INDUSTRY,Sanofi,1,PHASE3,INTERVENTIONAL,608.0,2017-09-05,COMPLETED,"Squamous Cell Carcinoma (SCC); Recurrent or Metastatic, Platinum-refractory Cervical Cancer",105,regeneron,regeneron
NCT07265167,Bioequivalence Study Between YHP2406 and YHR2501 in Healthy Subjects,Yuhan Corporation,INDUSTRY,,0,PHASE1,INTERVENTIONAL,63.0,2025-10-18,COMPLETED,Healthy Subjects,1,yuhan,yuhan
NCT01251367,Dysport® Adult Lower Limb Spasticity Follow-on Study,Ipsen,INDUSTRY,,0,PHASE3,INTERVENTIONAL,352.0,2011-06,COMPLETED,Post-stroke Spasticity; Spasticity Post-Traumatic Brain Injury,50,ipsen,ipsen
NCT02072200,Efficacy of Lodotra®(Prednisone) in Reduction of Morning Stiffness Duration(K-IMPROvE),Mundipharma Korea Ltd,INDUSTRY,,0,PHASE4,INTERVENTIONAL,147.0,2013-09,COMPLETED,Rheumatoid Arthritis,1,mundipharma korea,mundipharma korea
NCT01427907,Equivalence of Calcium Acetate Oral Solution and Sevelamer Carbonate Tablets in Hemodialysis Patients,Fresenius Medical Care North America,INDUSTRY,,0,PHASE4,INTERVENTIONAL,38.0,2011-09,COMPLETED,Chronic Kidney Disease,4,fresenius medical care north america,fresenius medical care north america
NCT00785707,Littlears Auditory Questionnaire: Validation Study in CI Children,Med-El Corporation,INDUSTRY,,0,,OBSERVATIONAL,31.0,2008-05,COMPLETED,Hearing Loss,5,med el,med el
NCT04271007,Comparative Study:Topison (Mometasone Furoate) Versus Two Others Mometasone Furoates,Libbs Farmacêutica LTDA,INDUSTRY,,0,PHASE4,INTERVENTIONAL,32.0,2020-11-23,COMPLETED,Atopic Dermatitis,1,libbs farmacêutica ltda,libbs farmacêutica ltda
NCT06688292,The Safety and Effectiveness of Taneasy and Actein in COPD Patients,"Bun Yao Biotechnology Co., Ltd",INDUSTRY,"KGS Pharmamate Co., Ltd; Taichung Veterans General Hospital",2,PHASE4,INTERVENTIONAL,42.0,2024-09-20,COMPLETED,COPD (Chronic Obstructive Pulmonary Disease),1,bun yao biotechnology,bun yao biotechnology
NCT06433492,Safety and Efficacy of Viscosupplementation of Hyaluronic Acid With Addition of Lecithin in Patients With Mild or Moderate Osteoarthrosis of the Knee Joint.,Biovico Sp. z o.o.,INDUSTRY,,0,,INTERVENTIONAL,50.0,2020-12-30,COMPLETED,"Osteoarthritis, Knee",1,biovico sp z o o,biovico sp z o o
NCT00621192,Pharmacokinetic (PK) and Safety Study of Meropenem in Young Infants With Intra-abdominal Infections,"The Emmes Company, LLC",INDUSTRY,,0,PHASE1; PHASE2,INTERVENTIONAL,200.0,2008-06,COMPLETED,Necrotizing Enterocolitis; Intra-abdominal Infection,26,the emmes,the emmes
NCT05351892,"A Study to Learn More About How Much of the Study Treatment Elinzanetant (or BAY3427080) Gets Absorbed, How Safe it is and How it Affects the Body in Healthy Female and Male Participants",Bayer,INDUSTRY,,0,PHASE1,INTERVENTIONAL,18.0,2022-05-04,COMPLETED,Vasomotor Symptoms as a Sex Hormone-dependent Disorder in Women and Men; Hot Flashes; Healthy Volunteers,1,bayer,bayer
NCT05659836,Spinal Cord Stimulation Trial to Permanent Prediction,Abbott Medical Devices,INDUSTRY,,0,,OBSERVATIONAL,28.0,2021-05-27,COMPLETED,Chronic Pain,7,abbott medical devices,abbott medical devices
NCT01256736,To Evaluate 1 Year Extension Study of the Efficacy and Safety of Tocilizumab in Patients With Moderate to Severe Rheumatoid Arthritis,JW Pharmaceutical,INDUSTRY,,0,PHASE3,INTERVENTIONAL,89.0,2010-03,COMPLETED,Rheumatoid Arthritis,1,jw pharmaceutical,jw pharmaceutical
NCT00241436,Open Label Arimidex in Gynecomastia,AstraZeneca,INDUSTRY,,0,PHASE2,INTERVENTIONAL,35.0,2005-06,COMPLETED,Gynecomastia,1,astrazeneca,astrazeneca
NCT07278336,"A Study to Assess Adverse Events, Change in Disease Activity and How Intravenous (IV) ABBV901 Moves Through the Body Alone or in Combination With Bevacizumab in Adult Participants With Ovarian Cancer",AbbVie,INDUSTRY,,0,PHASE1,INTERVENTIONAL,219.0,2025-11-27,RECRUITING,Ovarian Cancer,17,abbvie,abbvie
NCT06976736,A Long Term Follow-up Study of TScan TCR-T Products,"TScan Therapeutics, Inc.",INDUSTRY,,0,,OBSERVATIONAL,1000.0,2025-09-09,RECRUITING,AML; ALL; MDS,2,tscan,tscan
NCT04746911,Maximal Usage Pharmacokinetics and Safety of ARQ-151 in Children With Plaque Psoriasis (ARQ-151-216),"Arcutis Biotherapeutics, Inc.",INDUSTRY,,0,PHASE2,INTERVENTIONAL,10.0,2021-03-01,COMPLETED,Psoriasis; Plaque Psoriasis,18,arcutis biotherapeutics,arcutis biotherapeutics
NCT04700111,Lag of Accommodation With DOT Spectacle Lenses,"SightGlass Vision, Inc.",INDUSTRY,University of Waterloo,1,,INTERVENTIONAL,30.0,2022-02-01,ACTIVE_NOT_RECRUITING,"Myopia, Myopia Progression, Lag of Accommodation, Hyperopic Retinal Blur, Reduction in Contrast",1,sightglass vision,sightglass vision
NCT02211911,Pharmacokinetics of Bisacodyl or Sodium Picosulfate Administered Orally in Healthy Lactating Females,Boehringer Ingelheim,INDUSTRY,,0,PHASE1,INTERVENTIONAL,16.0,2008-02,COMPLETED,Healthy,0,boehringer,boehringer
NCT04975711,"Study to Compare the Safety, Pharmacokinetics and Pharmacodynamics of HIP2105 to RLD2104 in Healthy Volunteers",Hanmi Pharmaceutical Company Limited,INDUSTRY,,0,PHASE1,INTERVENTIONAL,48.0,2021-07-12,COMPLETED,Healthy Volunteer,1,hanmi,hanmi
NCT01358071,Phase II Study of NGR-hTNF in Combination With Doxorubicin in Platinum-resistant Ovarian Cancer,AGC Biologics S.p.A.,INDUSTRY,,0,PHASE2,INTERVENTIONAL,119.0,2011-06,COMPLETED,Ovarian Cancer,8,agc biologics s p a,agc biologics s p a
NCT00212771,Efficacy and Safety of Asenapine Using an Active Control in Subjects With Schizophrenia or Schizoaffective Disorder (25520)(P05846),Organon and Co,INDUSTRY,,0,PHASE3,INTERVENTIONAL,440.0,2004-09,COMPLETED,Schizophrenia; Schizoaffective Disorder,0,organon and,organon and
NCT00561171,Phase IIa Study to Investigate the Efficacy and Safety of SPP635 in Diabetic and Hypertensive Patients With Albuminuria,Speedel Pharma Ltd.,INDUSTRY,,0,PHASE2,INTERVENTIONAL,50.0,2007-11,COMPLETED,Hypertension; Type II Diabetes Mellitus,1,speedel,speedel
NCT05915871,"Drug Interaction Study Between Tegoprazan, Bismuth, Amoxicillin and Clarithromycin","Shandong Luoxin Pharmaceutical Group Stock Co., Ltd.",INDUSTRY,,0,PHASE1,INTERVENTIONAL,22.0,2023-03-23,COMPLETED,Healthy,1,shandong luoxin pharmaceutical group stock,shandong luoxin pharmaceutical group stock
NCT07254871,Study of DM-101PX in Adults With Birch Pollen Allergy,Desentum Oy,INDUSTRY,,0,PHASE2,INTERVENTIONAL,100.0,2025-09-26,ACTIVE_NOT_RECRUITING,Birch Pollen Allergy,1,desentum oy,desentum oy
NCT02156544,Study to Investigate the Safety/Tolerability and Pharmacokinetics/Pharmacodynamics of CKD-519,Chong Kun Dang Pharmaceutical,INDUSTRY,,0,PHASE1,INTERVENTIONAL,41.0,2014-06,COMPLETED,Dyslipidemia,1,chong kun dang,chong kun dang
NCT04850144,Pharmacokinetic Study Comparing Tiotropium Easyhaler® and Spiriva® HandiHaler®,"Orion Corporation, Orion Pharma",INDUSTRY,,0,PHASE1,INTERVENTIONAL,43.0,2021-04-26,COMPLETED,Healthy Volunteers,1,orion corporation orion,orion corporation orion
NCT06336044,Pre-marketing Trial to Assess Safety and Efficacy of 'Volumizing Filler Based on Hyaluronic Acid and Recombinant Collagen',Taumedika s.r.l.,INDUSTRY,Nextrasearch S.r.l.s.,1,,INTERVENTIONAL,40.0,2026-02,RECRUITING,Wrinkle; Scar; Laxity; Skin,1,taumedika s r l,taumedika s r l
NCT06167434,Future Cardia™ Insertable Cardiac Monitor in Subjects With Paroxysmal Atrial Fibrillation (First-in-Human Study),"Future Cardia, Inc",INDUSTRY,Meditrial Europe Ltd.,1,,INTERVENTIONAL,30.0,2023-12-01,ACTIVE_NOT_RECRUITING,"Arrhythmias, Cardiac; Atrial Fibrillation; Bradycardia; Ventricular Tachycardia; Asystole",1,future cardia,future cardia
NCT02870634,Phase 1 Dose Escalation and PK Study of Cu(II)ATSM in ALS/MND,Collaborative Medicinal Development Pty Limited,INDUSTRY,,0,PHASE1,INTERVENTIONAL,50.0,2016-11-16,COMPLETED,Amyotrophic Lateral Sclerosis; Motor Neuron Disease,2,collaborative medicinal development pty,collaborative medicinal development pty
NCT03748134,Sintilimab or Placebo With Chemotherapy in Esophageal Squamous Cell Carcinoma ( ORIENT-15 ),Innovent Biologics (Suzhou) Co. Ltd.,INDUSTRY,Fortrea,1,PHASE3,INTERVENTIONAL,746.0,2018-12-24,COMPLETED,Esophageal Squamous Cell Carcinoma,48,innovent biologics suzhou,innovent biologics suzhou
NCT04302064,"A Study to Assess the Safety, Tolerability, Pharmacokinetics, and Pharmacodynamics of Single-Ascending and Multiple Doses of Eplontersen (Formerly Known as ION-682884, IONIS-TTR-LRx and AKCEA-TTR-LRx) in Healthy Japanese Participants","Ionis Pharmaceuticals, Inc.",INDUSTRY,,0,PHASE1,INTERVENTIONAL,24.0,2020-04-23,COMPLETED,Healthy Participants,1,ionis,ionis
NCT05587309,A Study to Evaluate the Efficacy and Safety of BLI5100 in Patients With Erosive Esophagitis,Braintree Laboratories,INDUSTRY,,0,PHASE3,INTERVENTIONAL,1250.0,2022-10-30,COMPLETED,Erosive Esophagitis,122,braintree,braintree
NCT00903409,"Open-Label Extension of a Randomized, Double-Blind, Placebo-Controlled Study to Assess the Efficacy and Safety of Lovaza® and Simvastatin Therapy in Hypertriglyceridemic Subjects",GlaxoSmithKline,INDUSTRY,,0,PHASE3,INTERVENTIONAL,188.0,2005-11-15,COMPLETED,Hypertriglyceridemia,40,gsk,gsk
NCT02391909,Phase 4 Study To Assess The Safety Of Vivotif At Different Release Titers Among Travelers,Bavarian Nordic,INDUSTRY,Emergent BioSolutions,1,,OBSERVATIONAL,855.0,2015-08-26,COMPLETED,Typhoid Fever,1,bavarian nordic,bavarian nordic
NCT03022409,A Study to Investigate Biomarker Effects of Pre-Surgical Treatment With DNA Damage Repair (DDR) Agents in Patients With Head and Neck Squamous Cell Carcinoma (HNSCC).,AstraZeneca,INDUSTRY,,0,PHASE1,INTERVENTIONAL,21.0,2017-09-18,COMPLETED,Head and Neck Squamous Cell Carcinoma,4,astrazeneca,astrazeneca
NCT06380699,"Study to Assess PK, Safety and Tolerability in Healthy Subjects","Changzhou Qianhong Bio-pharma Co., Ltd.",INDUSTRY,,0,PHASE1,INTERVENTIONAL,56.0,2023-03-16,COMPLETED,Acute Ischemic Stroke,1,changzhou qianhong bio,changzhou qianhong bio
NCT04346199,Acalabrutinib Study With Best Supportive Care Versus Best Supportive Care in Subjects Hospitalized With COVID-19.,AstraZeneca,INDUSTRY,Acerta Pharma BV,1,PHASE2,INTERVENTIONAL,177.0,2020-06-12,COMPLETED,COVID-19,50,astrazeneca,astrazeneca
NCT00307632,An Open-label Study to Evaluate Contraceptive Efficacy and Safety of the Transdermal Contraceptive System of Norelgestromine and Ethinyl Estradiol,Janssen-Cilag Farmaceutica Ltda.,INDUSTRY,,0,PHASE4,INTERVENTIONAL,580.0,2003-02,COMPLETED,Contraception,12,janssen cilag farmaceutica ltda,janssen cilag farmaceutica ltda
NCT00931632,Inhaled Nitric Oxide (INO) for the Prevention of Bronchopulmonary Dysplasia (BPD) in Preterm Infants,Mallinckrodt,INDUSTRY,,0,PHASE3,INTERVENTIONAL,451.0,2009-11,COMPLETED,Bronchopulmonary Dysplasia,33,mallinckrodt,mallinckrodt
NCT07637032,Clinical Study of a Facial Cream for Rosacea,ChinaNorm,INDUSTRY,,0,,INTERVENTIONAL,76.0,2026-04-28,RECRUITING,Facial Rosacea,1,chinanorm,chinanorm
NCT02465632,"To Study Generic Clindamycin 1%/Benzoyl Peroxide 5% Topical Gel (Glenmark Generics, Ltd) in the Treatment of Acne Vulgaris.",Glenmark Pharmaceuticals Ltd. India,INDUSTRY,,0,PHASE3,INTERVENTIONAL,1100.0,2015-04,COMPLETED,Acne Vulgaris,15,glenmark pharmaceuticals ltd india,glenmark pharmaceuticals ltd india
NCT04584632,The Efemoral Vascular Scaffold System (EVSS) for the Treatment of Patients With Symptomatic Peripheral Vascular Disease From Stenosis or Occlusion of the Femoropopliteal Artery,"Efemoral Medical, Inc.",INDUSTRY,,0,,INTERVENTIONAL,100.0,2020-09-22,RECRUITING,Peripheral Arterial Disease; Vascular Diseases; Stenosis; Femoropopliteal Stenosis,8,efemoral,efemoral
NCT04419532,A Study Evaluating DS-1055a in Participants With Relapsed or Refractory Locally Advanced or Metastatic Solid Tumors,Daiichi Sankyo,INDUSTRY,,0,PHASE1,INTERVENTIONAL,40.0,2020-10-09,ACTIVE_NOT_RECRUITING,Solid Tumor; Advanced Cancer; Metastatic Solid Tumor,6,daiichi sankyo,daiichi sankyo
NCT07093398,A Phase 1 Study to Assess Food Effect on the Pharmacokinetics of D3S-001 in Healthy Adult Participants,"D3 Bio (Wuxi) Co., Ltd",INDUSTRY,Fortrea,1,PHASE1,INTERVENTIONAL,26.0,2025-07-11,COMPLETED,Healthy Adult Volunteers,1,d3 bio wuxi,d3 bio wuxi
NCT07071298,AERA Pediatrics Registry,Integra LifeSciences Corporation,INDUSTRY,,0,,OBSERVATIONAL,300.0,2025-06-17,RECRUITING,Dysfunction of Eustachian Tube,9,integra lifesciences,integra lifesciences
NCT01173198,An Evaluation of Outcomes Following Wavefront Optimized or Wavefront Guided Lasik Procedure in Low to Moderate Myopic Patients,Innovative Medical,INDUSTRY,,0,PHASE4,INTERVENTIONAL,37.0,2009-11,COMPLETED,Myopia,1,innovative,innovative
NCT01143298,LEO 27847 - Single Dose Bioavailability Study of Oral Solution Versus Tablet in Healthy Subjects,LEO Pharma,INDUSTRY,,0,PHASE1,INTERVENTIONAL,20.0,2010-06,COMPLETED,Healthy,1,leo pharma,leo pharma
NCT01890863,ROTAHALER Device Optimization Study,GlaxoSmithKline,INDUSTRY,,0,PHASE1,INTERVENTIONAL,36.0,2013-08-05,COMPLETED,Asthma,1,gsk,gsk
NCT07371663,An Phase Ib/II Clinical Trial of TCC1727 Combination Therapy in Advanced Solid Tumors,"Beijing Tide Pharmaceutical Co., Ltd",INDUSTRY,,0,PHASE1; PHASE2,INTERVENTIONAL,266.0,2025-12-03,RECRUITING,Solid Cancers; NSCLC (Advanced Non-small Cell Lung Cancer); Gastric (Stomach) Cancer; Endometrial Cancer; Malignant Melanoma,3,beijing tide,beijing tide
NCT05157763,A Study to Evaluate the Safety and Efficacy of EscharEx (EX-02) in the Treatment of Basal Cell Carcinoma,MediWound Ltd,INDUSTRY,,0,PHASE1; PHASE2,INTERVENTIONAL,32.0,2021-06-30,RECRUITING,Superficial Basal Cell Carcinoma; Nodular Basal Cell Carcinoma,3,mediwound,mediwound
NCT01684163,Efficacy and Safety of GLYX-13 in Subjects With Inadequate/Partial Response to Antidepressants,"Naurex, Inc, an affiliate of Allergan plc",INDUSTRY,,0,PHASE2,INTERVENTIONAL,369.0,2012-11,COMPLETED,Major Depressive Disorder,26,naurex inc an affiliate of allergan,naurex inc an affiliate of allergan
NCT00209963,A Study of Gaboxadol in Primary Insomnia,H. Lundbeck A/S,INDUSTRY,,0,PHASE3,INTERVENTIONAL,600.0,2003-06,COMPLETED,Primary Insomnia,0,h lundbeck,h lundbeck
NCT01730963,Multi-Reader Multi-Case Study to Identify Uterine Contractions Recorded From Laboring and Nonlaboring Patients by Practicing Clinicians,"Reproductive Research Technologies, LP",INDUSTRY,,0,,OBSERVATIONAL,30.0,2007-01,COMPLETED,Pregnancy,5,reproductive,reproductive
NCT05766787,The Clinical Performance of Two Reusable Silicone Hydrogel Contact Lenses,Alcon Research,INDUSTRY,,0,,INTERVENTIONAL,190.0,2023-03-29,COMPLETED,Refractive Ametropia,15,alcon,alcon
NCT02667587,"An Investigational Immuno-therapy Study of Temozolomide Plus Radiation Therapy With Nivolumab or Placebo, for Newly Diagnosed Patients With Glioblastoma (GBM, a Malignant Brain Cancer)",Bristol-Myers Squibb,INDUSTRY,"Ono Pharmaceutical Co., Ltd.",1,PHASE3,INTERVENTIONAL,716.0,2016-05-09,COMPLETED,Brain Neoplasms,123,bms,bms
NCT01583387,Effect of Water Intake on the DNA Adducts Formation,Danone Global Research & Innovation Center,INDUSTRY,,0,,INTERVENTIONAL,65.0,2011-02,COMPLETED,Healthy Adults,1,danone global research and innovation center,danone global research and innovation center
NCT05663593,"Safety, Tolerability,PK/PD, Food Effect of Single and Multiple Ascending Doses of HSK31858 in Healthy Volunteers","Haisco Pharmaceutical Group Co., Ltd.",INDUSTRY,,0,PHASE1,INTERVENTIONAL,74.0,2022-02-23,COMPLETED,Healthy Volunteers,1,haisco,haisco
NCT05101993,"VCLIP Post-Market Study, Long-term Follow-up on LAA Exclusion Using AtriClip","AtriCure, Inc.",INDUSTRY,,0,,INTERVENTIONAL,156.0,2022-01-27,COMPLETED,Left Atrial Appendage Absent,11,atricure,atricure
NCT02385721,Post-Authorization Long-term Safety Surveillance on Antihypertensive Treatment With Kanarb® (Fimasartan),"Boryung Pharmaceutical Co., Ltd",INDUSTRY,,0,,OBSERVATIONAL,601.0,2013-05,COMPLETED,Essential Hypertension,1,boryung,boryung
NCT07210021,AK+ Guard™ Pilot Study in Chronic Kidney Disease: Outpatient Diagnostic Accuracy and Remote Monitoring,"AccurKardia, Inc.",INDUSTRY,,0,,OBSERVATIONAL,50.0,2025-10-14,RECRUITING,Hyperkalemia; Chronic Kidney Disease (Stage 3-4),1,accurkardia,accurkardia
NCT07232121,A Study to Evaluate the Safety of Increasing Doses of DF5112 in Healthy Adults,Dragonfly Therapeutics,INDUSTRY,,0,PHASE1,INTERVENTIONAL,48.0,2026-01-12,RECRUITING,Healthy Participants; Healthy Adult Females; Healthy Adult Male; Healthy; Volunteer,1,dragonfly,dragonfly
NCT00408421,Duloxetine Versus Placebo for Osteoarthritis Knee Pain,Eli Lilly and Company,INDUSTRY,,0,PHASE3,INTERVENTIONAL,231.0,2006-11,COMPLETED,Osteoarthritis Knee Pain,27,eli lilly,eli lilly
NCT03999814,Natural History of Infantile Neuroaxonal Dystrophy,Biojiva LLC,INDUSTRY,,0,,OBSERVATIONAL,13.0,2018-07-30,COMPLETED,Infantile Neuroaxonal Dystrophy; INAD,1,biojiva,biojiva
NCT02510014,Safety and Tolerability Study of Depot Buprenorphine in Treatment Seeking Subjects With Opioid Use Disorder,Indivior Inc.,INDUSTRY,,0,PHASE3,INTERVENTIONAL,775.0,2015-07-27,COMPLETED,Opioid Use Disorder; Opioid-related Disorders,42,indivior,indivior
NCT02651714,Tradipitant in Treatment-resistant Pruritus Associated With Atopic Dermatitis,Vanda Pharmaceuticals,INDUSTRY,,0,PHASE2,INTERVENTIONAL,168.0,2016-01-19,COMPLETED,Atopic Dermatitis,28,vanda,vanda
NCT00647114,A Study to Test V930/V932 in Patients With Cancers Expressing Human Epidermal Growth Factor Receptor 2 (HER-2) and/or Carcinoembryonic Antigen (CEA)(V930-003)(COMPLETED),Merck Sharp & Dohme LLC,INDUSTRY,,0,PHASE1,INTERVENTIONAL,41.0,2007-08,COMPLETED,Cancer,0,merck,merck
NCT07623616,A Phase 2 Clinical Study of Ziftomenib in Patients With Relapsed or Refractory NPM1-Mutated Acute Myeloid Leukemia,"Kyowa Kirin Co., Ltd.",INDUSTRY,,0,PHASE2,INTERVENTIONAL,6.0,2026-04-23,RECRUITING,Acute Myeloid Leukemia (AML),20,kyowa kirin,kyowa kirin
NCT02392416,Atorvastatin Study in Cardiovascular Disease Risk,Elpen Pharmaceutical Co. Inc.,INDUSTRY,,0,,OBSERVATIONAL,900.0,2015-04,COMPLETED,Hypercholesterolemia; Dyslipidemia,2,elpen,elpen
NCT02371616,Clinical Study to Evaluate the Efficacy of Two Dentifrices for Dentine Hypersensitivity,GlaxoSmithKline,INDUSTRY,,0,,INTERVENTIONAL,304.0,2014-09-29,COMPLETED,Dentine Sensitivity,3,gsk,gsk
NCT06557616,Safety and Efficacy of the CoolCryo System for Cardiac Cryoablation in the Treatment of Atrial Fibrillation,Medinice S.A.,INDUSTRY,,0,,OBSERVATIONAL,20.0,2024-07-03,RECRUITING,"Atrial Fibrillation, Paroxysmal or Persistent; Mitral Valve Disease",2,medinice s a,medinice s a
NCT06746025,Evaluation of a Smoking Cessation Program for Long-Term Abstinence,Quit Center LLC,INDUSTRY,,0,,OBSERVATIONAL,371.0,2024-10-28,ACTIVE_NOT_RECRUITING,Nicotine Addiction; Smoking Cessation,1,quit center,quit center
NCT01422876,Efficacy and Safety of Empagliflozin (BI 10773) / Linagliptin (BI 1356) Fixed Dose Combination in Treatment naïve and Metformin Treated Type 2 Diabetes Patients,Boehringer Ingelheim,INDUSTRY,Eli Lilly and Company,1,PHASE3,INTERVENTIONAL,1405.0,2011-08,COMPLETED,"Diabetes Mellitus, Type 2",211,boehringer,boehringer
NCT05335876,Long-term Follow-up of Patients With Spinal Muscular Atrophy Treated With OAV101 in Clinical Trials,Novartis Pharmaceuticals,INDUSTRY,,0,PHASE3,INTERVENTIONAL,20.0,2022-12-19,ACTIVE_NOT_RECRUITING,Spinal Muscular Atrophy (SMA),32,novartis,novartis
NCT02082808,Study to Evaluate the Drug Interaction Between Dolutegravir (DTG) and Daclatasvir (DCV) in Healthy Adult Subjects,ViiV Healthcare,INDUSTRY,GlaxoSmithKline,1,PHASE1,INTERVENTIONAL,12.0,2014-03,COMPLETED,"Infection, Human Immunodeficiency Virus",1,viiv,viiv
NCT04052425,Topical Ruxolitinib Evaluation in Vitiligo Study 1 (TRuE-V1),Incyte Corporation,INDUSTRY,,0,PHASE3,INTERVENTIONAL,330.0,2019-09-20,COMPLETED,Non-segmental Vitiligo,57,incyte,incyte
NCT01448525,Study Assessing Patient Satisfaction With LATISSE® for Increasing Eyelash Prominence,Allergan,INDUSTRY,,0,PHASE4,INTERVENTIONAL,88.0,2011-10,COMPLETED,Hypotrichosis,1,abbvie,abbvie
NCT01599325,Study of Azacitidine to Evaluate Safety and Effectiveness for Chinese Patients With Higher Risk Myelodysplastic Syndrome,Celgene,INDUSTRY,,0,PHASE2,INTERVENTIONAL,72.0,2012-07-24,COMPLETED,Myelodysplastic Syndrome (MDS),11,bms,bms
NCT00103935,Study Examining Exenatide Long-Acting Release in Subjects With Type 2 Diabetes,AstraZeneca,INDUSTRY,Eli Lilly and Company,1,PHASE2,INTERVENTIONAL,45.0,2005-02,COMPLETED,Type 2 Diabetes Mellitus,7,astrazeneca,astrazeneca
NCT01107535,Effectiveness of Synagis (Palivizumab) Immunoprophylaxis in Preterm Infants With High Risk of Severe Respiratory Syncytial Virus (RSV) Infection,Abbott,INDUSTRY,,0,,OBSERVATIONAL,82.0,2007-09,COMPLETED,Respiratory Syncytial Virus Infection,4,abbott,abbott
NCT00971035,A Study to Evaluate Lebrikizumab (MILR1444A) in Adult Patients With Asthma Who Are Not Taking Inhaled Corticosteroids,"Genentech, Inc.",INDUSTRY,,0,PHASE2,INTERVENTIONAL,210.0,2009-11,COMPLETED,Asthma,0,roche,roche
NCT00158808,Immune Memory Foll Pry Vaccination With DTPw-HBV/Hib Vaccine Formulation; Immuno & Reacto of Booster Dose at 15-18 Mths,GlaxoSmithKline,INDUSTRY,,0,PHASE2,INTERVENTIONAL,175.0,2005-01,COMPLETED,Hib Disease; Hepatitis B; Pertussis; Prophylaxis of Diphtheria; Tetanus,1,gsk,gsk
NCT01595308,A Pilot Study to Evaluate the Effect of Pomegranate Juice on Semen Parameters in Healthy Male Volunteers,POM Wonderful LLC,INDUSTRY,,0,PHASE1,INTERVENTIONAL,12.0,2011-04,COMPLETED,Male Infertility,1,pom wonderful,pom wonderful
NCT03000608,A Trial of a Botanical Drug (EISO) for Treatment of Mild-to-Moderate Plaque Psoriasis,"Santalis Pharmaceuticals, Inc.",INDUSTRY,"ClinDatrix, Inc.; Clinical Trials of Texas, Inc.; Dermatology Research Center of San Antonio; Derm Research, PLLC; Progressive Clinical Research",5,PHASE2,INTERVENTIONAL,69.0,2017-05-17,COMPLETED,Plaque Psoriasis,4,santalis,santalis
NCT05026008,"A Phase 1 Study to Evaluate the Safety, Tolerability, Pharmacokinetics and Pharmacodynamics of SR1375","Shanghai SIMR Biotechnology Co., Ltd.",INDUSTRY,,0,PHASE1,INTERVENTIONAL,72.0,2021-09-30,COMPLETED,Healthy Volunteers,1,shanghai simr biotechnology,shanghai simr biotechnology
NCT06771115,Phase 2a Placebo-Controlled Study of VTX3232 Alone or in Combination With Semaglutide in Obesity,Zomagen Biosciences Ltd.,INDUSTRY,,0,PHASE2,INTERVENTIONAL,176.0,2025-01-07,COMPLETED,Obesity,14,zomagen,zomagen
NCT01580735,ARQ 197 Plus Erlotinib in Patient With Locally Advanced or Metastatic EGFR Mutation-positive Non-small-cell Lung Cancer,"Kyowa Kirin Co., Ltd.",INDUSTRY,,0,PHASE2,INTERVENTIONAL,40.0,2012-05,COMPLETED,Non-small-cell Lung Cancer,1,kyowa kirin,kyowa kirin
NCT04823208,A Study of LY3437943 in Japanese Participants With Type 2 Diabetes Mellitus (T2DM),Eli Lilly and Company,INDUSTRY,,0,PHASE1,INTERVENTIONAL,64.0,2021-05-24,COMPLETED,"Diabetes Mellitus, Type 2",4,eli lilly,eli lilly
NCT01017276,A Phase 3 Study in Patients With Chronic Kidney Disease and Hyperphosphatemia on Peritoneal Dialysis,Astellas Pharma Inc,INDUSTRY,,0,PHASE3,INTERVENTIONAL,35.0,2009-11,COMPLETED,Chronic Kidney Disease; Renal Dialysis; Renal Insufficiency,3,astellas,astellas
NCT00246935,Long-term Study of Safety and Efficacy of Roflumilast in Japanese Patients Older Than 40 Years With Chronic Obstructive Pulmonary Disease (APTA-2217-08),AstraZeneca,INDUSTRY,Tanabe Pharma Corporation,1,PHASE3,INTERVENTIONAL,150.0,2005-05,COMPLETED,Chronic Obstructive Pulmonary Disease (COPD),1,astrazeneca,astrazeneca
NCT04381117,Long-term Durability Study of Collagenase Clostridium Histolyticum (CCH),"Endo USA Inc., a Keenova Therapeutics Company",INDUSTRY,,0,,OBSERVATIONAL,7.0,2020-05-06,COMPLETED,Edematous Fibrosclerotic Panniculopathy,4,endo usa inc a keenova,endo usa inc a keenova
NCT02193217,A Phase 1 Study to Explore the Cardiac Pharmacodynamics of MT-1303,Tanabe Pharma Corporation,INDUSTRY,,0,PHASE1,INTERVENTIONAL,81.0,,COMPLETED,Relapsing-remitting Multiple Sclerosis,1,tanabe,tanabe
NCT06647017,Delivering Transcutaneous Auricular Neurostimulation to Reduce Blood Loss During Dialysis AV Graft Placement Procedures,University Surgical Vascular,INDUSTRY,"Spark Biomedical, Inc.",1,,INTERVENTIONAL,40.0,2024-11-13,RECRUITING,"Blood Loss, Surgical",1,university surgical vascular,university surgical vascular
NCT05524740,BTL-785F Device for Improving the Structure of Facial Muscles,BTL Industries Ltd.,INDUSTRY,,0,,INTERVENTIONAL,10.0,2022-06-27,COMPLETED,Wrinkle,1,btl industries,btl industries
NCT02641340,Fentanyl Sublingual Spray in Opioid Naive Participants,INSYS Therapeutics Inc,INDUSTRY,,0,PHASE1,INTERVENTIONAL,96.0,2016-01,COMPLETED,Pharmacology,1,insys,insys
NCT01193140,To Evaluate the Safety of Veliparib in Combination With Temozolomide in Subjects With Solid Tumors,Abbott,INDUSTRY,,0,PHASE2,INTERVENTIONAL,24.0,2010-07,COMPLETED,Solid Tumor Cancers,2,abbott,abbott
NCT01111240,Efficacy and Safety of Humira® in Patients With Psoriatic Arthritis in Normal Medical Practice,"AbbVie (prior sponsor, Abbott)",INDUSTRY,,0,,OBSERVATIONAL,4635.0,2005-08,COMPLETED,Psoriatic Arthritis,509,abbvie prior sponsor abbott,abbvie prior sponsor abbott
NCT00210808,A Study of the Effectiveness and Safety of Topiramate in the Treatment of Moderate to Severe Binge-eating Disorder Associated With Obesity,"Johnson & Johnson Pharmaceutical Research & Development, L.L.C.",INDUSTRY,"Ortho-McNeil Neurologics, Inc.",1,PHASE2; PHASE3,INTERVENTIONAL,407.0,2003-09,COMPLETED,Obesity; Binge-Eating Disorder,0,johnson and johnson pharmaceutical research and development l l c,johnson and johnson pharmaceutical research and development l l c
NCT03275025,A Phase 2 Study to Evaluate the Safety and Efficacy of YRA-1909 in Patients With Rheumatoid Arthritis,"Yungjin Pharm. Co., Ltd.",INDUSTRY,,0,PHASE2,INTERVENTIONAL,116.0,2017-04-01,COMPLETED,Rheumatoid Arthritis,14,yungjin pharm,yungjin pharm
NCT00630825,A Study of Dose Titration of LY2189265 in Overweight Participants With Type 2 Diabetes Mellitus,Eli Lilly and Company,INDUSTRY,,0,PHASE2,INTERVENTIONAL,262.0,2008-04,COMPLETED,Diabetes Mellitus Type 2,34,eli lilly,eli lilly
NCT06588517,Comparative Pharmacokinetic(PK) Study of Pirfenidone Modified-Release Tablets and Pirfenidone Tablets in Healthy Subjects Under Fed Conditions,"Overseas Pharmaceuticals, Ltd.",INDUSTRY,"Shanghai ShouYan Clinical Development Co.,Ltd.",1,PHASE1,INTERVENTIONAL,12.0,2024-04-08,COMPLETED,Idiopathic Pulmonary Fibrosis,1,overseas,overseas
NCT01522417,Shortened Aggrastat® Versus Integrilin in Percutaneous Coronary Intervention,Medicure,INDUSTRY,"SCRI Development Innovations, LLC",1,PHASE2,INTERVENTIONAL,535.0,2012-04,COMPLETED,Myocardial Infarction; Acute Coronary Syndromes; Unstable Angina,13,medicure,medicure
NCT00711217,Evaluation of a Medical Food for Chronic Wounds,Abbott Nutrition,INDUSTRY,,0,PHASE3,INTERVENTIONAL,271.0,2008-06,COMPLETED,"Foot Ulcer, Diabetic",51,abbott nutrition,abbott nutrition
NCT07486817,Beamion 44: A Study to Test How Well Zongertinib is Tolerated by People With Advanced Non-small Cell Lung Cancer With HER2 Mutations When Given in Combination With Chemotherapy With or Without Pembrolizumab,Boehringer Ingelheim,INDUSTRY,,0,PHASE2,INTERVENTIONAL,60.0,2026-06-04,RECRUITING,"Lung Cancer, Non-squamous, Non-small Cell",17,boehringer,boehringer
NCT00395317,Study Of SB-683699 Compared To Placebo In Subjects With Relapsing-Remitting Multiple Sclerosis (MS),GlaxoSmithKline,INDUSTRY,,0,PHASE2,INTERVENTIONAL,343.0,2006-12,COMPLETED,Multiple Sclerosis,79,gsk,gsk
NCT03239340,A Molecular Profiling Study of Patients With EGFR Mutation-positive Locally Advanced or Metastatic NSCLC Treated With Osimertinib,AstraZeneca,INDUSTRY,Parexel,1,PHASE2,INTERVENTIONAL,154.0,2018-05-30,COMPLETED,EGFR Mutation Positive Locally Advanced or Metastatic Non-Small Cell Lung Cancer,26,astrazeneca,astrazeneca
NCT01104558,Association Between Genetic Polymorphism of Beta-adrenergic Receptor and Effects of Bisoprolol in Korean Heart Failure Patients.,"Merck KGaA, Darmstadt, Germany",INDUSTRY,Merck Ltd.,1,PHASE4,INTERVENTIONAL,100.0,2008-12,COMPLETED,Chronic Heart Failure,1,merck kgaa darmstadt germany,merck kgaa darmstadt germany
NCT00482248,Safety and Tolerability of Omalizumab in Adults and Adolescents With Severe Allergic Asthma,Novartis,INDUSTRY,"Genentech, Inc.",1,PHASE3,INTERVENTIONAL,132.0,2003-06,COMPLETED,Asthma,0,novartis,novartis
NCT00757848,"A Phase II , Placebo-controlled Study to Assess Efficacy of 28 Day Oral AZD9668 in Patients With Cystic Fibrosis",AstraZeneca,INDUSTRY,,0,PHASE2,INTERVENTIONAL,56.0,2008-10,COMPLETED,Cystic Fibrosis,14,astrazeneca,astrazeneca
NCT01696448,"The BANGALORE Study; Combination of Berberine, Lipoic Acid, and Picrorhiza",Carmel Biosciences,INDUSTRY,Atlanta Vascular Research Foundation,1,,INTERVENTIONAL,28.0,2012-08,COMPLETED,Metabolic Syndrome,1,carmel,carmel
NCT07640555,Evaluation of [¹⁸F]MODAG-009 PET Imaging in Synucleinopathies,MODAG GmbH,INDUSTRY,"XingImaging, LLC; Institute for Neurodegenerative Disorders",2,EARLY_PHASE1,INTERVENTIONAL,13.0,2026-05-13,RECRUITING,Multiple System Atrophy (MSA); Healthy Adult; Parkinson Disease,1,modag,modag
NCT05168826,China S3 PMS: SAPIEN 3 China Post Market Registry Study,Edwards Lifesciences,INDUSTRY,,0,,OBSERVATIONAL,250.0,2022-01-24,ACTIVE_NOT_RECRUITING,"Aortic Stenosis, Severe",14,edwards lifesciences,edwards lifesciences
NCT03785678,Tenecteplase in Stroke Patients Between 4.5 and 24 Hours,"Genentech, Inc.",INDUSTRY,,0,PHASE3,INTERVENTIONAL,458.0,2019-03-02,COMPLETED,THROMBOLYSIS,97,roche,roche
NCT03757078,Study to Find Out How Symptoms Severity Changes During the Standard Course of Treatment With the Cream Relief Pro and Suppositories Relief Pro (Active Ingredients Are Fluocortolone + Lidocaine) in Patients Suffering From Twisted and Bulging Veins in the Rectal Area (Acute Hemorrhoids),Bayer,INDUSTRY,,0,,OBSERVATIONAL,1000.0,2018-11-30,COMPLETED,Acute Hemorrhoids,1,bayer,bayer
NCT00983385,Evaluation of Effectiveness and Tolerability of Tapentadol Hydrochloride in Subjects With Severe Chronic Low Back Pain Taking Either WHO Step I or Step II Analgesics or no Regular Analgesics,Grünenthal GmbH,INDUSTRY,,0,PHASE3,INTERVENTIONAL,208.0,2009-09-30,COMPLETED,Chronic Pain; Low Back Pain,46,grünenthal,grünenthal
NCT05254743,A Study of Pirtobrutinib (LOXO-305) Versus Ibrutinib in Participants With Chronic Lymphocytic Leukemia (CLL)/Small Lymphocytic Lymphoma (SLL),"Loxo Oncology, Inc.",INDUSTRY,,0,PHASE3,INTERVENTIONAL,737.0,2022-07-22,RECRUITING,"Chronic Lymphocytic Leukemia; Leukemia, Lymphocytic; Leukemia, B-cell; Small Lymphocytic Lymphoma",143,loxo oncology,loxo oncology
NCT01651715,Efficacy and Safety Study of Homeopathic Oral Antibodies to Treat Viral Upper Respiratory Tract Infections,Theranor s.p.r.l,INDUSTRY,,0,PHASE1; PHASE2,INTERVENTIONAL,232.0,2012-09,COMPLETED,Common Cold,33,theranor s p r l,theranor s p r l
NCT07465835,A Study of ELA026 in Participants With Relapsed/Refractory (R/R) T/NK Cell Malignancies (TCMs),Electra Therapeutics Inc.,INDUSTRY,,0,PHASE1,INTERVENTIONAL,84.0,2026-02-17,RECRUITING,T Cell Malignancies,6,electra,electra
NCT00964535,Bioequivalence Study of Budesonide/Formoterol Easyhaler and Symbicort Turbohaler in Asthmatics,"Orion Corporation, Orion Pharma",INDUSTRY,,0,PHASE1; PHASE2,INTERVENTIONAL,87.0,2009-09,COMPLETED,Asthma,1,orion corporation orion,orion corporation orion
NCT01952535,"A Clinical Study to Evaluate Safety, Tolerability and Pharmacokinetics of Oral HMS5552 in Healthy Volunteers",Hua Medicine Limited,INDUSTRY,,0,PHASE1,INTERVENTIONAL,60.0,2013-09,COMPLETED,Type II Diabetes Mellitus,1,hua medicine,hua medicine
NCT01232335,Symbicort Turbuhaler 30/60 Specific Clinical Experience Investigation,AstraZeneca,INDUSTRY,,0,,OBSERVATIONAL,1500.0,2010-01,COMPLETED,Bronchial Asthma,47,astrazeneca,astrazeneca
NCT02686125,Vercise™ DBS Dystonia Prospective Study,Boston Scientific Corporation,INDUSTRY,,0,,OBSERVATIONAL,300.0,2016-03-07,RECRUITING,Dystonia,36,boston scientific,boston scientific
NCT00563225,20 Week Bridging Study in Type II DM,Sanofi,INDUSTRY,,0,PHASE3,INTERVENTIONAL,90.0,2002-10,COMPLETED,Diabetes Mellitus Type II,0,sanofi,sanofi
NCT04006808,A Study to Test GlaxoSmithKline's (GSK) Candidate Vaccine-GSK1437173A for Prevention of Shingles in Children With Kidney Transplant,GlaxoSmithKline,INDUSTRY,,0,PHASE1; PHASE2,INTERVENTIONAL,184.0,2019-10-25,RECRUITING,Herpes Zoster,31,gsk,gsk
NCT05608876,A Clinical Study to Investigate the Efficacy of Tigilanol Tiglate Directly in Head and Neck Cancer,QBiotics Group Limited,INDUSTRY,,0,PHASE2,INTERVENTIONAL,15.0,2022-11-03,ACTIVE_NOT_RECRUITING,Head and Neck Cancer,7,qbiotics,qbiotics
NCT07160725,"A Phase 1/2a, First-in-human, Study of BMS-986517 in Participants With Advanced Solid Tumors",Bristol-Myers Squibb,INDUSTRY,,0,PHASE1; PHASE2,INTERVENTIONAL,540.0,2025-10-15,RECRUITING,Solid Tumours,20,bms,bms
NCT02110108,Study for the RevLite Laser System for Facial Solar Lentigines,"Cynosure, Inc.",INDUSTRY,,0,,INTERVENTIONAL,10.0,2014-03,COMPLETED,Facial Solar Lentigines,1,cynosure,cynosure
NCT04785625,Efficacy and Safety Study of Postsurgical Analgesia With INL-001 in Abdominoplasty,Innocoll,INDUSTRY,,0,PHASE3,INTERVENTIONAL,366.0,2021-04-29,COMPLETED,"Pain, Postoperative; Abdominoplasty",4,innocoll,innocoll
NCT02218008,A Study of ALKS 5461 for the Treatment of Major Depressive Disorder (MDD) - FORWARD-5 Study,"Alkermes, Inc.",INDUSTRY,,0,PHASE3,INTERVENTIONAL,407.0,2014-07,COMPLETED,Major Depressive Disorder,44,alkermes,alkermes
NCT00805025,Evaluation of the Quality of Life Questionnaire-Bronchiectasis (QOL-B) in Patients With Bronchiectasis,Gilead Sciences,INDUSTRY,,0,PHASE2,INTERVENTIONAL,89.0,2008-12,COMPLETED,Bronchiectasis,24,gilead,gilead
NCT05929625,Radiofrequency and Ultrasound for Improvement of Skin Laxity and Wrinkles: Efficacy and Safety Evaluation,BTL Industries Ltd.,INDUSTRY,,0,,INTERVENTIONAL,41.0,2020-10-28,COMPLETED,Skin Laxity,2,btl industries,btl industries
NCT00615615,Efficacy and Tolerability of Levetiracetam Add-On Treatment in Refractory Pediatric Patients With Partial Onset Seizures,UCB Pharma,INDUSTRY,,0,PHASE3,INTERVENTIONAL,216.0,1999-09,COMPLETED,Epilepsy,0,ucb pharma,ucb pharma
NCT00490035,"Double-blind, Randomized Study Evaluating the Efficacy and Safety of Brivaracetam in Adults With Partial Onset Seizures",UCB Pharma SA,INDUSTRY,,0,PHASE3,INTERVENTIONAL,399.0,2007-09,COMPLETED,Epilepsy,76,ucb pharma,ucb pharma
NCT03117335,Recombinant Endostatin Combined With Vinorelbine and Cisplatin in Patients With Advanced Non-small Cell Lung Cancer,"Jiangsu Wuzhong Pharmaceutical Group Co., Ltd.",INDUSTRY,"Tigermed Consulting Co., Ltd",1,PHASE3,INTERVENTIONAL,560.0,2011-11-10,COMPLETED,Advanced Non-small Cell Lung Cancer,37,jiangsu wuzhong,jiangsu wuzhong
NCT07081217,Radiocaine Safety Study,Lutroo Imaging LLC,INDUSTRY,Stanford University,1,EARLY_PHASE1,INTERVENTIONAL,6.0,2025-06-17,RECRUITING,Healthy Subjects,1,lutroo imaging,lutroo imaging
NCT00836017,CD-PROBE: Cervical Dystonia Patient Registry for the Observation of onabotulinumtoxinA Efficacy,Allergan,INDUSTRY,,0,,OBSERVATIONAL,1046.0,2009-01,COMPLETED,Cervical Dystonia,1,abbvie,abbvie
NCT01293240,Prospective Study of Lens Performance of a Monthly Replacement Lens at Two Weeks and Four Weeks,CIBA VISION,INDUSTRY,,0,,INTERVENTIONAL,117.0,2010-12,COMPLETED,Myopia; Astigmatism; Presbyopia,0,ciba vision,ciba vision
NCT02881840,Mass-balance Study of [14C]-APD421 in Healthy Volunteers,Acacia Pharma Ltd,INDUSTRY,,0,PHASE1,INTERVENTIONAL,6.0,2016-08,COMPLETED,Post-operative Nausea and Vomiting,1,acacia,acacia
NCT00409838,A Phase III Study of Abatacept in Patients With Rheumatoid Arthritis and an Inadequate Response to Methotrexate,Bristol-Myers Squibb,INDUSTRY,,0,PHASE3,INTERVENTIONAL,113.0,2007-04,COMPLETED,Rheumatoid Arthritis,7,bms,bms
NCT01406548,Safety and Efficacy of Multiple Dosing Regimens of BPS804 in Post Menopausal Women With Low Bone Mineral Density,Ultragenyx Pharmaceutical Inc,INDUSTRY,Mereo BioPharma; Novartis,2,PHASE2,INTERVENTIONAL,44.0,2011-07,COMPLETED,Osteopenia; Osteoporosis,5,ultragenyx,ultragenyx
NCT01288326,Observational Study on Effectiveness and Safety of Liraglutide in Subjects With Type 2 Diabetes,Novo Nordisk A/S,INDUSTRY,,0,,OBSERVATIONAL,254.0,2011-02,COMPLETED,"Diabetes; Diabetes Mellitus, Type 2",1,novo nordisk,novo nordisk
NCT07473726,"A Phase I Clinical Study to Evaluate the Safety, Tolerability, and PK of HLX48 in Advanced/Metastatic Solid Tumors",Shanghai Henlius Biotech,INDUSTRY,,0,PHASE1,INTERVENTIONAL,72.0,2026-06-30,RECRUITING,Advanced/Metastatic Solid Tumors,7,shanghai henlius biotech,shanghai henlius biotech
NCT06951685,Xeltis Peripheral Artery Disease (XPAD) Bypass Conduit Early Feasibility Study,Xeltis,INDUSTRY,,0,,INTERVENTIONAL,6.0,2025-05-02,RECRUITING,Peripheral Artery Occlusive Disease,1,xeltis,xeltis
NCT07694843,"A Phase I Clinical Trial to Evaluate the Pharmacokinetic and Safety of Ammoxetine Hydrochloride Enteric-Coated Tablets in Participants With Mild Hepatic Impairment, Moderate Hepatic Impairment, and Normal Liver Function","CSPC ZhongQi Pharmaceutical Technology Co., Ltd.",INDUSTRY,,0,PHASE1,INTERVENTIONAL,24.0,2026-03-30,RECRUITING,Healthy Participants; Participants With Mild Hepatic Impairment; Participants With Moderate Hepatic Impairment,1,cspc zhongqi pharmaceutical technology,cspc zhongqi pharmaceutical technology
NCT05445843,Study of Efficacy and Safety of JDQ443 Single-agent as First-line Treatment for Patients With Locally Advanced or Metastatic KRAS G12C- Mutated Non-small Cell Lung Cancer With a PD-L1 Expression < 1% or a PD-L1 Expression ≥ 1% and an STK11 Co-mutation.,Novartis Pharmaceuticals,INDUSTRY,,0,PHASE2,INTERVENTIONAL,95.0,2022-12-06,ACTIVE_NOT_RECRUITING,Locally Advanced or Metastatic KRAS G12C-mutated NSCLC With a PD-L1 Expression <1% or a PD-L1 Expression ≥ 1% and an STK11 Co-mutation,45,novartis,novartis
NCT02312258,A Study of Oral Ixazomib Maintenance Therapy in Participants With Newly Diagnosed Multiple Myeloma (NDMM) Not Treated With Stem Cell Transplantation (SCT),Takeda,INDUSTRY,,0,PHASE3,INTERVENTIONAL,706.0,2015-04-09,COMPLETED,Multiple Myeloma,275,takeda,takeda
NCT04358848,Follow-Up to the Usability Evaluation of a Portable Oxygen Concentrator,Belluscura LLC,INDUSTRY,,0,,OBSERVATIONAL,4.0,2020-03-04,COMPLETED,Supplemental Oxygen,1,belluscura,belluscura
NCT01020526,Pregabalin In Adolescent Patients With Fibromyalgia,Pfizer's Upjohn has merged with Mylan to form Viatris Inc.,INDUSTRY,,0,PHASE4,INTERVENTIONAL,63.0,2010-09,COMPLETED,Fibromyalgia,26,pfizer s upjohn has merged with mylan to form viatris,pfizer s upjohn has merged with mylan to form viatris
NCT02269826,Efficacy and Safety of Non-hormonal Vaginal Preparations in Treating Vaginal Dryness,Dr. August Wolff GmbH & Co. KG Arzneimittel,INDUSTRY,,0,,INTERVENTIONAL,117.0,2008-02,COMPLETED,Vaginal Dryness,6,dr august wolff gmbh and co kg arzneimittel,dr august wolff gmbh and co kg arzneimittel
NCT00061126,ABX-EGF (a Monoclonal Antibody) Given to Patients With Prostate Cancer With or Without Tumor in Other Parts of the Body,Abgenix,INDUSTRY,Immunex Corporation,1,PHASE2,INTERVENTIONAL,50.0,2003-04,COMPLETED,Prostate Cancer,9,abgenix,abgenix
NCT01072578,A Study to to Assess the Effect of Dapagliflozin When Administered Once a Day Versus Twice a Day on Blood Glucose,AstraZeneca,INDUSTRY,Bristol-Myers Squibb,1,PHASE1,INTERVENTIONAL,16.0,2010-02,COMPLETED,Healthy Volunteers,1,astrazeneca,astrazeneca
NCT04622085,The Evaluation of the Safety and Effectiveness of ANIMERS Chiara LA and JUVÉDERM VOLUMA® for Aging Mid-Face,SciVision Biotech Inc.,INDUSTRY,,0,,INTERVENTIONAL,20.0,2021-04-06,COMPLETED,Dermal Filler; Hyaluronic Acid; Lidocaine; Aging Mid-Face,1,scivision biotech,scivision biotech
NCT02097485,Ovicidal Efficacy and Safety of Abametapir Lotion 0.74% Administered for the Treatment of Head Lice Infestation,Dr. Reddy's Laboratories Limited,INDUSTRY,,0,PHASE2,INTERVENTIONAL,50.0,2014-05,COMPLETED,Head Lice Infestation,1,dr reddy s,dr reddy s
NCT05957185,Effects of Microbial Protease Supplementation on Postprandial Plasma Amino Acid Concentrations and Appetite,"BIO-CAT, Inc.",INDUSTRY,McGill University,1,,INTERVENTIONAL,24.0,2023-08-07,COMPLETED,Digestive Health; Gastrointestinal Health; Appetitive Behavior,1,bio cat,bio cat
NCT05483985,Evaluation of the Alife Hera System as an Adjunctive Tool for the Prioritization of Embryos Deemed Suitable for Transfer,Alife Health,INDUSTRY,,0,,INTERVENTIONAL,444.0,2022-07-11,COMPLETED,Infertility,7,alife,alife
NCT04743635,CONtrolled Focal Fibrous Band Release Method Study,"Revelle Aesthetics, Inc",INDUSTRY,,0,,INTERVENTIONAL,74.0,2021-01-07,COMPLETED,Cellulite,9,revelle aesthetics,revelle aesthetics
NCT00130208,Effect of Sulodexide in Early Diabetic Nephropathy,Keryx Biopharmaceuticals,INDUSTRY,Collaborative Study Group (CSG),1,PHASE3,INTERVENTIONAL,1056.0,2005-08,COMPLETED,Diabetic Nephropathy,3,keryx,keryx
NCT00002408,"A Double-Blind, Randomized, Placebo-Controlled, Multicenter Study to Assess the Efficacy and Safety of Orally Administered SP-303 for the Treatment of Diarrhea in Acquired Immunodeficiency Syndrome (AIDS) Patients",Shaman Pharmaceuticals,INDUSTRY,,0,PHASE3,INTERVENTIONAL,300.0,,COMPLETED,Diarrhea; HIV Infections,36,shaman,shaman
NCT06791525,Tirbanibulin for Pediatric Warts,The Skin Center Dermatology Group,INDUSTRY,,0,PHASE4,INTERVENTIONAL,10.0,2025-05-01,RECRUITING,Warts Hand,1,the skin center dermatology,the skin center dermatology
NCT06398925,Single Ascending Oral Dose Study to Investigate the Effects of OCT461201 in Healthy Volunteers,Oxford Cannabinoid Technologies Holdings PLC,INDUSTRY,Simbec-Orion Group,1,PHASE1,INTERVENTIONAL,32.0,2023-07-26,COMPLETED,Healthy,1,oxford cannabinoid,oxford cannabinoid
NCT00288925,Z-360 in Unresectable Advanced Pancreatic Cancer in Combination With Gemcitabine Treatment,Zeria Pharmaceutical,INDUSTRY,,0,PHASE1; PHASE2,INTERVENTIONAL,30.0,2005-09,COMPLETED,Pancreatic Cancer,1,zeria,zeria
NCT00653276,MD Ezetimibe Cyclosporine Interaction (0653-057),Organon and Co,INDUSTRY,Schering-Plough,1,PHASE1,INTERVENTIONAL,13.0,2003-11,COMPLETED,Cholesterol,0,organon and,organon and
NCT03143517,Fecal Calprotectin Collection Protocol,DiaSorin Inc.,INDUSTRY,,0,,OBSERVATIONAL,240.0,2017-04-19,COMPLETED,Inflammatory Bowel Diseases; Irritable Bowel Syndrome; Ulcerative Colitis; Crohn Disease; Indeterminate Colitis; Chronic Diarrhea; Celiac Disease; Diverticulitis; Abdominal Pain; Distension; Weight Loss; Food Intolerance; Constipation,13,diasorin,diasorin
NCT01859117,Study of PDA-002 in Subjects With Peripheral Arterial Disease and Diabetic Foot Ulcers,Celularity Incorporated,INDUSTRY,,0,PHASE1,INTERVENTIONAL,15.0,2013-05-23,COMPLETED,Peripheral Arterial Disease; Diabetic Foot Ulcer,12,celularity incorporated,celularity incorporated
NCT04271280,Treatment of High and Very High riSk Dyslipidemic pAtients for the PreveNTion of CardiOvasculaR Events,"Daiichi Sankyo Europe, GmbH, a Daiichi Sankyo Company",INDUSTRY,,0,,OBSERVATIONAL,9559.0,2020-03-17,COMPLETED,Dyslipidemia; Cardiovascular Diseases; Hypercholesterolemia; Atherosclerotic Cardiovascular Disease,540,daiichi sankyo europe gmbh a daiichi sankyo,daiichi sankyo europe gmbh a daiichi sankyo
NCT04102579,"Efficacy, Safety, and Tolerability of Valbenazine for the Treatment of Chorea Associated With Huntington Disease",Neurocrine Biosciences,INDUSTRY,Huntington Study Group,1,PHASE3,INTERVENTIONAL,128.0,2019-11-13,COMPLETED,"Chorea, Huntington",46,neurocrine,neurocrine
NCT00268879,Investigation of the Safety and Efficacy of Renzapride in Constipation Predominant Irritable Bowel Syndrome (IBS),Alizyme,INDUSTRY,,0,PHASE3,INTERVENTIONAL,1821.0,2005-12,COMPLETED,Irritable Bowel Syndrome,1,alizyme,alizyme
NCT00359879,Comparison of Exenatide Taken Before Lunch and Dinner With Before Breakfast and Dinner in Patients With Type 2 Diabetes,AstraZeneca,INDUSTRY,Eli Lilly and Company,1,PHASE3,INTERVENTIONAL,377.0,2006-09,COMPLETED,Type 2 Diabetes,15,astrazeneca,astrazeneca
NCT01928979,Retrospective Registry Providing Baseline Data on the Outcome of Left Atrial (LA) or LA Appendage (LAA) Thrombus in Patients With Nonvalvular Atrial Fibrillation (AF) or Atrial Flutter After Standard of Care (SoC) Anticoagulant Therapy,Bayer,INDUSTRY,,0,,OBSERVATIONAL,160.0,2013-05,COMPLETED,Atrial Fibrillation,7,bayer,bayer
NCT00762996,The Clinical Evaluation of Two Daily Disposable Contact Lenses,"Johnson & Johnson Vision Care, Inc.",INDUSTRY,Eurolens Research,1,,INTERVENTIONAL,65.0,2007-08,COMPLETED,Myopia,1,johnson and johnson vision care,johnson and johnson vision care
NCT00604396,Safety and Efficacy of Insulin Detemir in Combination With OAD in Type 2 Diabetes,Novo Nordisk A/S,INDUSTRY,,0,PHASE3,INTERVENTIONAL,477.0,2003-03,COMPLETED,"Diabetes; Diabetes Mellitus, Type 2",62,novo nordisk,novo nordisk
NCT03739554,CYC065 CDK Inhibitor and Venetoclax Study in Relapsed/Refractory CLL,"Cyclacel Pharmaceuticals, Inc.",INDUSTRY,,0,PHASE1,INTERVENTIONAL,5.0,2019-01-25,COMPLETED,Relapsed or Refractory Chronic Lymphocytic Leukemia,3,cyclacel,cyclacel
NCT01956305,"Randomized, Placebo-controlled, 2 Period, Single-blind, Sequential, Multiple Ascending Dose Study",Daiichi Sankyo,INDUSTRY,,0,PHASE1,INTERVENTIONAL,48.0,2013-09,COMPLETED,Type 2 Diabetes Mellitus,1,daiichi sankyo,daiichi sankyo
NCT00944294,Efficacy and Safety Study of Binodenoson in Assessing Cardiac Ischemia,Pfizer,INDUSTRY,,0,PHASE3,INTERVENTIONAL,419.0,2004-02,COMPLETED,Coronary Artery Disease,0,pfizer,pfizer
NCT05043766,Evaluation of Oral PF614 Relative to OxyContin (PF614-102),Ensysce Biosciences,INDUSTRY,PRA Health Sciences,1,PHASE1,INTERVENTIONAL,84.0,2021-09-08,COMPLETED,Healthy Volunteers,1,ensysce,ensysce
NCT06312566,A Study to Assess the Bioequivalence Between Brivaracetam Tablet and Dry Syrup in Healthy Japanese Male Study Participants,UCB Biopharma SRL,INDUSTRY,,0,PHASE1,INTERVENTIONAL,64.0,2024-03-25,COMPLETED,Healthy Study Participants,1,ucb biopharma,ucb biopharma
NCT01340066,Safety and Efficacy Study of a New Treatment for Symptoms of Urinary Incontinence,"Beech Tree Labs, Inc.",INDUSTRY,Norwich Clinical Research Associates Ltd.,1,PHASE1; PHASE2,INTERVENTIONAL,94.0,2011-04,COMPLETED,Urinary Incontinence,3,beech tree,beech tree
NCT01089556,A Study in Painful Diabetic Neuropathy,Eli Lilly and Company,INDUSTRY,Boehringer Ingelheim,1,PHASE3,INTERVENTIONAL,811.0,2010-03,COMPLETED,"Diabetic Neuropathy, Painful",54,eli lilly,eli lilly
NCT00819156,Dose Finding Trial With a New Treatment (Degarelix) for Prostate Cancer,Ferring Pharmaceuticals,INDUSTRY,,0,PHASE2,INTERVENTIONAL,189.0,2004-02,COMPLETED,Prostate Cancer,39,ferring,ferring
NCT00837356,Comparison of the Action of Drugs in the Body and Safety of N8 and Advate® in Haemophilia A Subjects,Novo Nordisk A/S,INDUSTRY,,0,PHASE1,INTERVENTIONAL,23.0,2009-03,COMPLETED,Congenital Bleeding Disorder; Haemophilia A,7,novo nordisk,novo nordisk
NCT01198756,A Study to Evaluate the Safety and Immunogenicity of GSK Biologicals' Seasonal Influenza Vaccine in Children,GlaxoSmithKline,INDUSTRY,,0,PHASE3,INTERVENTIONAL,3109.0,2010-10-01,COMPLETED,Influenza,33,gsk,gsk
NCT07019922,A Clinical Trial of Elsunersen in Pediatric SCN2A-DEE to Assess Efficacy and Safety,Praxis Precision Medicines,INDUSTRY,,0,PHASE3,INTERVENTIONAL,40.0,2025-08-13,RECRUITING,Epileptic Encephalopathy; SCN2A Encephalopathy,10,praxis precision medicines,praxis precision medicines
NCT02677922,A Study to Assess the Safety and Efficacy of Two Combinations of Isocitrate Dehydrogenase (IDH) Mutant Targeted Therapies Plus Azacitidine in Participants With Newly Diagnosed Acute Myeloid Leukemia (AML) Harboring IDH Mutations Who Are Not Candidates to Receive Intensive Induction Chemotherapy,Celgene,INDUSTRY,,0,PHASE1; PHASE2,INTERVENTIONAL,130.0,2016-06-03,ACTIVE_NOT_RECRUITING,"Leukemia, Myeloid, Acute",49,bms,bms
NCT04950322,A Trial of SHR1701 Plus Chemotherapy in Patients With Gastric or Gastroesophageal Cancer,"Suzhou Suncadia Biopharmaceuticals Co., Ltd.",INDUSTRY,,0,PHASE3,INTERVENTIONAL,737.0,2021-12-06,ACTIVE_NOT_RECRUITING,Gastric or Gastroesophageal Junction Cancer,1,suzhou suncadia,suzhou suncadia
NCT04172051,The Effects of a Life Coaching Seminar on Gratitude and Psychological Well-Being,Applied Science & Performance Institute,INDUSTRY,Stanford University,1,,INTERVENTIONAL,45.0,2019-11-25,COMPLETED,"Psychological; Depression, Anxiety; Psychological Stress; Mental Health Wellness 1; Mental Stress; Mental Depression",3,applied science and performance institute,applied science and performance institute
NCT00426751,Efficacy Of Eptifibatide Compared To Abciximab In Primary Percutaneous Coronary Intervention (PCI) For Acute ST Elevation Myocardial Infarction (STEMI),GlaxoSmithKline,INDUSTRY,,0,PHASE3,INTERVENTIONAL,429.0,2006-10,COMPLETED,"Infarction, Myocardial",24,gsk,gsk
NCT03392051,Drug-drug Interaction Study to Evaluate the Effect of ISIS 681257 on Clopidogrel,Akcea Therapeutics,INDUSTRY,,0,PHASE1,INTERVENTIONAL,18.0,2017-12-28,COMPLETED,Elevated Lipoprotein(a); Cardiovascular Diseases,1,akcea,akcea
NCT07358351,Feasibility of Robotic Instrument Guidance System to Perform Safe Ultrasound-Guided Percutaneous Procedures During Routine Medical Procedures.,"Mendaera, Inc",INDUSTRY,CBCC Global Research LLP,1,,OBSERVATIONAL,46.0,2025-12-03,ACTIVE_NOT_RECRUITING,Percutaneous Access,1,mendaera,mendaera
NCT05945329,Study of GalaFLEX LITE™ Scaffold in Treatment of Capsular Contracture After Breast Implant Augmentation,C. R. Bard,INDUSTRY,,0,,INTERVENTIONAL,250.0,2024-12-12,RECRUITING,Capsular Contracture Associated With Breast Implant; Capsular Contracture Grade III; Capsular Contracture Grade IV,34,c r bard,c r bard
NCT01006629,Palivizumab for Prevention of Severe Respiratory Syncytial Virus Infection in Russian Children,Abbott,INDUSTRY,,0,PHASE2; PHASE3,INTERVENTIONAL,100.0,2009-11,COMPLETED,Respiratory Syncytial Virus Infection; Premature Birth; Bronchopulmonary Dysplasia; Congenital Heart Disease,19,abbott,abbott
NCT07367529,A Clinical Trial on the Efficacy and Safety of TQB6411 for Injection,"Chia Tai Tianqing Pharmaceutical Group Co., Ltd.",INDUSTRY,,0,PHASE1; PHASE2,INTERVENTIONAL,465.0,2026-02-26,RECRUITING,Advanced Lung Cancer,38,chia tai tianqing,chia tai tianqing
NCT01699529,Multi-electrode Radiofrequency Renal Denervation System Feasibility Study,Medtronic Vascular,INDUSTRY,,0,,INTERVENTIONAL,50.0,2012-09,COMPLETED,Uncontrolled Hypertension,4,medtronic vascular,medtronic vascular
NCT00988429,Efficacy and Safety of Eslicarbazepine Acetate (BIA 2-093) as Adjunctive Therapy for Refractory Partial Seizures,Bial - Portela C S.A.,INDUSTRY,"Sumitomo Pharma America, Inc.",1,PHASE3,INTERVENTIONAL,653.0,2008-12-02,COMPLETED,Partial Epilepsy,162,bial portela c s a,bial portela c s a
NCT03751631,Safety and Efficacy of Phenylephrine 2.5%-Tropicamide 1% Microdose Ophthalmic Solution for Pupil Dilation,Eyenovia Inc.,INDUSTRY,,0,PHASE3,INTERVENTIONAL,70.0,2018-11-15,COMPLETED,Mydriasis,1,eyenovia,eyenovia
NCT05171231,"Performance and Safety of the Surgical Hemostatic Agent ""HEMOCOLLAGENE®"" in Patients Requiring Oral Surgery",Septodont,INDUSTRY,Symatese; Recherche Clinique en Odontologie (ReCOL); EndoData,3,,OBSERVATIONAL,125.0,2021-11-03,COMPLETED,Oral Hemorrhage,10,septodont,septodont
NCT01584531,"Efficacy and Safety of Oral Rigosertib in Transfusion-dependent, Low or Int-1 or Trisomy 8 Int-2 Myelodysplastic Syndrome","Traws Pharma, Inc.",INDUSTRY,,0,PHASE2,INTERVENTIONAL,82.0,2012-05,COMPLETED,Myelodysplastic Syndrome; MDS; Trisomy 8,5,traws,traws
NCT07486102,A Study to Test How BI 3000202 is Taken up in the Blood of People With and Without Liver Problems,Boehringer Ingelheim,INDUSTRY,,0,PHASE1,INTERVENTIONAL,44.0,2026-05-01,RECRUITING,Healthy; Hepatic Impairment,1,boehringer,boehringer
NCT06481202,A Safety and Pharmacokinetic Study of Complarate (Tocilizumab Biosimilar) and Actemra® in Healthy Volunteers,AO GENERIUM,INDUSTRY,,0,PHASE1,INTERVENTIONAL,43.0,2022-04-11,COMPLETED,Healthy Volunteers,2,ao generium,ao generium
NCT00128102,"Suberoylanilide Hydroxamic Acid (Vorinostat, MK-0683) Versus Placebo in Advanced Malignant Pleural Mesothelioma (MK-0683-014)",Merck Sharp & Dohme LLC,INDUSTRY,,0,PHASE3,INTERVENTIONAL,661.0,2005-06-30,COMPLETED,Mesothelioma; Lung Cancer,0,merck,merck
NCT03300453,Intracerebral Gene Therapy in Children With Sanfilippo Type B Syndrome,UniQure Biopharma B.V.,INDUSTRY,Venn Life Sciences; Institut Pasteur,2,PHASE1; PHASE2,INTERVENTIONAL,4.0,2013-09-17,COMPLETED,Sanfilippo Syndrome B,1,uniqure biopharma b v,uniqure biopharma b v
NCT03439553,Estimating the Short-term Effectiveness of Online Advertisements for Improving Health,Microsoft Research,INDUSTRY,"Schneider Children's Medical Center, Israel; Interdisciplinary Center Herzliya",2,,INTERVENTIONAL,2000000.0,2015-04-16,COMPLETED,Anorexia; Obesity; Smoking Cessation,1,microsoft,microsoft
NCT00874653,Survey on Patient Satisfaction Rate for Mirena Use in Heavy Menstrual Bleeding,Bayer,INDUSTRY,,0,,OBSERVATIONAL,78.0,2008-04,COMPLETED,Menorrhagia,1,bayer,bayer
NCT04162353,BCMA-CD19 cCAR in Multiple Myeloma and Plasmacytoid Lymphoma,iCell Gene Therapeutics,INDUSTRY,iCAR Bio Therapeutics Ltd.; Peking University Shenzhen Hospital,2,PHASE1,INTERVENTIONAL,12.0,2019-07-01,RECRUITING,Multiple Myeloma in Relapse; Refractory Multiple Myeloma; Plasmacytoid; Lymphoma,2,icell gene,icell gene
NCT00658437,CY503 for the Treatment of Malignant Melanoma Stage IV After Failure of Prior Therapy,Cytavis Biopharma GmbH,INDUSTRY,,0,PHASE2,INTERVENTIONAL,31.0,2008-04,COMPLETED,Melanoma,4,cytavis,cytavis
NCT02954237,AMPLATZER™ Cardiac Plug Observational Post-Approval Study,Abbott Medical Devices,INDUSTRY,,0,,OBSERVATIONAL,91.0,2016-11-14,COMPLETED,Non-valvular Atrial Fibrillation (NVAF),6,abbott medical devices,abbott medical devices
NCT01502137,Pharmacokinetics of Somatropin in Patients With End Stage Renal Disease Receiving Chronic Haemodialysis,Novo Nordisk A/S,INDUSTRY,,0,PHASE1,INTERVENTIONAL,21.0,2005-06,COMPLETED,Chronic Kidney Disease; End-Stage Renal Disease; Healthy,1,novo nordisk,novo nordisk
NCT00425737,"Assess Efficacy, Immune Response & Safety of 2 Doses of Oral Live Attenuated HRV Vaccine in Healthy Infants",GlaxoSmithKline,INDUSTRY,,0,PHASE2,INTERVENTIONAL,405.0,2000-08,COMPLETED,"Infections, Rotavirus",0,gsk,gsk
NCT05876845,"A Clinical Trial to Assess the Effect of a Combined Pre-, Pro-, and Post-biotic Supplement on Gut and Metabolic Health",Beekeeper's Naturals Inc,INDUSTRY,,0,,INTERVENTIONAL,38.0,2023-02-09,COMPLETED,Gut Health,1,beekeeper s naturals,beekeeper s naturals
NCT06066645,Travoprost Intraocular Implant + iStent Infinite,Glaukos Corporation,INDUSTRY,,0,PHASE4,INTERVENTIONAL,150.0,2023-09-14,RECRUITING,"Glaucoma, Open-Angle",1,glaukos,glaukos
NCT01770145,Apokyn for Motor IMProvement of Morning AKinesia Trial (AM IMPAKT),"MDD US Operations, LLC a subsidiary of Supernus Pharmaceuticals",INDUSTRY,,0,PHASE4,INTERVENTIONAL,127.0,2012-12,COMPLETED,Parkinson's Disease; Motor Symptoms; Akinesia; Hypomobility; Delayed Levodopa Onset,12,mdd us operations llc a subsidiary of supernus,mdd us operations llc a subsidiary of supernus
NCT01048372,Observational Study of Blood Treated With Cytolin,"CytoDyn, Inc.",INDUSTRY,,0,,OBSERVATIONAL,20.0,2010-01,COMPLETED,HIV Infections,1,cytodyn,cytodyn
NCT02053272,A Study of GWP42004 as Add on to Metformin in the Treatment of Participants With Type 2 Diabetes,Jazz Pharmaceuticals,INDUSTRY,,0,PHASE2,INTERVENTIONAL,207.0,2014-02,COMPLETED,"Diabetes Mellitus, Type 2",25,jazz,jazz
NCT00497172,Diabetes Drug Eluting Sirolimus Stent Experience in Restenosis Trial,Cordis US Corp.,INDUSTRY,,0,PHASE4,INTERVENTIONAL,150.0,2004-01,COMPLETED,Coronary Artery Disease,1,cordis us,cordis us
NCT02472795,"Clinical Study to Investigate the Biological Activity, Safety, Tolerability, and Pharmacokinetics of ACT-334441 in Subjects With Systemic Lupus Erythematosus",Viatris Innovation GmbH,INDUSTRY,,0,PHASE1; PHASE2,INTERVENTIONAL,105.0,2015-06-01,COMPLETED,Systemic Lupus Erythematosus,18,viatris innovation,viatris innovation
NCT00347295,"Randomised, Double-blind Study to Investigate the Safety and Efficacy of Brotizolam in Insomnia Outpatients.",Boehringer Ingelheim,INDUSTRY,,0,PHASE3,INTERVENTIONAL,253.0,2006-06,COMPLETED,Sleep Initiation and Maintenance Disorders,8,boehringer,boehringer
NCT00436839,Taxotere Prostate Cancer New Indication Registration Trial in China,Sanofi,INDUSTRY,,0,PHASE3,INTERVENTIONAL,228.0,2007-01,COMPLETED,Prostatic Neoplasms,1,sanofi,sanofi
NCT03783039,The SURGICEL® Powder Mild or Moderate Parenchymal or Soft Tissue Intraoperative Bleeding (China Study),"Ethicon, LLC",INDUSTRY,,0,,INTERVENTIONAL,234.0,2019-01-15,COMPLETED,Hemorrhage,6,ethicon,ethicon
NCT04447339,Open Nipple Sparing Mastectomy (NSM),Intuitive Surgical,INDUSTRY,,0,,OBSERVATIONAL,75.0,2020-09-21,ACTIVE_NOT_RECRUITING,Nipple Sparing Mastectomy,5,intuitive surgical,intuitive surgical
NCT04227977,Volume Optimization Incorporating Negative Pressure Diuresis in Heart Failure (VOID-HF),3ive Labs,INDUSTRY,,0,,INTERVENTIONAL,8.0,2020-06-12,COMPLETED,Cardiorenal Syndrome,4,3ive,3ive
NCT03763877,A Study of the Efficacy and Safety of PXL770 Versus Placebo After 12 Weeks of Treatment in Patients With NAFLD,Poxel SA,INDUSTRY,,0,PHASE2,INTERVENTIONAL,121.0,2019-03-29,COMPLETED,Nonalcoholic Fatty Liver,15,poxel,poxel
NCT06664775,A Study to Compare the Efficacy and Safety of TachoSil and Surgicel Original as an Adjunct to Control Mild to Moderate Soft Tissue Bleeding During Surgery,Corza Medical GmbH,INDUSTRY,,0,PHASE3,INTERVENTIONAL,116.0,2025-04-02,RECRUITING,Hemorrhage,9,corza,corza
NCT02629575,Coroflex ISAR 2000 Registry,B. Braun Melsungen AG,INDUSTRY,"Charite University, Berlin, Germany",1,,OBSERVATIONAL,2877.0,2014-01,COMPLETED,Coronary Artery Disease (CAD),3,b braun melsungen,b braun melsungen
NCT07021157,"A Study to Evaluate the Safety, Tolerability and PK of SK-08",Consun Pharmaceutical Group,INDUSTRY,,0,PHASE1,INTERVENTIONAL,48.0,2025-03-09,RECRUITING,Chronic Kidney Disease(CKD),1,consun,consun
NCT01173757,To Evaluate The Relationship Between Plasma Drug Levels And Receptor Binding In Brain Using PET (Positron Emission Tomography) In Healthy Volunteers,Pfizer,INDUSTRY,,0,PHASE1,INTERVENTIONAL,8.0,2010-08,COMPLETED,Healthy,3,pfizer,pfizer
NCT02130557,"A Multicenter Phase 3, Open-Label Study of Bosutinib Versus Imatinib in Adult Patients With Newly Diagnosed Chronic Phase Chronic Myelogenous Leukemia",Pfizer,INDUSTRY,,0,PHASE3,INTERVENTIONAL,536.0,2014-07-15,COMPLETED,"Leukemia, Myelogenous, Chronic, Breakpoint Cluster Region-Abelson Proto-oncogene (BCR-ABL) Positive",189,pfizer,pfizer
NCT03745001,"To Evaluate the Safety and Tolerability, Pharmacokinetics, Food-effect and Pharmacodynamics of EHP-101 in Healthy Volunteers",Emerald Health Pharmaceuticals,INDUSTRY,,0,PHASE1,INTERVENTIONAL,104.0,2018-09-14,COMPLETED,Healthy,1,emerald,emerald
NCT04794101,Follow-up Gene Therapy Trial for the Treatment of X-linked Retinitis Pigmentosa Associated With Variants in the RPGR Gene,"Janssen Research & Development, LLC",INDUSTRY,,0,PHASE3,INTERVENTIONAL,97.0,2020-12-04,ACTIVE_NOT_RECRUITING,X-Linked Retinitis Pigmentosa,28,janssen research and,janssen research and
NCT02387801,A Study of the Early Activity of Ixekizumab (LY2439821) in Moderate-to-Severe Psoriasis,Eli Lilly and Company,INDUSTRY,,0,PHASE3,INTERVENTIONAL,12.0,2015-04,COMPLETED,Psoriasis,1,eli lilly,eli lilly
NCT00081601,Study of CEP-701 in Treatment of Prostate Cancer,Cephalon,INDUSTRY,,0,PHASE2,INTERVENTIONAL,30.0,2004-03,COMPLETED,Prostate Cancer,1,cephalon,cephalon
NCT06547801,Effects of Human Milk Oligosaccharide Ingestion on Weight Loss and Markers of Health,Advanced Protein Technologies Corporation,INDUSTRY,,0,,INTERVENTIONAL,60.0,2023-05-04,COMPLETED,Weight Loss,1,advanced protein,advanced protein
NCT07610512,Immunomodulatory Effect of Probiotics on the Immunogenicity of Anti-SARS-CoV-2 Vaccines,Grape King Bio Ltd.,INDUSTRY,Taipei Medical University Hospital,1,,INTERVENTIONAL,138.0,2021-10-13,COMPLETED,COVID-19; Immune Response,1,grape king bio,grape king bio
NCT07679412,Evaluation of Safety and Efficacy of Autologous LB-DTK-CMV in Patients With Antiviral-Resistant and Refractory Cytomegalovirus Retinitis.,LucasBio,INDUSTRY,,0,,INTERVENTIONAL,5.0,2026-04-27,RECRUITING,CMV Retinitis,1,lucasbio,lucasbio
NCT06618612,A Study to Evaluate the Efficacy of a Purified Native Type 1 Collagen Extracellular Matrix With Polyhexamethylene Biguanide Antimicrobial (PCMP) and Standard of Care Versus Standard of Care Alone in the Management of Nonhealing Diabetic Foot Ulcers,Organogenesis,INDUSTRY,Serena Group,1,,INTERVENTIONAL,170.0,2024-08-19,RECRUITING,Diabetic Foot Ulcer,1,organogenesis,organogenesis
NCT01358981,A Study of LY2881835 in Healthy People and People With Diabetes,Eli Lilly and Company,INDUSTRY,,0,PHASE1,INTERVENTIONAL,18.0,2011-05-24,COMPLETED,"Diabetes Mellitus, Type 2",1,eli lilly,eli lilly
NCT02746081,Phase I Study of BAY1436032 in IDH1-mutant Advanced Solid Tumors,Bayer,INDUSTRY,,0,PHASE1,INTERVENTIONAL,81.0,2016-05-26,COMPLETED,Solid Tumors,13,bayer,bayer
NCT07743281,A Study of Treatment Patterns and Annualized Relapse Rate in Multiple Sclerosis Patients Who Escalate Versus Continue Disease-Modifying Therapies Following Relapse,Novartis Pharmaceuticals,INDUSTRY,,0,,OBSERVATIONAL,753.0,2025-03-10,COMPLETED,Multiple Sclerosis,1,novartis,novartis
NCT01269281,Bioequivalence Study of Sumatriptan Succinate Tablets 100 mg in Fed Conditions,Dr. Reddy's Laboratories Limited,INDUSTRY,,0,PHASE1,INTERVENTIONAL,50.0,2005-07,COMPLETED,Healthy,1,dr reddy s,dr reddy s
NCT02171819,Influenza A/H5N1 Vaccine Clinical Trial (IVACFLU-A/H5N1) - Phase 1,"Institute of Vaccines and Medical Biologicals, Vietnam",INDUSTRY,Department of Health and Human Services; World Health Organization; Institut Pasteur; PATH,4,PHASE1,INTERVENTIONAL,75.0,2014-06,COMPLETED,Influenza A Subtype H5N1 Infection,1,institute of vaccines and medical biologicals vietnam,institute of vaccines and medical biologicals vietnam
NCT07533019,A Study of LY4005130 in Adult Participants With Non-Segmental Vitiligo,Eli Lilly and Company,INDUSTRY,,0,PHASE2,INTERVENTIONAL,66.0,2026-04-14,RECRUITING,Vitiligo; Non-Segmental Vitiligo (NSV),35,eli lilly,eli lilly
NCT05372419,A Study of (LY3650150) Lebrikizumab to Assess the Safety and Efficacy of Adult and Adolescent Participants With Moderate-to-Severe Atopic Dermatitis and Skin of Color,Eli Lilly and Company,INDUSTRY,,0,PHASE3,INTERVENTIONAL,90.0,2023-01-12,COMPLETED,Atopic Dermatitis,36,eli lilly,eli lilly
NCT00291330,Efficacy and Safety of Dabigatran Compared to Warfarin for 6 Month Treatment of Acute Symptomatic Venous Thromboembolism,Boehringer Ingelheim,INDUSTRY,,0,PHASE3,INTERVENTIONAL,2564.0,2006-02,COMPLETED,Thromboembolism,250,boehringer,boehringer
NCT02719028,Trial of Antroquinonol in Patients With Hypercholesterolemia and Hyperlipidemia,Golden Biotechnology Corporation,INDUSTRY,,0,PHASE2,INTERVENTIONAL,120.0,2016-05,COMPLETED,Hyperlipidemias,6,golden biotechnology,golden biotechnology
NCT07395128,Lateral Plantar Artery Embolization For Plantar Fasciitis,Joint & Vascular Institute,INDUSTRY,,0,PHASE1,INTERVENTIONAL,10.0,2025-12-20,RECRUITING,"Plantar Fasciitis, Chronic; Plantar Fasciitis",1,joint and vascular institute,joint and vascular institute
NCT05359328,RDS MultiSense® SpO2 Validation Study,Rhythm Diagnostic Systems,INDUSTRY,,0,,INTERVENTIONAL,10.0,2022-04-26,COMPLETED,Hypoxia,1,rhythm diagnostic systems,rhythm diagnostic systems
NCT03222128,PARTNER II Trial: Placement of AoRTic TraNscathetER Valves II - S3 Intermediate,Edwards Lifesciences,INDUSTRY,,0,,INTERVENTIONAL,1074.0,2014-02-17,COMPLETED,Symptomatic Severe Aortic Stenosis,51,edwards lifesciences,edwards lifesciences
NCT05360628,Evaluation of PK and Safety of D-0120 and Allopurinol,"InventisBio Co., Ltd",INDUSTRY,,0,EARLY_PHASE1,INTERVENTIONAL,20.0,2021-11-01,COMPLETED,Healthy,1,inventisbio,inventisbio
NCT03772665,Safety and Efficacy of Emixustat in Stargardt Disease,Kubota Vision Inc.,INDUSTRY,Food and Drug Administration (FDA),1,PHASE3,INTERVENTIONAL,194.0,2019-01-07,COMPLETED,Stargardt Disease,29,kubota vision,kubota vision
NCT02145065,"First-in-man Evaluation of a Novel, Microcrystalline Paclitaxel Coated Balloon for Treatment of Femoropopliteal Artery Disease (PAX-r)",Balton Sp.zo.o.,INDUSTRY,American Heart of Poland,1,,INTERVENTIONAL,66.0,2014-09,COMPLETED,Peripheral Artery Disease; Femoropopliteal Artery Disease,1,balton sp zo o,balton sp zo o
NCT02896465,Human Milk Oligosaccharides and Childhood Diarrhoea,Société des Produits Nestlé (SPN),INDUSTRY,,0,,INTERVENTIONAL,435.0,2016-06,COMPLETED,Acute Diarrhea,1,société des produits nestlé spn,société des produits nestlé spn
NCT07066267,Adipose Stem Cell Mitochondria Supplementation to Oocytes (ASCENT),Sunkaky Medical Cooperation,INDUSTRY,Wish Fertility Hospital Pvt. Ltd,1,,INTERVENTIONAL,20.0,2025-04-25,RECRUITING,Female Infertility; Oocyte Competence; Mitochondria; Recurent Implantation Failures; Advanced Age,1,sunkaky medical cooperation,sunkaky medical cooperation
NCT07399067,A Proof-of-Concept Study of IBI3002 in Patients With Moderate to Severe Atopic Dermatitis,Innovent Biologics (Suzhou) Co. Ltd.,INDUSTRY,,0,PHASE2,INTERVENTIONAL,120.0,2026-02-06,RECRUITING,Atopic Dermatitis,1,innovent biologics suzhou,innovent biologics suzhou
NCT02030600,"A Trial Comparing the Safety and Efficacy of Insulin Degludec and Insulin Glargine, With or Without OADs in Subjects With Type 2 Diabetes",Novo Nordisk A/S,INDUSTRY,,0,PHASE3,INTERVENTIONAL,721.0,2014-01-06,COMPLETED,"Diabetes; Diabetes Mellitus, Type 2",166,novo nordisk,novo nordisk
NCT01984307,"A Retrospective Swedish Cohort Study on Health Outcomes, Life Expectancy, Resource Use and Costs in Patients With a History of Myocardial Infarction and Additional Risk Factors for Atherothrombosis",AstraZeneca,INDUSTRY,,0,,OBSERVATIONAL,100000.0,2013-08,COMPLETED,Acute Coronary Syndrome,1,astrazeneca,astrazeneca
NCT01050907,Miltefosine to Treat Mucocutaneous Leishmaniasis,Knight Therapeutics (USA) Inc,INDUSTRY,,0,PHASE2,INTERVENTIONAL,4.0,2010-05,COMPLETED,Mucosal Leishmaniasis; Cutaneous Leishmaniasis,2,knight,knight
NCT02556307,A Study of the Effectiveness of Peginterferon Alfa-2a (Pegasys) and Ribavirin Treatment in Slovenian Hepatitis C (HCV) Patients,Hoffmann-La Roche,INDUSTRY,,0,,OBSERVATIONAL,270.0,2009-03,COMPLETED,"Hepatitis C, Chronic",4,roche,roche
NCT05558007,Safety and Efficacy Evaluation of BZ371A Topically Applied on Prostatectomized Patients,Biozeus Biopharmaceutical S.A.,INDUSTRY,,0,PHASE2,INTERVENTIONAL,72.0,2023-11-22,RECRUITING,Erectile Dysfunction Following Radical Prostatectomy; Erectile Dysfunction; Prostate Cancer; Radical Prostatectomy,1,biozeus biopharmaceutical s a,biozeus biopharmaceutical s a
NCT07030907,A Study to Evaluate the Safety and Efficacy of OPB-101 in Platinum-resistant Ovarian Cancer,"Outpace Bio, Inc.",INDUSTRY,,0,PHASE1,INTERVENTIONAL,30.0,2025-06-16,RECRUITING,Ovarian Cancer Recurrent; Ovarian Cancer; Platinum Resistant Ovarian Cancer,4,outpace bio,outpace bio
NCT01468207,Efficacy and Safety Study of Adalimumab in Treatment of Hidradenitis Suppurativa,"AbbVie (prior sponsor, Abbott)",INDUSTRY,,0,PHASE3,INTERVENTIONAL,307.0,2011-11,COMPLETED,Hidradenitis Suppurativa (HS),0,abbvie prior sponsor abbott,abbvie prior sponsor abbott
NCT01414192,A Study to Design a Model Cohort for Analysis of Dyslipidemia (MK-0653A-204),Organon and Co,INDUSTRY,,0,,OBSERVATIONAL,3215.0,2008-11-15,COMPLETED,Dyslipidemia; Hypercholesterolemia,0,organon and,organon and
NCT00723892,Adherence in Patients Receiving PegIntron/Rebetol for Hepatitis C in Conjunction With a Psychotherapy Support Program (Study P04252),Merck Sharp & Dohme LLC,INDUSTRY,,0,,OBSERVATIONAL,614.0,2005-07,COMPLETED,"Hepatitis C, Chronic; Hepacivirus",0,merck,merck
NCT05020236,A Study to Learn About the Study Medicine Elranatamab Alone and With Daratumumab in People With Multiple Myeloma Who Have Received Other Treatments,Pfizer,INDUSTRY,,0,PHASE3,INTERVENTIONAL,893.0,2021-10-04,RECRUITING,Multiple Myeloma,237,pfizer,pfizer
NCT00215436,A Trial to Evaluate the Efficacy and Safety of Formoterol Fumarate in the Treatment of Patients With COPD,Dey,INDUSTRY,,0,PHASE3,INTERVENTIONAL,345.0,2005-03,COMPLETED,COPD,44,dey,dey
NCT03763136,Treating Heart Failure With hPSC-CMs,"HELP Therapeutics Co., Ltd.",INDUSTRY,The Affiliated Nanjing Drum Tower Hospital of Nanjing University Medical School,1,PHASE1; PHASE2,INTERVENTIONAL,20.0,2021-10-08,COMPLETED,Heart Failure,1,help,help
NCT05022771,"A First in Human Study to Evaluate the Safety, Tolerability, Pharmacokinetics and Immunogenicity of PMG1015",Pulmongene Ltd.,INDUSTRY,,0,PHASE1,INTERVENTIONAL,54.0,2021-10-14,COMPLETED,Idiopathic Pulmonary Fibrosis,1,pulmongene,pulmongene
NCT05535244,A Study Evaluating the Efficacy and Safety of Cevostamab in Prior B Cell Maturation Antigen (BCMA)-Exposed Participants With Relapsed/Refractory Multiple Myeloma,Hoffmann-La Roche,INDUSTRY,,0,PHASE1; PHASE2,INTERVENTIONAL,90.0,2022-10-17,ACTIVE_NOT_RECRUITING,Multiple Myeloma,27,roche,roche
NCT06608134,Safety and Feasibility of Umbilical Cord Wharton's Jelly Allograft Injections for Knee Osteoarthritis,R3 Medical Research,INDUSTRY,,0,EARLY_PHASE1,INTERVENTIONAL,120.0,2024-10-01,RECRUITING,"Osteoarthritis, Knee",5,r3 medical,r3 medical
NCT02536534,Electronic Activity Level Monitoring Pilot in Pulmonary Hypertension,Bayer,INDUSTRY,,0,,OBSERVATIONAL,35.0,2015-06-30,COMPLETED,"Hypertension, Pulmonary",1,bayer,bayer
NCT00643734,"A Multicenter, Randomized, Double-Blind, Double-Dummy Trial of Azithromycin SR Compared With Levofloxacin for the Treatment of Mild to Moderate Pneumonia in Adult Patients",Pfizer,INDUSTRY,,0,PHASE3,INTERVENTIONAL,468.0,2003-04,COMPLETED,Pneumonia,65,pfizer,pfizer
NCT01080534,Bioequivalence Study of Tacrolimus 5 mg Capsule Under Fed Condition,Panacea Biotec Ltd,INDUSTRY,,0,,INTERVENTIONAL,36.0,2007-09,COMPLETED,Healthy Volunteers,1,panacea biotec,panacea biotec
NCT07440134,Visual and Postural Behavior in Myopic and Non-Myopic Teenagers,Essilor International,INDUSTRY,,0,,INTERVENTIONAL,100.0,2026-04-03,RECRUITING,Teenagers; Myopia,1,essilor,essilor
NCT00717834,Safety and Immunogenicity Study of a Ross River Virus (RRV) Vaccine,"Alachua Government Services, Inc.",INDUSTRY,,0,PHASE1; PHASE2,INTERVENTIONAL,400.0,2008-06,COMPLETED,Ross River Virus Disease (RRVD),10,alachua government services,alachua government services
NCT00747734,A Study of MNRP1685A in Patients With Locally Advanced or Metastatic Solid Tumors,"Genentech, Inc.",INDUSTRY,,0,PHASE1,INTERVENTIONAL,35.0,2008-09,COMPLETED,Solid Cancers,0,roche,roche
NCT05622864,Study on Single and Multiple Atomization Inhalation of HRS-9821 Suspension for Inhalation in Healthy Subjects and COPD Patients,"Guangdong Hengrui Pharmaceutical Co., Ltd",INDUSTRY,,0,PHASE1,INTERVENTIONAL,106.0,2023-01-12,COMPLETED,Chronic Obstructive Pulmonary Disease,1,guangdong hengrui,guangdong hengrui
NCT06344364,Digital Pathology and AI for Liver Outcomes in MASLD,"PharmaNest, Inc",INDUSTRY,Chinese University of Hong Kong; University of Seville; Fundacio Clinic Barcelona; Sorbonne University,4,,OBSERVATIONAL,1241.0,2025-09-01,COMPLETED,Metabolic Dysfunction-associated Steatotic Liver Disease,3,pharmanest,pharmanest
NCT00650364,Fasting Study of Midodrine HCl Tablets 5 mg and ProAmatine® Tablets 5 mg,Mylan Pharmaceuticals Inc,INDUSTRY,,0,PHASE1,INTERVENTIONAL,38.0,2002-08,COMPLETED,Healthy,1,mylan,mylan
NCT00002009,A Phase I/II Study of Recombinant Human GM-CSF in Patients With AIDS Virus Infection and Leukopenia,Sandoz,INDUSTRY,,0,PHASE1,INTERVENTIONAL,,,COMPLETED,HIV Infections; Cytopenias,2,sandoz,sandoz
NCT00557609,Phase 2 Study in Patients With MiT Tumors,"ArQule, Inc., a subsidiary of Merck Sharp & Dohme LLC, a subsidiary of Merck & Co., Inc. (Rahway, NJ USA)",INDUSTRY,,0,PHASE2,INTERVENTIONAL,47.0,2007-10,COMPLETED,Renal Cell Carcinoma (RCC); Alveolar Soft Part Sarcoma (ASPS); Clear Cell Sarcoma (CCS),9,arqule inc a subsidiary of merck sharp and dohme llc a subsidiary of merck and co inc rahway nj,arqule inc a subsidiary of merck sharp and dohme llc a subsidiary of merck and co inc rahway nj
NCT02435173,Study of Efficacy of CDZ173 in Patients With APDS/PASLI,Novartis Pharmaceuticals,INDUSTRY,,0,PHASE2; PHASE3,INTERVENTIONAL,37.0,2015-08-24,COMPLETED,"Common Variable Immunodeficiency (CVID), APDS / PASLI",10,novartis,novartis
NCT00444769,Dental Pain 3rd Molar Tooth Extraction GW842166,GlaxoSmithKline,INDUSTRY,,0,PHASE2,INTERVENTIONAL,112.0,2006-10,COMPLETED,Pain,3,gsk,gsk
NCT07290569,Dose Ranging Study of ORKA-001 in Patients With Moderate-to-Severe Plaque Psoriasis,"Oruka Therapeutics, Inc.",INDUSTRY,,0,PHASE2,INTERVENTIONAL,160.0,2025-12-03,ACTIVE_NOT_RECRUITING,Plaque Psoriasis,36,oruka,oruka
NCT00356369,Study in Adolescents/Adults to Evaluate Non-inferiority&Persistence up to 5 Years of GSK Bio MenACWY Conjugate Vaccine,GlaxoSmithKline,INDUSTRY,,0,PHASE2,INTERVENTIONAL,500.0,2006-12-23,COMPLETED,"Infections, Meningococcal",3,gsk,gsk
NCT05129969,Registry Platform Ovarian and Endometrial Cancer,iOMEDICO AG,INDUSTRY,,0,,OBSERVATIONAL,1975.0,2021-11-25,RECRUITING,"Ovarian Cancer; Endometrial Cancer; Ovary Neoplasm; Endometrial Neoplasms; Carcinoma, Ovarian; Carcinoma; Neoplasm, Ovarian",1,iomedico,iomedico
NCT06584669,Investigation of Krill Oil in Women with Premenstrual Syndrome,Aker BioMarine Human Ingredients AS,INDUSTRY,BioTeSys GmbH,1,,INTERVENTIONAL,179.0,2012-02-23,COMPLETED,Premenstrual Syndrome,1,aker biomarine human ingredients,aker biomarine human ingredients
NCT01728883,Diabetic Retinopathy And the Myvisiontrack® (DRAMA) Study,Vital Art and Science Incorporated,INDUSTRY,National Eye Institute (NEI); Retina Foundation of the Southwest; University of Texas Southwestern Medical Center; Texas Retina Associates,4,,OBSERVATIONAL,60.0,2013-04,COMPLETED,Diabetic Retinopathy; Diabetic Macular Edema,2,vital art and science incorporated,vital art and science incorporated
NCT02284854,Pharmacokinetic Interaction Study Between Eslicarbazepine Acetate and Carbamazepine,Bial - Portela C S.A.,INDUSTRY,,0,PHASE1,INTERVENTIONAL,43.0,2009-07,COMPLETED,Epilepsy,0,bial portela c s a,bial portela c s a
NCT01805154,Advance Cardiac Resynchronization Therapy (CRT) Registry,Abbott Medical Devices,INDUSTRY,,0,,OBSERVATIONAL,1529.0,2013-01,COMPLETED,Heart Failure,69,abbott medical devices,abbott medical devices
NCT02253654,Evaluation of Two Epoetin Alfa Dosing Strategies in Subjects With Chronic Kidney Disease Receiving Hemodialysis,Amgen,INDUSTRY,,0,PHASE4,INTERVENTIONAL,216.0,2015-04-01,COMPLETED,"Renal Insufficiency, Chronic; Anemia; Renal Dialysis; Erythrocyte Transfusion",37,amgen,amgen
NCT00034905,A Comparison of Seroquel vs. Risperidone in Schizophrenia,AstraZeneca,INDUSTRY,,0,PHASE4,INTERVENTIONAL,,2001-07,COMPLETED,Schizophrenia,64,astrazeneca,astrazeneca
NCT05459454,A Digital Solution for Breast Cancer Patients,Sidekick Health,INDUSTRY,Landspitali University Hospital; Ljósið Cancer Rehabilitation Center,2,,INTERVENTIONAL,64.0,2022-07-15,COMPLETED,Breast Cancer,2,sidekick,sidekick
NCT00583154,A Pilot Efficacy Evaluation of BLI-801 as a Laxative in Constipated Adults,Braintree Laboratories,INDUSTRY,,0,PHASE2,INTERVENTIONAL,60.0,2007-10,COMPLETED,Constipation,3,braintree,braintree
NCT03541005,Evaluation of Obex® in Overweight and Obesity,Catalysis SL,INDUSTRY,,0,PHASE3,INTERVENTIONAL,160.0,2018-10-01,COMPLETED,Overweight and Obesity,1,catalysis sl,catalysis sl
NCT00991705,A Study to Evaluate the Effect of Atorvastatin on the Pharmacokinetics of Fimasartan in Healthy Male Volunteers,"Boryung Pharmaceutical Co., Ltd",INDUSTRY,,0,PHASE1,INTERVENTIONAL,28.0,2009-07,COMPLETED,Essential Hypertension,0,boryung,boryung
NCT07227194,Machine Learning Assessment of Next-Day Migraine Likelihood,Theranica,INDUSTRY,WCG IRB,1,,OBSERVATIONAL,53065.0,2025-02-07,COMPLETED,Migraine,1,theranica,theranica
NCT06952894,Feasibility of RUS Lung in MITS,Hutom Corp,INDUSTRY,Severance Hospital; Ajou University School of Medicine,2,,INTERVENTIONAL,34.0,2025-05-12,COMPLETED,Lung Cancer,1,hutom,hutom
NCT02650505,A Clinical Study to Evaluate the Sensitizing Potential of LEO 43204 Gel,LEO Pharma,INDUSTRY,,0,PHASE1,INTERVENTIONAL,233.0,2016-02,COMPLETED,Actinic Keratosis,1,leo pharma,leo pharma
NCT01931956,Real World Expanded Multicenter Study of the MitraClip® System (REALISM),Abbott Medical Devices,INDUSTRY,,0,,INTERVENTIONAL,965.0,2009-01-22,COMPLETED,Mitral Valve Insufficiency; Mitral Valve Regurgitation; Mitral Valve Incompetence; Mitral Regurgitation; Mitral Insufficiency,38,abbott medical devices,abbott medical devices
NCT01757756,"Multiple Dose Safety Toelrability, Pharmacokinetics and Midazolam Interaction In Healthy Overweight And Obese Subjects",Pfizer,INDUSTRY,,0,PHASE1,INTERVENTIONAL,12.0,2012-10,COMPLETED,"Diabetes Mellitus; Diabetes Mellitus, Type 2; Glucose Metabolism Disorders",1,pfizer,pfizer
NCT00647556,Adapalene Gel 0.3% Versus Tretinoin 0.05% Emollient Cream for Treatment of Photodamage,Galderma R&D,INDUSTRY,,0,PHASE3,INTERVENTIONAL,30.0,2008-04,COMPLETED,Photoaging,1,galderma r and d,galderma r and d
NCT05185622,A Study to Assess Vamorolone in Boys Ages 2 to <4 Years and 7 to <18 Years With Duchenne Muscular Dystrophy (DMD),Santhera Pharmaceuticals,INDUSTRY,,0,PHASE2,INTERVENTIONAL,54.0,2022-03-21,COMPLETED,Duchenne Muscular Dystrophy,5,santhera,santhera
NCT01611051,A Study Comparing Pegylated rhG-CSF and rhG-CSF as Support to Breast Cancer Patients Receiving Chemotherapy,"Jiangsu HengRui Medicine Co., Ltd.",INDUSTRY,,0,PHASE3,INTERVENTIONAL,330.0,2012-03,COMPLETED,Breast Cancer; Neutropenia; Febrile Neutropenia,1,jiangsu hengrui medicine,jiangsu hengrui medicine
NCT01296451,Study of a New MVA Vaccine for Hepatitis C Virus,ReiThera Srl,INDUSTRY,University of Oxford; Oxford University Hospitals NHS Trust; University Hospital Birmingham,3,PHASE1,INTERVENTIONAL,55.0,2010-12,COMPLETED,Hepatitis C Infection,3,reithera,reithera
NCT02293551,A Study of Lispro Formulations in Healthy Participants,Eli Lilly and Company,INDUSTRY,,0,PHASE1,INTERVENTIONAL,54.0,2014-12,COMPLETED,Healthy Volunteers,1,eli lilly,eli lilly
NCT00048451,Safety and Efficacy of Zemplar Capsule in Reducing Serum iPTH Levels in Chronic Kidney Disease Subjects (Three Times Weekly),Abbott,INDUSTRY,,0,PHASE3,INTERVENTIONAL,68.0,2002-02,COMPLETED,"Renal Insufficiency, Chronic",19,abbott,abbott
NCT05030051,A Proof of Concept Study to Evaluate the Efficacy and Tolerability of Skinpen on Male and Female Subjects' Dorsal Hands as a Treatment of Hand Aging,"Crown Laboratories, Inc.",INDUSTRY,,0,,INTERVENTIONAL,18.0,2021-03-12,COMPLETED,Skin Aging,1,crown,crown
NCT00092651,A Study of MK0653A (Ezetimibe (+) Simvastatin) in Patients With Hypercholesterolemia (0653A-038),Organon and Co,INDUSTRY,,0,PHASE3,INTERVENTIONAL,1398.0,2002-09,COMPLETED,Hypercholesterolemia,0,organon and,organon and
NCT02704429,A Study of PRN1008 in Adult Patients With Pemphigus Vulgaris,"Principia Biopharma, a Sanofi Company",INDUSTRY,,0,PHASE2,INTERVENTIONAL,42.0,2016-01-22,COMPLETED,Pemphigus Vulgaris,13,principia biopharma a sanofi,principia biopharma a sanofi
NCT03061929,Human Milk Composition in Indian Mothers,Abbott Nutrition,INDUSTRY,,0,,OBSERVATIONAL,248.0,2017-03-24,COMPLETED,Breast Feeding,8,abbott nutrition,abbott nutrition
NCT06982729,Study of YK012 in Primary Membranous Nephropathy,Excyte Biopharma Ltd,INDUSTRY,,0,PHASE1,INTERVENTIONAL,72.0,2025-03-08,RECRUITING,Primary Membranous Nephropathy,1,excyte,excyte
NCT00345631,Safety and Effectiveness Study of the Ensure Medical Vascular Closure Device,Cordis US Corp.,INDUSTRY,,0,PHASE3,INTERVENTIONAL,488.0,2007-02,COMPLETED,"Angioplasty, Transluminal, Percutaneous Coronary; Coronary Arteriosclerosis; Peripheral Arteriosclerosis",17,cordis us,cordis us
NCT02345031,Efficacy and Safety of AUT00063 Versus Placebo in Age-Related Hearing Loss,Autifony Therapeutics Limited,INDUSTRY,,0,PHASE2,INTERVENTIONAL,78.0,2015-01,COMPLETED,Age-Related Hearing Loss,13,autifony,autifony
NCT03459131,Clinical Evaluation of Two Monthly Contact Lenses,Alcon Research,INDUSTRY,,0,,INTERVENTIONAL,15.0,2018-03-07,COMPLETED,Refractive Errors,1,alcon,alcon
NCT02658331,Evaluation of the FilmArray BioThreat-E Test,BioMérieux,INDUSTRY,"Fondation Mérieux; Donka University Hospital, Conakry",2,,OBSERVATIONAL,156.0,2015-03,COMPLETED,Ebola Virus Disease,0,biomérieux,biomérieux
NCT02715531,A Study of the Safety and Efficacy of Atezolizumab Administered in Combination With Bevacizumab and/or Other Treatments in Participants With Solid Tumors,Hoffmann-La Roche,INDUSTRY,,0,PHASE1,INTERVENTIONAL,243.0,2016-04-06,COMPLETED,Solid Tumor,30,roche,roche
NCT01155531,Safety & Tolerability of a Combination of Antidepressant and Peptic Ulcer Drug in Overweight Healthy Subjects,Theracos,INDUSTRY,,0,PHASE1,INTERVENTIONAL,40.0,2010-05,COMPLETED,Obesity,0,theracos,theracos
NCT00990002,Investigation of A Children's Beverage Containing Different Probiotics,Mead Johnson Nutrition,INDUSTRY,Father Flanagan's Boys' Home,1,,OBSERVATIONAL,30.0,2009-09,COMPLETED,Immunity,1,mead johnson nutrition,mead johnson nutrition
NCT06087822,Multicenter Trial Investigating Performance and Safety of the Medical Device SiPore21®,Sigrid Therapeutics AB,INDUSTRY,,0,,INTERVENTIONAL,318.0,2023-10-05,COMPLETED,Overweight or Obesity,27,sigrid therapeutics ab,sigrid therapeutics ab
NCT00739622,TMC278-TiDP6-C136: Effect of TMC278 on Ethinylestradiol and Norethindrone in Healthy Women.,"Tibotec Pharmaceuticals, Ireland",INDUSTRY,,0,PHASE1,INTERVENTIONAL,18.0,2008-07,COMPLETED,HIV; AIDS; Oral Contraceptive,0,tibotec pharmaceuticals ireland,tibotec pharmaceuticals ireland
NCT01654653,Efficacy and Safety of Hypertonic Sodium Lactate Solution Compared With 6% HES Solution in CABG Patients,Innogene Kalbiotech Pte. Ltd,INDUSTRY,,0,PHASE4,INTERVENTIONAL,100.0,2008-07,COMPLETED,Coronary Heart Disease,1,innogene kalbiotech pte,innogene kalbiotech pte
NCT00660153,Study of Tivozanib (AV-951) Plus FOLFOX6 in Subjects With Advanced Colorectal Cancer and Other Gastrointestinal Cancers,"AVEO Pharmaceuticals, Inc.",INDUSTRY,,0,PHASE1,INTERVENTIONAL,30.0,2008-06,COMPLETED,Colorectal Cancer; Gastrointestinal Cancer,2,aveo,aveo
NCT02851953,Effectiveness and Safety Evaluation of Aqueduct -100 Device,Aqueduct Medical Ltd,INDUSTRY,Sintesi Research Srl,1,,INTERVENTIONAL,41.0,2016-06,COMPLETED,Cervix Uteri Dilation,1,aqueduct,aqueduct
NCT01022853,Combination of BI6727 (Volasertib) and BIBF1120 in Solid Tumors,Boehringer Ingelheim,INDUSTRY,,0,PHASE1,INTERVENTIONAL,30.0,2009-12,COMPLETED,Neoplasms,2,boehringer,boehringer
NCT00731237,XIENCE V® EXCEED: Evaluation of XIENCE V® Catheterization Lab Endpoints and Excellence in Delivery,Abbott Medical Devices,INDUSTRY,,0,,OBSERVATIONAL,2517.0,2008-10,COMPLETED,Atherosclerosis; Coronary Artery Disease,44,abbott medical devices,abbott medical devices
NCT06544837,Trial to Evaluate the Clinical Utility of Non-invasive Endometrial Receptivity Test (Ora) in Patients With Implantation Failure,Inti Labs,INDUSTRY,,0,,INTERVENTIONAL,1000.0,2024-06-22,RECRUITING,IVF; Window of Implantation; microRNA; Implantation; Non-invasive Testing; Endometrial Receptivity,1,inti,inti
NCT05393245,Safety of Tiotropium + Olodaterol in Chronic Obstructive Pulmonary Disease (COPD) Patients in Taiwan: a Non-interventional Study Based on the Taiwan National Health Insurance (NHI) Data,Boehringer Ingelheim,INDUSTRY,,0,,OBSERVATIONAL,19467.0,2022-09-30,COMPLETED,"Pulmonary Disease, Chronic Obstructive",1,boehringer,boehringer
NCT03089645,"MEDI5083 Alone and in Combination With Durvalumab, Tremelimumab, and/or Docetaxel.",MedImmune LLC,INDUSTRY,,0,PHASE1,INTERVENTIONAL,39.0,2017-03-21,COMPLETED,Advanced Solid Tumors,8,astrazeneca,astrazeneca
NCT03289845,Clinical Survey of Oticon Medical Ponto BHX Implant,Oticon Medical,INDUSTRY,,0,,INTERVENTIONAL,36.0,2015-11-05,COMPLETED,"Hearing Impaired (Partially); Hearing Impairment, Conductive; Deafness Unilateral",2,oticon,oticon
NCT01448772,Comparative Bioavailability of Dronabinol Oral Solution Versus Branded Capsule 5 mg Under Fasting Conditions,INSYS Therapeutics Inc,INDUSTRY,,0,PHASE1,INTERVENTIONAL,88.0,2011-10,COMPLETED,Bioavailability,1,insys,insys
NCT05256472,A Study of AK104 Monotherapy or AK104 Plus Axitinib in Advanced/Metastatic Renal Cell Carcinoma,Akeso,INDUSTRY,,0,PHASE2,INTERVENTIONAL,28.0,2023-07-06,COMPLETED,Renal Cell Carcinoma; First-line Treatment,1,akeso,akeso
NCT03867331,"To Assess the Safety, Immunogenicity and Efficacy of VLPM01 in Healthy, Malaria-Naïve Volunteers",VLP Therapeutics,INDUSTRY,,0,PHASE1,INTERVENTIONAL,36.0,2019-03-13,COMPLETED,"Malaria,Falciparum",1,vlp therapeutics,vlp therapeutics
NCT02186002,"Safety, Tolerability, Pharmacokinetics, and Pharmacodynamics of ACT-451840 in Healthy Subjects (Part A)",Idorsia Pharmaceuticals Ltd.,INDUSTRY,,0,PHASE1,INTERVENTIONAL,40.0,2011-12,COMPLETED,Healthy,1,idorsia,idorsia
NCT02616302,A Study to Check the Safety of Dexlansoprazole and Learn if it Can Treat Symptomatic Nonerosive Gastroesophageal Reflux Disease in Children 2 to 11 Years Old,Takeda,INDUSTRY,,0,PHASE2,INTERVENTIONAL,71.0,2023-02-20,COMPLETED,Gastroesophageal Reflux Disease (GERD),18,takeda,takeda
NCT01621802,Immunogenicity and Safety Study of GlaxoSmithKline (GSK) Biologicals' Combined Measles-mumps-rubella (MMR) Vaccine in Subjects Four to Six Years of Age,GlaxoSmithKline,INDUSTRY,,0,PHASE3,INTERVENTIONAL,4011.0,2012-06-21,COMPLETED,Measles-Mumps-Rubella,67,gsk,gsk
NCT00696202,Mirena Efficiency and Tolerability During the First Year of Use,Bayer,INDUSTRY,,0,PHASE4,INTERVENTIONAL,199.0,2003-09,COMPLETED,Medicated Intrauterine Devices; Contraception,1,bayer,bayer
NCT02476877,"A Pilot, Proof-of-concept Cohort Study of the Prevalence of Comorbid Mental Illness and Substance Abuse","Advanced Clinical Laboratory Solutions, Inc.",INDUSTRY,,0,,OBSERVATIONAL,75.0,2014-06,COMPLETED,Schizophrenia; Drug Abuse; Anxiety Disorder; Bipolar Disorder; Major Depression,1,advanced clinical laboratory solutions,advanced clinical laboratory solutions
NCT00268177,Airway Inflammation In Patients With Chronic Obstructive Pulmonary Disease,GlaxoSmithKline,INDUSTRY,,0,PHASE3,INTERVENTIONAL,130.0,2002-10,COMPLETED,"Pulmonary Disease, Chronic Obstructive",20,gsk,gsk
NCT04889677,Study of a Single Dose of Danicopan in Healthy Participants,"Alexion Pharmaceuticals, Inc.",INDUSTRY,"Achillion, a wholly owned subsidiary of Alexion",1,PHASE1,INTERVENTIONAL,44.0,2016-02-04,COMPLETED,Healthy,1,astrazeneca,astrazeneca
NCT05683977,A French Real-life Study: EvaluatioN of durvALumab Utilization and Effectiveness for First Line Extensive Stage Small Cell Lung Cancer.,AstraZeneca,INDUSTRY,Kappa Santé,1,,OBSERVATIONAL,254.0,2022-11-14,ACTIVE_NOT_RECRUITING,Small Cell Lung Carcinoma,34,astrazeneca,astrazeneca
NCT00002375,Safety and Effectiveness of Giving Indinavir and Nelfinavir to HIV-Infected Patients,Merck Sharp & Dohme LLC,INDUSTRY,,0,,INTERVENTIONAL,24.0,,COMPLETED,HIV Infections,3,merck,merck
NCT00115375,Platelet Aggregation Inhibition in Children on Clopidogrel (PICOLO),Sanofi,INDUSTRY,Bristol-Myers Squibb,1,PHASE2,INTERVENTIONAL,92.0,2004-01,COMPLETED,Congenital Heart Defects; Blood Platelet Disorders,6,sanofi,sanofi
NCT03226275,Bioequivalence Trial of Concor AM® vs Bisoprolol and Amlodipine in Chinese Participants,"Merck KGaA, Darmstadt, Germany",INDUSTRY,,0,PHASE1,INTERVENTIONAL,32.0,2017-08-09,COMPLETED,Healthy,1,merck kgaa darmstadt germany,merck kgaa darmstadt germany
NCT02866175,Edoxaban Treatment Versus Vitamin K Antagonist in Patients With Atrial Fibrillation Undergoing Percutaneous Coronary Intervention,"Daiichi Sankyo Europe, GmbH, a Daiichi Sankyo Company",INDUSTRY,,0,PHASE3,INTERVENTIONAL,1506.0,2017-02-24,COMPLETED,Atrial Fibrillation,200,daiichi sankyo europe gmbh a daiichi sankyo,daiichi sankyo europe gmbh a daiichi sankyo
NCT04828057,"Preservative-free Fixed-dose Combination of Tafluprost 0.0015% / Timolol 0.5% in Patients With Open-angle Glaucoma or Ocular Hypertension: Clinical Effectiveness, Tolerability and Safety in a Real World Setting","Santen Pharmaceutical (Taiwan) Co., LTD",INDUSTRY,,0,,OBSERVATIONAL,50.0,2021-09-01,COMPLETED,Ocular Surface Disease; Primary Open Angle Glaucoma,1,santen pharmaceutical taiwan,santen pharmaceutical taiwan
NCT04739657,Clinical Evaluation of A New High-speed and High-resolution Intravascular Ultrasound System,"Insight Lifetech Co., Ltd.",INDUSTRY,Shanghai Zhongshan Hospital; Guangdong Provincial People's Hospital; Chinese PLA General Hospital; Zhongda Hospital; The First Affiliated Hospital of Zhengzhou University,5,,OBSERVATIONAL,130.0,2021-03-01,COMPLETED,Percutaneous Coronary Intervention; Coronary Artery Disease; Chronic Total Occlusion of Coronary Artery; Left Main Coronary Artery Disease,5,insight lifetech,insight lifetech
NCT04670757,Safety and Pharmacokinetics of JAK/ROCK Inhibitor in Healthy Volunteers,Celon Pharma SA,INDUSTRY,"National Center for Research and Development, Poland",1,PHASE1,INTERVENTIONAL,65.0,2020-12-08,COMPLETED,Healthy,1,celon,celon
NCT04334057,Post-Marketing Surveillance (Use-results Surveillance) With Esperoct®,Novo Nordisk A/S,INDUSTRY,,0,,OBSERVATIONAL,23.0,2021-03-31,COMPLETED,Haemophilia A,20,novo nordisk,novo nordisk
NCT06836557,Open Label Safety Study of Tradipitant in Idiopathic and Diabetic Gastroparesis,Vanda Pharmaceuticals,INDUSTRY,,0,PHASE3,INTERVENTIONAL,100.0,2024-01-09,RECRUITING,Idiopathic Gastroparesis; Diabetic Gastroparesis; Gastroparesis,3,vanda,vanda
NCT01839357,Exploring the Efficacy of Once Daily Oral Rivaroxaban for Treatment of Thrombus in Left Atrial/Left Atrial Appendage in Subjects With Nonvalvular Atrial Fibrillation or Atrial Flutter,Bayer,INDUSTRY,"Janssen Research & Development, LLC",1,PHASE3,INTERVENTIONAL,60.0,2013-08,COMPLETED,Atrial Fibrillation,31,bayer,bayer
NCT00788801,Exploratory Positron Emission Tomography (PET) Study to Evaluate the Effects of ABT-614 on [11C]-(+)-PHNO Binding Potential to D3 Receptors in the Brain,Abbott,INDUSTRY,,0,PHASE1,INTERVENTIONAL,11.0,2008-12,COMPLETED,Healthy Volunteers,2,abbott,abbott
NCT03983512,PULSTA Transcatheter Pulmonary Valve Pre-Approval Study,"Taewoong Medical Co., Ltd.",INDUSTRY,Avania,1,,INTERVENTIONAL,58.0,2019-10-07,ACTIVE_NOT_RECRUITING,Heart Diseases; Pulmonary Valve Regurgitation; Pulmonary Valve Stenosis; Tetralogy of Fallot,11,taewoong,taewoong
NCT00002112,"Comparative Randomized Study of the Efficacy, Safety, and Toleration of Fluconazole Oral Suspension or Nystatin Oral Suspension in the Treatment of Patients With Oropharyngeal Candidiasis in Association With the Acquired Immunodeficiency Syndrome",Pfizer,INDUSTRY,,0,,INTERVENTIONAL,,,COMPLETED,"Candidiasis, Oral; HIV Infections",5,pfizer,pfizer
NCT05408312,Phase I Clinical Trial of GEN2-Recombinant COVID-19 Vaccine (CHO Cells) in Healthy People Aged 18 and Above,"National Vaccine and Serum Institute, China",INDUSTRY,"Lanzhou Institute of Biological Products Co., Ltd; Beijing Institute of Biological Products Co Ltd.",2,PHASE1,INTERVENTIONAL,234.0,2022-06-18,COMPLETED,COVID-19 Pneumonia,1,national vaccine and serum institute china,national vaccine and serum institute china
NCT01722812,Cromoglicate in Psoriasis,LEO Pharma,INDUSTRY,,0,PHASE2,INTERVENTIONAL,30.0,2012-11,COMPLETED,Psoriasis,1,leo pharma,leo pharma
NCT01396512,Study of a Live Attenuated Japanese Encephalitis Chimeric Virus Vaccine (IMOJEV™) Compared to CD.JEVAX™ in Toddlers,"Sanofi Pasteur, a Sanofi Company",INDUSTRY,,0,PHASE3,INTERVENTIONAL,274.0,2011-07,COMPLETED,Japanese Encephalitis; Japanese Encephalitis Virus Disease,6,sanofi pasteur a sanofi,sanofi pasteur a sanofi
NCT03486912,A Study of Experimental Medication BMS-986036 in Adults With Nonalcoholic Steatohepatitis (NASH) and Liver Cirrhosis,Bristol-Myers Squibb,INDUSTRY,,0,PHASE2,INTERVENTIONAL,155.0,2018-06-12,COMPLETED,Hepatic Cirrhosis; Liver Fibrosis; Nonalcoholic Fatty Liver Disease (NAFLD); Nonalcoholic Steatohepatitis,91,bms,bms
NCT00981981,Effect of the Molecular Weight of Oat β-glucan on Its Ability to Lower Serum Cholesterol,"Glycemic Index Laboratories, Inc",INDUSTRY,"CreaNutrition, AG; University of Guelph; University of Sydney; Laval University; Reading Scientific Services Ltd.; University of Toronto; Agriculture and Agri-Food Canada",7,PHASE2,INTERVENTIONAL,367.0,2008-11,COMPLETED,Hypercholesterolemia,5,glycemic index,glycemic index
NCT03324581,The Safety and Efficacy of OPC-64005 in the Treatment of Adult Attention-deficit/Hyperactivity Disorder,"Otsuka Pharmaceutical Development & Commercialization, Inc.",INDUSTRY,,0,PHASE2,INTERVENTIONAL,239.0,2017-11-09,COMPLETED,Adult Attention Deficit Hyperactivity Disorder,26,otsuka pharmaceutical development and commercialization,otsuka pharmaceutical development and commercialization
NCT01685281,Study Comparing Two Doses of MG01CI and Placebo in Adults With Predominantly Inattentive Attention Deficit Hyperactivity Disorder,Alcobra Ltd.,INDUSTRY,,0,PHASE2,INTERVENTIONAL,36.0,2013-08,COMPLETED,ADHD Predominantly Inattentive Type,1,alcobra,alcobra
NCT04195581,A Clinical Evaluation of Two Contact Lenses Used With Three Care Systems,"CooperVision, Inc.",INDUSTRY,,0,,INTERVENTIONAL,33.0,2019-09-16,COMPLETED,Myopia,1,coopervision,coopervision
NCT00002381,The Safety and Effectiveness of Nevirapine Plus Nelfinavir in HIV-1 Infected Patients Who Have Taken Stavudine,Boehringer Ingelheim,INDUSTRY,,0,PHASE1,INTERVENTIONAL,24.0,,COMPLETED,HIV Infections,2,boehringer,boehringer
NCT05465681,Study of HR20013 for Injection in Patients With Malignant Solid Tumors,"Fujian Shengdi Pharmaceutical Co., Ltd.",INDUSTRY,,0,PHASE1,INTERVENTIONAL,24.0,2022-08-30,COMPLETED,Prevention of Nausea and Vomiting Caused by Highly Emetogenic Chemotherapy,1,fujian shengdi,fujian shengdi
NCT02183181,Bioequivalence Study of Meloxicam Capsules 15 mg (Mobic® Capsules 15 mg) Versus Meloxicam Tablets 15 mg (Mobic® Tablets 15 mg) in Healthy Adult Volunteers,Boehringer Ingelheim,INDUSTRY,,0,PHASE1,INTERVENTIONAL,6.0,2008-11,COMPLETED,Healthy,0,boehringer,boehringer
NCT01289119,Efficacy and Safety of Alogliptin in Participants With Type 2 Diabetes,Takeda,INDUSTRY,,0,PHASE3,INTERVENTIONAL,506.0,2010-12,COMPLETED,"Diabetes Mellitus, Type 2",21,takeda,takeda
NCT00479219,Study Evaluating GSI-953 in Healthy Young and Alzheimer's Patients,Wyeth is now a wholly owned subsidiary of Pfizer,INDUSTRY,,0,PHASE1,INTERVENTIONAL,17.0,2007-05,COMPLETED,Alzheimer Disease,1,wyeth is now a wholly owned subsidiary of pfizer,wyeth is now a wholly owned subsidiary of pfizer
NCT06398730,"A Phase 1, Dose-Escalation, Positron Emission Tomography Study to Assess the Safety, Pharmacokinetics, Dosimetry and Biodistribution of GEH200521 (18F) Injection Co-Administered With GEH200520 Injection in Healthy Volunteers",GE Healthcare,INDUSTRY,"PPD Development, LP; Fortrea",2,PHASE1,INTERVENTIONAL,22.0,2024-07-02,COMPLETED,Healthy Volunteers,1,ge healthcare,ge healthcare
NCT01847430,"Evaluation of the Long-term Persistence of Immunity to Hepatitis B, in Adolescents Vaccinated in Infancy With Engerix™-B Kinder",GlaxoSmithKline,INDUSTRY,,0,PHASE4,INTERVENTIONAL,303.0,2013-07-19,COMPLETED,Hepatitis B,10,gsk,gsk
NCT03516630,Effects of Three Single Oral Doses of Trazodone on the QTc Interval Duration in Healthy Volunteers,Aziende Chimiche Riunite Angelini Francesco S.p.A,INDUSTRY,"Cross Research S.A.; eResearch Technology, Inc.",2,PHASE1,INTERVENTIONAL,20.0,2017-03-20,COMPLETED,Healthy,1,aziende chimiche riunite angelini francesco s p a,aziende chimiche riunite angelini francesco s p a
NCT02531230,"""All Comers"" Post Market Clinical Follow-up (PMCF) With Multi-LOC for flOw liMiting Outcomes",B. Braun Melsungen AG,INDUSTRY,Deaconess Hospital Mannheim,1,,OBSERVATIONAL,75.0,2015-07,COMPLETED,Peripheral Arterial Occlusive Disease,1,b braun melsungen,b braun melsungen
NCT06665230,A Clinical Study of MK-6552 and Modafinil in Healthy Men (MK-6552-005),Merck Sharp & Dohme LLC,INDUSTRY,,0,PHASE1,INTERVENTIONAL,12.0,2023-09-20,COMPLETED,Healthy; Narcolepsy,1,merck,merck
NCT06150430,An Active Pelvis Orthosis (APO) for Post-stroke Gait Rehabilitation: a Pilot Study,IUVO S.r.l.,INDUSTRY,Össur Iceland ehf; Scuola Superiore di Studi Universitari e di Perfezionamento Sant'Anna,2,,INTERVENTIONAL,20.0,2023-03-30,COMPLETED,Stroke,1,iuvo s r l,iuvo s r l
NCT05387928,A Study of KL340399 in Patients With Advanced Solid Tumors,"Sichuan Kelun-Biotech Biopharmaceutical Co., Ltd.",INDUSTRY,,0,PHASE1,INTERVENTIONAL,21.0,2022-06-07,COMPLETED,Advanced Solid Tumors,1,sichuan kelun biotech biopharmaceutical,sichuan kelun biotech biopharmaceutical
NCT05737628,First-in-human Dose Escalation and Expansion Study With the SIRPα-directed Monoclonal Antibody BYON4228,Byondis B.V.,INDUSTRY,,0,PHASE1,INTERVENTIONAL,17.0,2024-03-04,ACTIVE_NOT_RECRUITING,Lymphoma,12,byondis b v,byondis b v
NCT03752528,Evaluation of Long-term Buprenorphine Plasma Exposure,Indivior Inc.,INDUSTRY,,0,,OBSERVATIONAL,53.0,2019-02-19,COMPLETED,Opioid-use Disorder,11,indivior,indivior
NCT03857165,"Placebo Controlled, Dose Escalation Study to Evaluate Safety, Pharmacokinetics & Efficacy of SAP-001 in Gout Patients","Shanton Pharma Co., Ltd.",INDUSTRY,,0,PHASE1,INTERVENTIONAL,24.0,2018-09-24,COMPLETED,"Gout, Hyperuricemia",3,shanton,shanton
NCT04862767,TASO-001 in Combination With Recombinant Interleukin-2(Aldesleukin) in Advanced or Metastatic Solid Tumor,Autotelicbio,INDUSTRY,,0,PHASE1,INTERVENTIONAL,9.0,2021-03-09,COMPLETED,Solid Tumor,1,autotelicbio,autotelicbio
NCT00917267,A Study to Examine the Effects of Exenatide Once-Weekly Injection on Glucose Control and Safety in Asian Subjects,AstraZeneca,INDUSTRY,Eli Lilly and Company,1,PHASE3,INTERVENTIONAL,691.0,2009-07,COMPLETED,Type 2 Diabetes Mellitus,42,astrazeneca,astrazeneca
NCT00279500,Feasibility Study of a Chronic Retinal Stimulator in Retinitis Pigmentosa,Second Sight Medical Products,INDUSTRY,,0,,INTERVENTIONAL,6.0,2002-02-27,COMPLETED,Retinitis Pigmentosa,1,second sight medical products,second sight medical products
NCT00040300,A 14-Day Study of Racivir When Used in Combination in HIV-Infected Males,Pharmasset,INDUSTRY,,0,PHASE1,INTERVENTIONAL,18.0,2002-06,COMPLETED,HIV Infections,0,pharmasset,pharmasset
NCT05634967,Kesimpta (Ofatumumab) Pregnancy Registry,Novartis Pharmaceuticals,INDUSTRY,,0,,OBSERVATIONAL,725.0,2023-01-05,RECRUITING,Multiple Sclerosis; Pregnancy,1,novartis,novartis
NCT02526667,Preoperative Chlorhexidine Gluconate (CHG) Cloth on Healthy Volunteers,Medline Industries,INDUSTRY,,0,PHASE3,INTERVENTIONAL,340.0,2015-08,COMPLETED,Surgery,1,medline industries,medline industries
NCT00756067,Evaluation of Pneumococcal Vaccine Formulations in Elderly,GlaxoSmithKline,INDUSTRY,,0,PHASE1,INTERVENTIONAL,168.0,2008-09-19,COMPLETED,"Infections, Streptococcal",3,gsk,gsk
NCT05507567,"Safety, Tolerability and Prophylactic Antiviral Activity of Neumifil Against Influenza Via a Human Viral Challenge Model",Pneumagen Ltd.,INDUSTRY,,0,PHASE2,INTERVENTIONAL,104.0,2022-08-12,COMPLETED,Influenza Viral Infections,1,pneumagen,pneumagen
NCT05639400,Thoraflex Hybrid and Relay Extension Post-Approval Study,Vascutek Ltd.,INDUSTRY,Bolton Medical,1,,OBSERVATIONAL,352.0,2023-03-17,ACTIVE_NOT_RECRUITING,Thoracic Diseases; Aortic Aneurysm; Aortic Dissection; Thoracic Aortic Aneurysm; Thoracic Aortic Dissection,27,vascutek,vascutek
NCT00120900,Evaluation of GW406381 in Treating Adults With Osteoarthritis Of The Knee,GlaxoSmithKline,INDUSTRY,,0,PHASE3,INTERVENTIONAL,1340.0,2005-05,COMPLETED,"Osteoarthritis, Knee",19,gsk,gsk
NCT01365000,Assessment of Relative Bioavailability of NKTR-118 in Three Formulations in Healthy Subjects,AstraZeneca,INDUSTRY,,0,PHASE1,INTERVENTIONAL,21.0,2011-06,COMPLETED,Healthy,1,astrazeneca,astrazeneca
NCT03998007,Development of a Medical Device Utilizing an EEG-Based Algorithm for the Objective Quantification of Pain,"PainQx, Inc",INDUSTRY,National Institute on Drug Abuse (NIDA),1,,OBSERVATIONAL,50.0,2018-10-02,COMPLETED,Chronic Pain,1,painqx,painqx
NCT00938392,Study to Evaluate the Immunogenicity and Safety of an Investigational Influenza Vaccine for the Elderly,GlaxoSmithKline,INDUSTRY,,0,PHASE3,INTERVENTIONAL,726.0,2009-07-30,COMPLETED,Influenza,6,gsk,gsk
NCT02170792,Bioavailability of BIBR 953 ZW After Dose of BIBR 1048 MS,Boehringer Ingelheim,INDUSTRY,,0,PHASE1,INTERVENTIONAL,30.0,2001-02,COMPLETED,Healthy,0,boehringer,boehringer
NCT05981092,A Study About the Natural History in Adults With BAG3 Dilated Cardiomyopathy (a Type of Heart Disease) (BAG3 DCM),"Alexion Pharmaceuticals, Inc.",INDUSTRY,,0,,OBSERVATIONAL,35.0,2022-10-14,ACTIVE_NOT_RECRUITING,"Cardiomyopathy, Dilated; Bcl-2 Anathogene-3 (BAG3) Dilated Cardiomyopathy (DCM)",15,astrazeneca,astrazeneca
NCT03704636,Desaturation Validation of INVSENSOR00028,Masimo Corporation,INDUSTRY,,0,,INTERVENTIONAL,46.0,2018-09-25,COMPLETED,Healthy,1,masimo,masimo
NCT00099736,Efficacy and Safety of FTY720 in Patients Who Receive a Kidney Transplant,Novartis Pharmaceuticals,INDUSTRY,,0,PHASE3,INTERVENTIONAL,696.0,2003-05-07,COMPLETED,Kidney Transplantation,42,novartis,novartis
NCT05291936,Clinical Evaluation of Two Daily Disposable Toric Soft Contact Lenses Over One Week of Wear,"Johnson & Johnson Vision Care, Inc.",INDUSTRY,,0,,INTERVENTIONAL,78.0,2022-03-30,COMPLETED,Ocular Physiology,5,johnson and johnson vision care,johnson and johnson vision care
NCT07009236,A Study Evaluating the Safety and Efficacy of MINIject S+ in Subjects With Open Angle Glaucoma,iSTAR Medical,INDUSTRY,,0,,INTERVENTIONAL,60.0,2025-09-29,RECRUITING,Glaucoma,5,istar,istar
NCT00533611,Effect of MK0524A on Flushing Caused by Niacin (0524A-056),Merck Sharp & Dohme LLC,INDUSTRY,,0,PHASE3,INTERVENTIONAL,330.0,2007-04,COMPLETED,Flushing,0,merck,merck
NCT03076411,Pepsin in Patients With Functional Dyspepsia,Nordmark Arzneimittel GmbH & Co. KG,INDUSTRY,ClinSupport GmbH; MWI Medizinisches Wirtschaftsinstitut GmbH; das forschungsdock,3,,OBSERVATIONAL,97.0,2012-01-11,COMPLETED,Functional Gastrointestinal Disorders; Abdominal Pain; Dyspepsia; Nausea; Vomiting; Flatulence,1,nordmark arzneimittel gmbh and co kg,nordmark arzneimittel gmbh and co kg
NCT01920711,"Efficacy and Safety of LCZ696 Compared to Valsartan, on Morbidity and Mortality in Heart Failure Patients With Preserved Ejection Fraction",Novartis Pharmaceuticals,INDUSTRY,,0,PHASE3,INTERVENTIONAL,4822.0,2014-07-18,COMPLETED,Heart Failure With Preserved Ejection Fraction,715,novartis,novartis
NCT07141511,A Study to Investigate the Relative Bioavailability and Food Effect of a Fixed-Dose Combination Tablet Containing Zanubrutinib and Sonrotoclax (BG-71332) in Healthy Adults,BeOne Medicines,INDUSTRY,,0,PHASE1,INTERVENTIONAL,24.0,2025-09-24,COMPLETED,Healthy Volunteers,1,beone medicines,beone medicines
NCT03196271,Ketogenic Diet Drink Study,Nutricia UK Ltd,INDUSTRY,,0,,INTERVENTIONAL,26.0,2017-01-04,COMPLETED,Intractable Epilepsy,9,nutricia uk,nutricia uk
NCT05148871,Australian Phase 2b Study to Assess Effect of Dose Interval on Spikogen Covid-19 Vaccine,Vaxine Pty Ltd,INDUSTRY,Australian Respiratory and Sleep Medicine Institute; Cinnagen,2,PHASE2; PHASE3,INTERVENTIONAL,200.0,2022-03-01,ACTIVE_NOT_RECRUITING,COVID-19,1,vaxine pty,vaxine pty
NCT00318071,Multi MERCI (Mechanical Embolus Removal in Cerebral Ischemia [MERCI™]),Stryker Neurovascular,INDUSTRY,,0,,INTERVENTIONAL,164.0,2004-01,COMPLETED,Ischemic Stroke,0,stryker neurovascular,stryker neurovascular
NCT04622644,Clinical Investigation to Evaluate the Suitability of StrokeWave in Distinguishing Haemorragic From Ischaemic Strokes,Umbria Bioengineering Technologies,INDUSTRY,,0,,INTERVENTIONAL,60.0,2021-02-23,COMPLETED,"Stroke, Ischemic; Stroke Hemorrhagic",1,umbria bioengineering,umbria bioengineering
NCT02722044,Usability of an AI for M923 in Subjects With Moderate to Severe RA,"Momenta Pharmaceuticals, Inc.",INDUSTRY,,0,PHASE3,INTERVENTIONAL,33.0,2016-04,COMPLETED,Rheumatoid Arthritis,7,momenta,momenta
NCT05809544,Study of Efficacy of WELT-IP in Insomnia (WCTP-I-B-02),WELT corp,INDUSTRY,,0,,INTERVENTIONAL,68.0,2022-10-14,COMPLETED,Insomnia,1,welt,welt
NCT04192344,"A Study to Assess the Safety, Tolerability, and Pharmacokinetics of ABSK-021 in Patients With Advanced Solid Tumor","Abbisko Therapeutics Co, Ltd",INDUSTRY,,0,PHASE1,INTERVENTIONAL,276.0,2020-01-20,RECRUITING,Neoplasms; Tenosynovial Giant Cell Tumor,17,abbisko,abbisko
NCT02187744,A Study Of PF-05280014 Or Trastuzumab Plus Taxotere® And Carboplatin In HER2 Positive Breast Cancer In The Neoadjuvant Setting (REFLECTIONS B327-04),Pfizer,INDUSTRY,,0,PHASE3,INTERVENTIONAL,226.0,2014-09-23,COMPLETED,Early Breast Cancer,52,pfizer,pfizer
NCT06911242,A Comparison of the Pharmacokinetic Properties of ARN-75039 Tablets With Excipients to Neat ARN-75039 in Hydroxypropyl Methylcellulose (HPMC) Capsules in Healthy Adult Participants Under Fed Conditions,"Arisan Therapeutics, Inc.",INDUSTRY,,0,PHASE1,INTERVENTIONAL,16.0,2025-02-27,COMPLETED,Healthy Volunteer; Pharmacokinetics After Oral Intake,1,arisan,arisan
NCT00519142,Mitiglinide in Combination With Metformin vs. Metformin Alone in Patients With Type 2 Diabetes Mellitus,Elixir Pharmaceuticals,INDUSTRY,,0,PHASE3,INTERVENTIONAL,367.0,2007-08,COMPLETED,"Diabetes Mellitus, Type 2",61,elixir,elixir
NCT04356742,Efficacy and Safety of Dapagliflozin When Added to Ongoing Metformin and Evogliptin Combination Therapy in Patients With Type 2 Diabetes Who Have Inadequate Glycemic Control,"Dong-A ST Co., Ltd.",INDUSTRY,,0,PHASE3,INTERVENTIONAL,198.0,2020-05-26,COMPLETED,Type 2 Diabetes,1,dong a st,dong a st
NCT00511342,Effects on Bone Mineral Density (BMD) of the Combined Oral Contraceptive NOMAC-E2 Compared to a COC Containing LNG/EE (292005)(P05765)(COMPLETED),Organon and Co,INDUSTRY,,0,PHASE3,INTERVENTIONAL,110.0,2006-09,COMPLETED,Contraception,0,organon and,organon and
NCT03331042,SM-1 vs 2 Comparators and Placebo in Participants With a History of Transient Insomnia.,Sequential Medicine Ltd,INDUSTRY,,0,PHASE3,INTERVENTIONAL,85.0,2017-10-09,COMPLETED,Transient Insomnia,2,sequential medicine,sequential medicine
NCT05566886,Validation of a Vital Signs Monitoring Wristband,Corsano Health B.V.,INDUSTRY,,0,,OBSERVATIONAL,100.0,2022-10-19,COMPLETED,Coronary Artery Disease,1,corsano health b v,corsano health b v
NCT06500273,Consolidation of First-Line MRD+ Remission With Cema-cel in Patients With LBCL,Allogene Therapeutics,INDUSTRY,"Foresight Diagnostics, Inc.; Natera, Inc.",2,PHASE2,INTERVENTIONAL,250.0,2024-06-18,RECRUITING,Large B-cell Lymphoma,82,allogene,allogene
NCT06914869,Drug-Drug Interaction Potential of Mavorixafor,X4 Pharmaceuticals,INDUSTRY,,0,PHASE1,INTERVENTIONAL,38.0,2025-02-18,COMPLETED,Healthy Participants,1,x4 pharmaceuticals,x4 pharmaceuticals
NCT00729469,Efficacy and Safety of Ospemifene in the Treatment of Moderate to Severe Vaginal Dryness and Vaginal Pain Associated With Sexual Activity,Shionogi,INDUSTRY,Hormos Medical; QuatRx Pharmaceuticals,2,PHASE3,INTERVENTIONAL,919.0,2008-07,COMPLETED,Atrophy; Vaginal Diseases,0,shionogi,shionogi
NCT07767669,"A Controlled Study to Evaluate the Effects of a Topical Cream on Symptoms of Arthritis, Joint, and Muscle Pain",Saie Beauty,INDUSTRY,Citruslabs,1,,INTERVENTIONAL,80.0,2026-02-01,COMPLETED,Arthritis; Joint Pain; Muscle Pain; Musculoskeletal Pain; Joint Stiffness,1,saie beauty,saie beauty
NCT05853783,Evaluation of Oral Potentially Malignant Disorders (OPMDs) with STRATICYTE™,Proteocyte Diagnostics Inc.,INDUSTRY,"The University of Texas Health Science Center, Houston; Loma Linda University; Minnesota Oral & Facial Surgery; University of Alabama at Birmingham",4,,OBSERVATIONAL,180.0,2023-01-01,RECRUITING,Mouth Diseases,5,proteocyte diagnostics,proteocyte diagnostics
NCT00547183,Study the Safety and Effectiveness of Tadalafil in Men With Diabetes Who Have Problems Getting and Keeping an Erection,Eli Lilly and Company,INDUSTRY,ICOS Corporation,1,PHASE3,INTERVENTIONAL,298.0,2004-10,COMPLETED,Impotence,1,eli lilly,eli lilly
NCT03990883,Effectiveness and Safety of Princess FILLER Lidocaine in Correction of Nasolabial Folds (NLF),Croma-Pharma GmbH,INDUSTRY,Syneos Health,1,,INTERVENTIONAL,295.0,2019-06-04,COMPLETED,Dermatological Non-Disease,11,croma,croma
NCT04463641,Assessment of the Axone Micro Quadripolar Lead for Enhanced Cardiac Resynchronization Therapy,MicroPort CRM,INDUSTRY,,0,,INTERVENTIONAL,92.0,2020-12-03,ACTIVE_NOT_RECRUITING,Heart Failure; Cardiac Resynchronization Therapy,21,microport crm,microport crm
NCT00160641,A Study of the Safety and Effectiveness of Liquid Certolizumab Pegol in the Treatment of Signs and Symptoms of Rheumatoid Arthritis and in Prevention of Joint Damage in Patients With Active Rheumatoid Arthritis,UCB Pharma,INDUSTRY,,0,PHASE3,INTERVENTIONAL,567.0,2005-11,COMPLETED,Rheumatoid Arthritis,67,ucb pharma,ucb pharma
NCT04958954,Post-Marketing Safety Study of Severe Acute Respiratory Syndrome Coronavirus 2 (SARS-CoV-2) mRNA-1273 COVID-19 Vaccine in the United States,"ModernaTX, Inc.",INDUSTRY,,0,,OBSERVATIONAL,50000000.0,2021-07-07,COMPLETED,SARS-CoV-2,1,modernatx,modernatx
NCT02053454,"A Study of the Safety, Tolerability and Pharmacokinetics of ALN-TTR02 in Japanese Healthy Volunteers",Alnylam Pharmaceuticals,INDUSTRY,,0,PHASE1,INTERVENTIONAL,12.0,2014-01,COMPLETED,Transthyretin (TTR)-Mediated Amyloidosis,1,alnylam,alnylam
NCT06901505,To Evaluate the Efficacy of Three Times Weekly (TIW) Vadadustat Compared to Standard of Care ESA in Patients With Anemia of CKD Receiving In-Center Hemodialysis,Akebia Therapeutics,INDUSTRY,,0,PHASE3,INTERVENTIONAL,353.0,2025-07-24,ACTIVE_NOT_RECRUITING,Anemia of Chronic Kidney Disease,18,akebia,akebia
NCT03542305,Lorlatinib Renal Impairment Study,Pfizer,INDUSTRY,,0,PHASE1,INTERVENTIONAL,29.0,2018-08-23,COMPLETED,Renal Impairment,2,pfizer,pfizer
NCT02835105,A Study of Ascending Single Doses of Surotomycin in Healthy Participants (MK-4261-008),Merck Sharp & Dohme LLC,INDUSTRY,,0,PHASE1,INTERVENTIONAL,40.0,2009-01,COMPLETED,Clostridium Difficile Associated Diarrhea (CDAD),0,merck,merck
NCT03715205,Study to Evaluate the Safety of Pembrolizumab in Participants With Unresectable or Metastatic Melanoma or Non-small Cell Lung Cancer in India (MK-3475-593/KEYNOTE-593),Merck Sharp & Dohme LLC,INDUSTRY,,0,PHASE4,INTERVENTIONAL,150.0,2019-01-31,COMPLETED,"Carcinoma, Non-Small-Cell Lung; Melanoma",8,merck,merck
NCT01415505,Combination of Nebivolol and Valsartan Given as Free Tablets for Stage 1 or Stage 2 Hypertension,Forest Laboratories,INDUSTRY,,0,PHASE3,INTERVENTIONAL,812.0,2011-08,COMPLETED,Hypertension,135,forest,forest
NCT05047094,Alpha Radiation Emitters Device (DaRT) in Combination With Check Point Inhibitor for the Treatment of Recurrent Unresectable or mHNSCC,Alpha Tau Medical LTD.,INDUSTRY,,0,,INTERVENTIONAL,48.0,2021-11-02,RECRUITING,Head and Neck Squamous Cell Carcinoma; Skin Cancer; Metastatic Head-and-neck Squamous-cell Carcinoma,3,alpha tau,alpha tau
NCT03528694,Assessment of Efficacy and Safety of Durvalumab Plus BCG Compared to the Standard Therapy With BCG in Non-muscle Invasive Bladder Cancer,AstraZeneca,INDUSTRY,,0,PHASE3,INTERVENTIONAL,1018.0,2018-05-14,ACTIVE_NOT_RECRUITING,Non-muscle-invasive Bladder Cancer,120,astrazeneca,astrazeneca
NCT06480994,Exclusion of Venous Thrombo-Embolism With a New Clinical Decision Support,Diagnostica Stago R&D,INDUSTRY,"Centre Hospitalier de Niort; Centre Hospitalier le Mans; Centre Hospitalier Universitaire Dijon; University Hospital, Grenoble",4,,OBSERVATIONAL,1836.0,2022-06-21,RECRUITING,Venous Thromboembolism; Pulmonary Embolism; Deep Vein Thrombosis,4,diagnostica stago r and d,diagnostica stago r and d
NCT06412666,A Study to Evaluate the Effect of Aficamten in Pediatric Patients With Symptomatic Obstructive Hypertrophic Cardiomyopathy (oHCM).,Cytokinetics,INDUSTRY,Bayer,1,PHASE2; PHASE3,INTERVENTIONAL,65.0,2024-05-29,ACTIVE_NOT_RECRUITING,Pediatric; Symptomatic Obstructive Hypertrophic Cardiomyopathy,36,cytokinetics,cytokinetics
NCT01268566,A Study of MEDI-575 in Subjects With Recurrent Glioblastoma Multiforme,MedImmune LLC,INDUSTRY,,0,PHASE2,INTERVENTIONAL,62.0,2011-01,COMPLETED,Glioblastoma Multiforme,12,astrazeneca,astrazeneca
NCT03444766,Study of Nivolumab for Advanced Cancers in India,Bristol-Myers Squibb,INDUSTRY,,0,PHASE4,INTERVENTIONAL,100.0,2018-03-06,COMPLETED,Non-Small Cell Lung Cancer (NSCLC); Non-Small-Cell Lung Carcinoma; Nonsmall Cell Lung Cancer; Kidney Cancer; Kidney Neoplasms; Renal Cancer; Renal Neoplasms,9,bms,bms
NCT04669366,Treatment Patterns With Targeted Therapies In Mrcc In Sweden - A Retrospective Analysis Of Data From National Registries,Pfizer,INDUSTRY,,0,,OBSERVATIONAL,1205.0,2021-01-20,COMPLETED,Kidney Neoplasms,1,pfizer,pfizer
NCT02303522,Historical Data Analysis of Complete Remission in Children With R/R Acute Lymphoblastic Leukemia (ALL),Amgen,INDUSTRY,,0,,OBSERVATIONAL,207.0,2014-12-09,COMPLETED,B-cell Precursor Acute Lymphoblastic Leukemia (ALL),3,amgen,amgen
NCT00106522,A Study to Assess the Effect of Tocilizumab + Methotrexate on Signs and Symptoms in Patients With Moderate to Severe Active Rheumatoid Arthritis Currently on Methotrexate Therapy,Hoffmann-La Roche,INDUSTRY,,0,PHASE3,INTERVENTIONAL,499.0,2005-05,COMPLETED,Rheumatoid Arthritis,168,roche,roche
NCT04529551,CSD1601: A Study to Evaluate the Exposure to Tar and Nicotine From Two Cigarette Products That Contain a Menthol Capsule in the Filter,RAI Services Company,INDUSTRY,,0,,INTERVENTIONAL,55.0,2016-04-08,COMPLETED,Smoking; Tobacco Smoking; Tobacco Use,1,rai services,rai services
NCT05644951,Clinical Trial of EPASS With Hot AXIOS System,Boston Scientific Corporation,INDUSTRY,,0,,INTERVENTIONAL,51.0,2022-12-23,COMPLETED,Gastric Outlet Obstruction,6,boston scientific,boston scientific
NCT02188251,"A Study Investigating the Effects of Activamp on Body Weight, Fat Loss, and Metabolic Markers in Healthy Overweight Participants",KGK Science Inc.,INDUSTRY,"Gencor Pacific Limited, Hong Kong",1,PHASE2,INTERVENTIONAL,100.0,2014-09,COMPLETED,Body Weight,1,kgk science,kgk science
NCT02706951,A Study Comparing Upadacitinib (ABT-494) Monotherapy to Methotrexate (MTX) Monotherapy in Adults With Rheumatoid Arthritis (RA) Who Have an Inadequate Response to MTX (SELECT-MONOTHERAPY),AbbVie,INDUSTRY,,0,PHASE3,INTERVENTIONAL,648.0,2016-03-23,COMPLETED,Rheumatoid Arthritis,153,abbvie,abbvie
NCT03948451,Study Evaluating the Pharmacokinetic and Mass Balance of Single Dose [14C] AZD5718 in Volunteers,AstraZeneca,INDUSTRY,Quotient Sciences,1,PHASE1,INTERVENTIONAL,6.0,2019-04-30,COMPLETED,Cardiovascular Disease,1,astrazeneca,astrazeneca
NCT03939429,Phase 1 Study of Oral QPX2015 in Healthy Adult Subjects,"Qpex Biopharma, Inc.",INDUSTRY,Biomedical Advanced Research and Development Authority,1,PHASE1,INTERVENTIONAL,40.0,2019-05-20,COMPLETED,Bacterial Infections,1,qpex,qpex
NCT00118729,Study In Adolescent And Adult Subjects 12 Years Of Age And Older With Seasonal Allergic Rhinitis To Assess Onset of Action,GlaxoSmithKline,INDUSTRY,,0,PHASE3,INTERVENTIONAL,380.0,2005-04,COMPLETED,"Rhinitis, Allergic, Seasonal",1,gsk,gsk
NCT06183229,Cycloferon for Post-exposure Prophylaxis of Acute Respiratory Viral Infections and Influenza,POLYSAN Scientific & Technological Pharmaceutical Company,INDUSTRY,,0,PHASE3,INTERVENTIONAL,166.0,2023-09-15,COMPLETED,Influenza; Acute Respiratory Infection,2,polysan scientific and technological,polysan scientific and technological
NCT03321929,Intraoperative Detection of Residual Cancer in Breast Cancer,"Lumicell, Inc.",INDUSTRY,National Cancer Institute (NCI),1,PHASE2,INTERVENTIONAL,234.0,2018-02-06,COMPLETED,Breast Cancer,16,lumicell,lumicell
NCT02244229,Study to Evaluate the Therapeutic Action of Tamsulosin and Finasteride in Symptomatic Benign Prostatic Hyperplasia (BPH) Patients,Boehringer Ingelheim,INDUSTRY,,0,PHASE4,INTERVENTIONAL,403.0,1998-04,COMPLETED,Prostatic Hyperplasia,0,boehringer,boehringer
NCT07149831,"A Clinical Trial Evaluating the Safety and Tolerability, Biodistribution and Radiation Dosimetry, and Pharmacokinetics of Flotufolastat F-18 Injection in Healthy Chinese Adults",Sinotau Pharmaceutical Group,INDUSTRY,,0,PHASE1,INTERVENTIONAL,6.0,2025-06-07,RECRUITING,Prostate Cancer,1,sinotau,sinotau
NCT02654431,Identification and Semi -Quantification of ER/PR Proteins Expression,Applied Spectral Imaging Ltd.,INDUSTRY,,0,,OBSERVATIONAL,350.0,2013-05,COMPLETED,Breast Cancer,1,applied spectral imaging,applied spectral imaging
NCT00347802,Diurnal Curves With Bimatoprost 0.03% Versus Travoprost 0.004%,Innovative Medical,INDUSTRY,,0,PHASE4,INTERVENTIONAL,,,COMPLETED,Glaucoma,1,innovative,innovative
NCT00925002,Safety And Efficacy Evaluation Of Fx-1006A In Subjects With Transthyretin Amyloidosis,Pfizer,INDUSTRY,,0,PHASE3,INTERVENTIONAL,93.0,2009-08-05,COMPLETED,ATTR-PN,9,pfizer,pfizer
NCT01515553,Bioequivalence of Two Liraglutide Formulations in Healthy Volunteers,Novo Nordisk A/S,INDUSTRY,,0,PHASE1,INTERVENTIONAL,22.0,2007-01,COMPLETED,Diabetes; Healthy,1,novo nordisk,novo nordisk
NCT00332553,Study of Hot Flashes and Night Sweats in Postmenopausal Women Receiving Combination Raloxifene and Oral Estrogen,Eli Lilly and Company,INDUSTRY,,0,PHASE2,INTERVENTIONAL,150.0,2002-02,COMPLETED,Vasomotor Symptoms; Endometrial Safety,1,eli lilly,eli lilly
NCT00973453,Study With High Dose PURETHAL Mites in Allergic Rhinitis/Rhinoconjunctivitis Patients,HAL Allergy,INDUSTRY,,0,PHASE2,INTERVENTIONAL,48.0,2009-08,COMPLETED,Allergic Rhinitis; Allergic Rhinoconjunctivitis,6,hal allergy,hal allergy
NCT01901653,Rovalpituzumab Tesirine (SC16LD6.5) in Recurrent Small Cell Lung Cancer,Stemcentrx,INDUSTRY,,0,PHASE1; PHASE2,INTERVENTIONAL,82.0,2013-07,COMPLETED,Recurrent Small Cell Lung Cancer,8,stemcentrx,stemcentrx
NCT05431153,A Study to Investigate the Effect of Tablet Formulation and Food on PF-07104091 in Healthy Participants,Pfizer,INDUSTRY,,0,PHASE1,INTERVENTIONAL,30.0,2022-06-10,COMPLETED,Healthy,1,pfizer,pfizer
NCT00940953,Compare Captisol-Enabled (CE) Budesonide + Azelastine Nasal Solution and Rhinocort Aqua + Astelin in an Environmental Exposure Chamber (EEC) Study of Allergic Rhinitis,Ligand Pharmaceuticals,INDUSTRY,,0,PHASE2,INTERVENTIONAL,108.0,2008-02,COMPLETED,Seasonal Allergic Rhinitis,1,ligand,ligand
NCT00002137,A Phase I Trial of Tecogalan Sodium ( DS-4152 ) Administered as an Infusion Weekly x 4,Daiichi Pharmaceuticals,INDUSTRY,,0,PHASE1,INTERVENTIONAL,,,COMPLETED,"Sarcoma, Kaposi; HIV Infections",1,daiichi,daiichi
NCT02262637,Micardis® / MicardisPlus® Program for Therapy Optimization With Telmisartan in Cardiovascular Diseases (PROTEKT),Boehringer Ingelheim,INDUSTRY,,0,,OBSERVATIONAL,4814.0,2003-09,COMPLETED,Hypertension,0,boehringer,boehringer
NCT02725437,"Clostridium Difficile Vaccine Safety, Tolerability, and Immunogenicity Study in Japanese Adults",Pfizer,INDUSTRY,,0,PHASE1,INTERVENTIONAL,100.0,2016-02,COMPLETED,Clostridium Difficile Associated Disease,2,pfizer,pfizer
NCT00883337,A Study Comparing the Effectiveness and Safety of Teriflunomide and Interferon Beta-1a in Patients With Relapsing Multiple Sclerosis,Sanofi,INDUSTRY,,0,PHASE3,INTERVENTIONAL,324.0,2009-04,COMPLETED,Multiple Sclerosis,54,sanofi,sanofi
NCT02330237,Natural Gels for Treatment of Plaque Psoriasis,Secret of Youth,INDUSTRY,,0,PHASE2; PHASE3,INTERVENTIONAL,45.0,2015-01,COMPLETED,Parapsoriasis,1,secret of youth,secret of youth
NCT04233437,Drug-Drug Interaction Study of MLC1501 Using Cocktail of Drugs Acting as Sensitive Clinical Probes/Substrates of Cytochrome P450 Isoenzymes and Transporters in Healthy Subjects,Moleac Pte Ltd.,INDUSTRY,Moleac Australia Pty Ltd,1,PHASE1,INTERVENTIONAL,27.0,2020-02-10,COMPLETED,Stroke,1,moleac pte,moleac pte
NCT04250337,Safety and Efficacy of Lebrikizumab (LY3650150) in Combination With Topical Corticosteroid in Moderate-to-Severe Atopic Dermatitis.,Eli Lilly and Company,INDUSTRY,"Dermira, Inc.",1,PHASE3,INTERVENTIONAL,228.0,2020-02-03,COMPLETED,Atopic Dermatitis,63,eli lilly,eli lilly
NCT04194645,"A Study in Healthy Men to Test How the Body Takes up and Tolerates Different Doses of BI 474121, and Whether it Makes a Difference if BI 474121 is Taken as a Tablet or a Drink.",Boehringer Ingelheim,INDUSTRY,,0,PHASE1,INTERVENTIONAL,66.0,2020-01-09,COMPLETED,Healthy,1,boehringer,boehringer
NCT02447172,Study of a Topical Gentamicin-Collagen Sponge Along With Systemic Antibiotic in Infected Diabetic Foot Ulcers,Innocoll,INDUSTRY,,0,PHASE3,INTERVENTIONAL,524.0,2015-06,COMPLETED,"Foot Ulcer, Diabetic; Infection",91,innocoll,innocoll
NCT01474772,Efficacy and Safety Study of Pregabalin in the Treatment of Pain on Walking in Patients With Diabetic Peripheral Neuropathy (DPN),Pfizer's Upjohn has merged with Mylan to form Viatris Inc.,INDUSTRY,,0,PHASE3,INTERVENTIONAL,217.0,2011-10,COMPLETED,Diabetic Peripheral Neuropathy,45,pfizer s upjohn has merged with mylan to form viatris,pfizer s upjohn has merged with mylan to form viatris
NCT01448239,"Injection Site Tolerability, Safety, Pharmacokinetics and Pharmacodynamics Study After a Single Dose Subcutaneous Treatment of Alirocumab SAR236553 (REGN727)",Sanofi,INDUSTRY,Regeneron Pharmaceuticals,1,PHASE1,INTERVENTIONAL,24.0,2011-02,COMPLETED,Hypercholesterolemia,1,sanofi,sanofi
NCT02723539,A Trial to Assess Safety and Efficacy of Topical MBN-101 in Patients With Moderate/ Severe DFI,Microbion Corporation,INDUSTRY,,0,PHASE1,INTERVENTIONAL,52.0,2017-03-06,COMPLETED,Diabetic Foot Infection,2,microbion,microbion
NCT07446439,A Study to Evaluate Tradipitant on Treating Nausea and Vomiting Induced by GLP-1R Agonist Use,Vanda Pharmaceuticals,INDUSTRY,,0,PHASE3,INTERVENTIONAL,280.0,2026-03-27,RECRUITING,Nausea and Vomiting; Obesity,10,vanda,vanda
NCT01225939,A Study Conducted Over 3 Periods to Look at the Drug in the Body,AstraZeneca,INDUSTRY,,0,PHASE1,INTERVENTIONAL,18.0,2010-11,COMPLETED,Type 2 Diabetes Mellitus,1,astrazeneca,astrazeneca
NCT00097539,"National Cooperative Growth Study (NCGS): A Post-marketing Surveillance Program for Nutropin, Nutropin AQ, Nutropin Depot, and Protropin","Genentech, Inc.",INDUSTRY,,0,,OBSERVATIONAL,65205.0,1985-10,COMPLETED,Growth Disorders,0,roche,roche
NCT04682639,A Study to Assess the Safety and Efficacy of Oral Etrasimod in Adult Participants With Eosinophilic Esophagitis,Pfizer,INDUSTRY,Arena is a wholly owned subsidiary of Pfizer,1,PHASE2,INTERVENTIONAL,108.0,2020-12-15,COMPLETED,Eosinophilic Esophagitis,256,pfizer,pfizer
NCT00504777,A Study of MabThera (Rituximab) in Combination With Methotrexate in Patients With Rheumatoid Arthritis Who Have Had an Inadequate Response to Anti-TNF Agents.,Hoffmann-La Roche,INDUSTRY,,0,PHASE4,INTERVENTIONAL,36.0,2007-07,COMPLETED,Rheumatoid Arthritis,10,roche,roche
NCT01871077,Safety and Tolerability of the Ophthalmic Solution PRO-156 in Ophthalmologically Healthy Volunteers.,Laboratorios Sophia S.A de C.V.,INDUSTRY,,0,PHASE1,INTERVENTIONAL,30.0,2013-09,COMPLETED,Healthy,0,laboratorios sophia s a de c v,laboratorios sophia s a de c v
NCT07642375,Study of the Impact of Digital Health Interventions on Symptom & Side-Effect Management in Metastatic Sarcoma Patients,CareAcross,INDUSTRY,Hellenic Group of Sarcomas & Rare Cancers (HGSRC),1,,INTERVENTIONAL,108.0,2023-08-22,RECRUITING,Advanced Sarcoma; Metastatic Sarcoma,11,careacross,careacross
NCT00729872,"A Phase 2a Study to Evaluate the Safety, Tolerability, Pharmacodynamics and Efficacy of AG011 in Ulcerative Colitis",ActoGeniX N.V.,INDUSTRY,,0,PHASE1; PHASE2,INTERVENTIONAL,60.0,2008-07,COMPLETED,Moderately Active Ulcerative Colitis,18,actogenix n v,actogenix n v
NCT01607372,A Study to Investigate the Safety and Pharmacodynamics of Repeat Intranasal Administration of the TLR7 Agonist GSK2245035 in Subjects With Respiratory Allergies,GlaxoSmithKline,INDUSTRY,PATH,1,PHASE2,INTERVENTIONAL,18.0,2012-04,COMPLETED,Asthma and Rhinitis,1,gsk,gsk
NCT02955472,Bioequivalence Study of Two Formulations of Pregabalin CR (Controlled-release) Table 150 mg,GL Pharm Tech Corporation,INDUSTRY,,0,PHASE1,INTERVENTIONAL,24.0,2016-11,COMPLETED,Healthy,1,gl pharm tech,gl pharm tech
NCT03143257,Ambispective Clinical Evaluation of Sophono™,Medtronic Surgical Technologies,INDUSTRY,,0,,OBSERVATIONAL,71.0,2017-06-29,COMPLETED,Conductive Hearing Loss; Single-Sided Deafness; Mixed Hearing Loss,6,medtronic surgical,medtronic surgical
NCT05381857,Genetic & Environmental Determinants Of Immune Phenotype Variance: A Longitudinal Assessment,Institut Pasteur,INDUSTRY,,0,,OBSERVATIONAL,415.0,2022-03-15,COMPLETED,Healthy Subjects,1,institut pasteur,institut pasteur
NCT00434057,Evaluation of Pigmented Skin Lesions With MelaFind(R) System,"MELA Sciences, Inc.",INDUSTRY,,0,PHASE3,INTERVENTIONAL,1383.0,2007-01,COMPLETED,Melanoma,2,mela,mela
NCT06533657,Unique Treatment of Oncology Pain in Advanced Cancer,ZYUS Life Sciences Inc.,INDUSTRY,,0,PHASE2,INTERVENTIONAL,11.0,2025-06-12,COMPLETED,Cancer Pain,3,zyus life,zyus life
NCT07147257,A Trial to Assess the Pharmacokinetic Similarity Between CHS-1420 40 mg/0.4 mL and HUMIRA® (Adalimumab) 40 mg/0.4 mL in Healthy Chinese Adult Participants Under Fasting Conditions,"Nanjing King-Friend Biochemical Pharmaceutical Co., Ltd.",INDUSTRY,,0,PHASE1,INTERVENTIONAL,238.0,2025-02-12,COMPLETED,Healthy Participants,1,nanjing king friend biochemical,nanjing king friend biochemical
NCT03486457,Efficacy And Safety Of Tofacitinib In Chinese Subjects With Active Psoriatic Arthritis,Pfizer,INDUSTRY,,0,PHASE3,INTERVENTIONAL,204.0,2018-08-10,COMPLETED,Psoriatic Arthritis,38,pfizer,pfizer
NCT03573401,Study to Evaluate the Safety and Efficacy of BF-200 ALA (Ameluz®) and BF-RhodoLED® in the Treatment of Superficial Basal Cell Carcinoma (sBCC) With Photodynamic Therapy (PDT).,Biofrontera Inc.,INDUSTRY,,0,PHASE3,INTERVENTIONAL,187.0,2018-09-25,ACTIVE_NOT_RECRUITING,Superficial Basal Cell Carcinoma,18,biofrontera,biofrontera
NCT05047601,A Study of a Potential Oral Treatment to Prevent COVID-19 in Adults Who Are Exposed to Household Member(s) With a Confirmed Symptomatic COVID-19 Infection,Pfizer,INDUSTRY,,0,PHASE2; PHASE3,INTERVENTIONAL,2954.0,2021-09-09,COMPLETED,COVID-19,170,pfizer,pfizer
NCT04261075,IPH5201 as Monotherapy or in Combination With Durvalumab +/- Oleclumab in Subjects With Advanced Solid Tumors.,MedImmune LLC,INDUSTRY,,0,PHASE1,INTERVENTIONAL,57.0,2020-03-03,COMPLETED,Advanced Solid Tumors,8,astrazeneca,astrazeneca
NCT03616301,"Bioequivalence Study of Clavamox, Powder for Oral Suspension, 400 mg + 57 mg / 5 ml (Pharmtechnology LLC, Belarus), and Augmentin®, Powder for Oral Suspension, 400 mg + 57 mg / 5 ml (GlaxoSmithKline Trading CJSC, Russia), in Healthy Volunteers Under Fasting Conditions",Pharmtechnology LLC,INDUSTRY,"ClinPharmInvest, LLC",1,PHASE1,INTERVENTIONAL,56.0,2018-07-28,COMPLETED,Bioequivalence,1,pharmtechnology,pharmtechnology
NCT04819412,To Determine the Safety and Efficacy of Liquid ROTAVAC 5C Vaccine Against Childhood Diarrhea Caused by Rotavirus,Bharat Biotech International Limited,INDUSTRY,"Georgia Institute for Clinical Research, LLC",1,PHASE3,INTERVENTIONAL,1975.0,2015-03-20,COMPLETED,Rotavirus Gastroenteritis,0,bharat biotech,bharat biotech
NCT00054912,An Open Label Study of a Peptide Vaccine in Patients With Stage III Colon Cancer,Epimmune,INDUSTRY,,0,PHASE1,INTERVENTIONAL,18.0,2003-02,COMPLETED,Colonic Neoplasms; Colorectal Neoplasms,9,epimmune,epimmune
NCT05011812,Study of PBI-0451 in Healthy Subjects.,"Pardes Biosciences, Inc.",INDUSTRY,,0,PHASE1,INTERVENTIONAL,130.0,2021-08-14,COMPLETED,Covid19,1,pardes,pardes
NCT07546812,"Study of Denikitug (GS-1811) Given Alone or With Nivolumab or Chemotherapy in Adults With Metastatic Gastric, Gastroesophageal Junction (GEJ), and Esophageal Adenocarcinomas",Gilead Sciences,INDUSTRY,,0,PHASE2,INTERVENTIONAL,120.0,2026-07,RECRUITING,HER2-negative; Gastroesophageal Junction; Esophageal Adenocarcinoma; Gastric Adenocarcinoma,4,gilead,gilead
NCT06337981,Efficacy and Safety of AJU-S56 in Dry Eye Syndrome Patients,"AJU Pharm Co., Ltd.",INDUSTRY,GL Pharm Tech Corporation,1,PHASE2,INTERVENTIONAL,99.0,2021-11-22,COMPLETED,Dry Eye Syndromes,1,aju pharm,aju pharm
NCT07481981,A Study to Evaluate the Efficacy and Safety of Once Daily Treprostinil Palmitil Inhalation Powder (TPIP) in Participants With Pulmonary Arterial Hypertension (PAH),Insmed Incorporated,INDUSTRY,,0,PHASE3,INTERVENTIONAL,344.0,2026-06-26,RECRUITING,Pulmonary Arterial Hypertension,2,insmed incorporated,insmed incorporated
NCT01225081,A Study to Assess the Efficacy and Safety of ASP1941 in Combination With Pioglitazone in Type 2 Diabetic Patients,Astellas Pharma Inc,INDUSTRY,,0,PHASE3,INTERVENTIONAL,152.0,2010-09-15,COMPLETED,Type 2 Diabetes Mellitus,7,astellas,astellas
NCT01594281,Multicenter 12 Months Clinical Study to Evaluate Efficacy and Safety of Ranibizumab Alone or in Combination With Laser Photocoagulation vs. Laser Photocoagulation Alone in Proliferative Diabetic Retinopathy (PRIDE),Novartis Pharmaceuticals,INDUSTRY,,0,PHASE2,INTERVENTIONAL,107.0,2012-12-11,COMPLETED,Proliferative Diabetic Retinopathy (PDR),23,novartis,novartis
NCT02146781,A Safety and Immunogenicity Phase IC Study of CryJ2 -DNA-LAMP Plasmid Vaccine for Assessment of Intradermal (ID) Route of Administration Using the Biojector 2000 Device,"Immunomic Therapeutics, Inc.",INDUSTRY,,0,PHASE1,INTERVENTIONAL,22.0,2014-06,COMPLETED,Allergic Rhinitis,1,immunomic,immunomic
NCT01199081,Pharmacokinetics and Optimal Timing of Dronedarone Initiation Following Long-term Amiodarone in Patients With Paroxysmal or Persistent Atrial Fibrillation,Sanofi,INDUSTRY,,0,PHASE4,INTERVENTIONAL,154.0,2010-10,COMPLETED,Atrial Fibrillation,40,sanofi,sanofi
NCT02682381,Short Bowel Syndrome Research Study for Children Up To 17 Years of Age on Parenteral Nutrition,Shire,INDUSTRY,,0,PHASE3,INTERVENTIONAL,59.0,2016-06-23,COMPLETED,Short Bowel Syndrome,27,takeda,takeda
NCT07171619,Evaluate the Effects of Famotidine or Rabeprazole on the PK of Nirogacestat,"SpringWorks Therapeutics, Inc., a healthcare company of Merck KGaA, Darmstadt, Germany",INDUSTRY,,0,PHASE1,INTERVENTIONAL,24.0,2025-08-21,COMPLETED,Healthy,1,springworks therapeutics inc a healthcare company of merck kgaa darmstadt germany,springworks therapeutics inc a healthcare company of merck kgaa darmstadt germany
NCT05183919,Software Treatment for Actively Reducing Severity of ADHD in Adults (STARS ADHD Adult),"Akili Interactive Labs, Inc.",INDUSTRY,,0,,INTERVENTIONAL,223.0,2021-11-29,COMPLETED,Attention Deficit Hyperactivity Disorder,14,akili interactive,akili interactive
NCT04476030,A Comparative Study of Sage-217 Plus an Antidepressant (ADT) Versus Placebo Plus an ADT in Adults With Major Depressive Disorder,Biogen,INDUSTRY,,0,PHASE3,INTERVENTIONAL,440.0,2020-11-09,COMPLETED,"Depressive Disorder, Major",51,biogen,biogen
NCT00067730,"A Safety Evaluation of Drotrecogin Alfa (Activated) in Patients With Blood Cancer, Severe Infection Related to Bone Marrow Transplantation",Eli Lilly and Company,INDUSTRY,,0,PHASE4,INTERVENTIONAL,7.0,2003-03,COMPLETED,Sepsis; Hematologic Neoplasms; Hematopoietic Stem Cell Transplantation; Infection,5,eli lilly,eli lilly
NCT07537530,Gait Rehabilitation in Stroke Patients Using Functional Electrical Stimulation and Visual Feedback,g.tec medical engineering GmbH,INDUSTRY,,0,,INTERVENTIONAL,30.0,2025-06-03,COMPLETED,Stroke,1,g tec medical engineering,g tec medical engineering
NCT01606228,"A Trial to Explore the Tolerability, Safety and Efficacy of Paliperidone Extended Release in Patients With Schizophrenia",Janssen Pharmaceutica,INDUSTRY,,0,PHASE3,INTERVENTIONAL,188.0,2007-12,COMPLETED,Schizophrenia,0,johnson and johnson,johnson and johnson
NCT05507528,Evaluation of the Safety and Efficacy of REBORN System for Lipolysis Treatment,Lightfective Ltd,INDUSTRY,,0,,INTERVENTIONAL,107.0,2022-06-30,COMPLETED,LIPOLYSIS,3,lightfective,lightfective
NCT03668028,A Phase I/III Clinical Study of TPX-114 for the Treatment of Full-Thickness Rotator Cuff Tear,"Tego Science, Inc.",INDUSTRY,,0,PHASE3,INTERVENTIONAL,93.0,2018-07-09,COMPLETED,Rotator Cuff Injuries,2,tego,tego
NCT06815965,A Clinical Study of Neflamapimod in Patients With Dementia With Lewy Bodies,EIP Pharma Inc,INDUSTRY,"CervoMed, Inc.",1,PHASE2,INTERVENTIONAL,26.0,2024-10-16,COMPLETED,Dementia With Lewy Bodies (DLB),2,eip pharma,eip pharma
NCT01959854,Efficacy of Topical 0.2% Xanthan Gum in Patients With Dry Eye,SIFI SpA,INDUSTRY,,0,,INTERVENTIONAL,30.0,2013-09,COMPLETED,Dry Eye,1,sifi,sifi
NCT02301754,INVAC-1 Anti-Cancer hTERT DNA Immunotherapy,Invectys,INDUSTRY,Keyrus Biopharma,1,PHASE1,INTERVENTIONAL,26.0,2014-11,COMPLETED,Solid Tumors,2,invectys,invectys
NCT05386654,imPulse™ Tor System Self-Directed Cuffless Blood Pressure Monitoring,"Level 42 AI, Inc.",INDUSTRY,"University of California, Davis",1,,OBSERVATIONAL,15.0,2022-05-16,COMPLETED,"AI-driven, Self-directed Blood Pressure Monitoring",1,level 42 ai,level 42 ai
NCT00642954,"Vorinostat (MK-0683, SAHA [Suberoylanilide Hydroxamic Acid]) + Lenalidomide + Dexamethasone in Multiple Myeloma (MM) (MK-0683-074)",Merck Sharp & Dohme LLC,INDUSTRY,,0,PHASE1,INTERVENTIONAL,31.0,2008-02-13,COMPLETED,Relapsed or Refractory Multiple Myeloma,0,merck,merck
NCT01359605,Study to Assess the Metabolism and Elimination of [14C]-Labeled Varespladib Methyl in Healthy Male Subjects,Anthera Pharmaceuticals,INDUSTRY,,0,PHASE1,INTERVENTIONAL,6.0,2011-06,COMPLETED,Healthy Volunteers,1,anthera,anthera
NCT07317505,A Phase 1 Study of JMT108 in Participants With Advanced Solid Tumors,"Conjupro Biotherapeutics, Inc.",INDUSTRY,,0,PHASE1,INTERVENTIONAL,270.0,2025-12-02,RECRUITING,Cancer; Cancer (Solid Tumors),3,conjupro biotherapeutics,conjupro biotherapeutics
NCT00645905,Study of Two Dosing Schedules of Adalimumab in Subjects With Moderate to Severe Chronic Plaque Psoriasis,Abbott,INDUSTRY,,0,PHASE2,INTERVENTIONAL,148.0,2003-06,COMPLETED,Psoriasis,0,abbott,abbott
NCT02681094,"A Multi-Center, Randomized, Double-Blind, Phase III Trial to Evaluate the Safety and Efficacy of Saxagliptin Co-administered With Dapagliflozin Compared to Saxagliptin or Dapagliflozin All Given as add-on Therapy to Metformin in Subject With Type 2 Diabetes",AstraZeneca,INDUSTRY,,0,PHASE3,INTERVENTIONAL,905.0,2016-02-26,COMPLETED,Type 2 Diabetes Mellitus; Inadequate Glycaemic Control,110,astrazeneca,astrazeneca
NCT07448194,A Phase Ia Clinical Trial of HW241045,Hubei Bio-Pharmaceutical Industrial Technological Institute Inc.,INDUSTRY,,0,PHASE1,INTERVENTIONAL,56.0,2025-11-24,RECRUITING,Healthy Volunteers; IPF,1,hubei bio pharmaceutical industrial technological institute,hubei bio pharmaceutical industrial technological institute
NCT02583594,A Study to Characterize Subcutaneous or Intravenous Alemtuzumab in Patients With Progressive Multiple Sclerosis,"Genzyme, a Sanofi Company",INDUSTRY,,0,PHASE1,INTERVENTIONAL,24.0,2015-12-06,COMPLETED,Progressive Multiple Sclerosis,1,genzyme a sanofi,genzyme a sanofi
NCT01043666,A Study of YM178 in Subjects With Symptoms of Overactive Bladder,Astellas Pharma Inc,INDUSTRY,,0,PHASE3,INTERVENTIONAL,1126.0,2009-12-21,COMPLETED,"Urinary Bladder, Overactive",35,astellas,astellas
NCT00209456,Dopamine Transporter Scintigraphy Imaging (DAT-Imaging) in Patients With Lewy Body Dementia,GE Healthcare,INDUSTRY,,0,PHASE3,INTERVENTIONAL,326.0,2003-11,COMPLETED,Lewy Body Dementia; Non-DLB Dementia; Alzheimer's; Vascular Dementia,1,ge healthcare,ge healthcare
NCT03945656,A Research Study of How Overdosing of a New Once Weekly Medicine NNC0148-0287 C (Insulin 287) Influences the Blood Sugar Level in People With Type 2 Diabetes,Novo Nordisk A/S,INDUSTRY,,0,PHASE1,INTERVENTIONAL,43.0,2019-05-07,COMPLETED,"Diabetes Mellitus, Type 2",1,novo nordisk,novo nordisk
NCT00791622,A Study of QT and QTc Intervals in Patients Administered Extended Release Paliperidone or Quetiapine,"Johnson & Johnson Pharmaceutical Research & Development, L.L.C.",INDUSTRY,,0,PHASE1,INTERVENTIONAL,110.0,2006-01,COMPLETED,Schizophrenia; Schizoaffective Disorder,0,johnson and johnson pharmaceutical research and development l l c,johnson and johnson pharmaceutical research and development l l c
NCT02226822,DISCOVERing Treatment Reality of Type 2 Diabetes in Real World Setting in Japan,AstraZeneca,INDUSTRY,"Ono Pharmaceutical Co., Ltd.",1,,OBSERVATIONAL,1869.0,2014-09-20,COMPLETED,Type 2 Diabetes Mellitus,106,astrazeneca,astrazeneca
NCT06658951,Anti-HER2 CAR-T Cell Injection in Patients With HER2-positive Advanced Malignant Solid Tumors,UTC Therapeutics Inc.,INDUSTRY,The First Affiliated Hospital of Zhengzhou University,1,,INTERVENTIONAL,30.0,2025-04-03,RECRUITING,HER2-positive Advanced Malignant Solid Tumors,1,utc therapeutics,utc therapeutics
NCT00513851,Phase 1 Study of OSI-930 in Cancer Patients,Astellas Pharma Inc,INDUSTRY,OSI Pharmaceuticals,1,PHASE1,INTERVENTIONAL,60.0,2006-04,COMPLETED,Advanced Solid Tumors,3,astellas,astellas
NCT07055451,Study of Bictegravir/Emtricitabine/Tenofovir Alafenamide in Newborns Exposed to HIV,Gilead Sciences,INDUSTRY,,0,PHASE1,INTERVENTIONAL,16.0,2025-08-12,ACTIVE_NOT_RECRUITING,HIV-1-infection,7,gilead,gilead
NCT03724851,Vactosertib in Combination with Pembrolizumab in Metastatic Colorectal or Gastric Cancer,"MedPacto, Inc.",INDUSTRY,Merck Sharp & Dohme LLC,1,PHASE1; PHASE2,INTERVENTIONAL,120.0,2018-12-20,COMPLETED,Metastatic Colorectal Cancer; Gastric Cancer; Gastroesophageal Junction Adenocarcinoma,5,medpacto,medpacto
NCT02333929,Validation of Rivaroxaban Assay for US Registration,Diagnostica Stago,INDUSTRY,,0,,OBSERVATIONAL,100.0,2015-03,COMPLETED,Patients Receiving Rivaroxaban Treatment,1,diagnostica stago,diagnostica stago
NCT05659329,Retrospective Simplex High Viscosity (HV) Bone Cement Study,Stryker Orthopaedics,INDUSTRY,,0,,OBSERVATIONAL,200.0,2016-04-25,COMPLETED,Arthritis Knee; Aseptic Loosening,0,stryker orthopaedics,stryker orthopaedics
NCT06633731,Clinical Case Study Evaluating the Efficacy and Tolerability of a Topical Facial Treatment on Healthy Females with Fitzpatrick Skin Types V and VI,Revision Skincare,INDUSTRY,Tone Dermatology,1,,INTERVENTIONAL,11.0,2023-04-24,COMPLETED,Skin Smoothness; Radiance; Overall Appearance,1,revision skincare,revision skincare
NCT05133531,A Study to Evaluate How Safe Pozelimab + Cemdisiran Combination Therapy is and How Well it Works in Adult Patients With Paroxysmal Nocturnal Hemoglobinuria (PNH) Who Have Not Recently Received or Have Not Received Complement Inhibitor Treatment,Regeneron Pharmaceuticals,INDUSTRY,,0,PHASE3,INTERVENTIONAL,202.0,2022-08-01,ACTIVE_NOT_RECRUITING,Paroxysmal Nocturnal Hemoglobinuria,68,regeneron,regeneron
NCT00551031,"Study of Inactivated, Split-Virion Influenza Vaccine and Standard Fluzone® Vaccine in Adult and Elderly Subjects",Sanofi,INDUSTRY,,0,PHASE2,INTERVENTIONAL,2098.0,2007-10,COMPLETED,Influenza; Myxovirus Infection,29,sanofi,sanofi
NCT06632002,Diabetes-specific Formulas on Nutritional Outcomes in Individuals With Diabetes Who Require Nutritional Support,Abbott Nutrition,INDUSTRY,,0,,INTERVENTIONAL,103.0,2025-01-02,ACTIVE_NOT_RECRUITING,Diabetes,1,abbott nutrition,abbott nutrition
NCT01382602,Autologous Muscle Derived Cells Female Stress Urinary Incontinence Clinical Study,Cook MyoSite,INDUSTRY,,0,PHASE3,INTERVENTIONAL,150.0,2011-11-04,COMPLETED,"Urinary Incontinence, Stress",10,cook myosite,cook myosite
NCT00676702,A Study of the Enzyme Activity and Safety of Pancrelipase in Patients With Severe Exocrine Pancreatic Insufficiency (EPI),"Johnson & Johnson Pharmaceutical Research & Development, L.L.C.",INDUSTRY,,0,PHASE1,INTERVENTIONAL,13.0,2008-07,COMPLETED,"Exocrine Pancreatic Insufficiency; Pancreatitis, Chronic; Steatorrhea; Pancreatitis",0,johnson and johnson pharmaceutical research and development l l c,johnson and johnson pharmaceutical research and development l l c
NCT02066402,Efficacy and Safety of Intravenous to Oral 6-Day Tedizolid Phosphate vs. Intravenous to Oral 10-Day Linezolid in Patients With Acute Bacterial Skin and Skin Structure Infection (ABSSSI),Bayer,INDUSTRY,Merck Sharp & Dohme LLC,1,PHASE3,INTERVENTIONAL,598.0,2014-03-04,COMPLETED,Bacterial Infections,55,bayer,bayer
NCT04949802,Glaucoma Surgery Using the ViaLase Laser System,"Vialase, Inc.",INDUSTRY,,0,,INTERVENTIONAL,22.0,2020-09-01,COMPLETED,"Glaucoma; Glaucoma, Open-Angle",1,vialase,vialase
NCT04580953,A Prospective Clinical Study Aimed to Assess the Technical Feasibility of RR2 Wearable Home Care Neuromodulation System,Ziv HealthCare Ltd.,INDUSTRY,,0,,INTERVENTIONAL,11.0,2021-01-28,COMPLETED,Atrial Fibrillation Recurrence,1,ziv healthcare,ziv healthcare
NCT00857753,Relative Bioavailability of a Fentanyl Patch,Sandoz,INDUSTRY,,0,PHASE1,INTERVENTIONAL,40.0,2006-09,COMPLETED,Pain,0,sandoz,sandoz
NCT05801237,PE0116 and PE0105 Injection in Treatment of Patients With Advanced Solid Tumor,"Shanghai HyaMab Biotech Co.,Ltd.",INDUSTRY,,0,PHASE1; PHASE2,INTERVENTIONAL,120.0,2023-09-21,RECRUITING,Locally Advanced/Metastatic Solid Tumors,1,shanghai hyamab biotech,shanghai hyamab biotech
NCT00703937,Safety and Tolerability of Ferric Carboxymaltose (FCM) Versus Standard of Care in Treating Iron Deficiency Anemia,"American Regent, Inc.",INDUSTRY,,0,PHASE3,INTERVENTIONAL,708.0,2008-07,COMPLETED,Anemia,1,american regent,american regent
NCT02789137,Study On Fatigue- And Hand-Foot Syndrome-Related Quality Of Life In Patients With Metastatic Renal Cell Carcinoma Receiving A Tyrosine Kinase Inhibitor as First-Line Treatment,Pfizer,INDUSTRY,TFS Trial Form Support,1,,OBSERVATIONAL,111.0,2016-12-22,COMPLETED,Metastatic Renal Cell Carcinoma,23,pfizer,pfizer
NCT06760637,Study of PF-07220060 With Letrozole in Adults With HR-positive HER2-negative Breast Cancer Who Have Not Received Anticancer Treatment for Advanced/Metastatic Disease,Pfizer,INDUSTRY,,0,PHASE3,INTERVENTIONAL,1035.0,2025-01-06,ACTIVE_NOT_RECRUITING,Breast Cancer,463,pfizer,pfizer
NCT01814137,A Randomised Trial Comparing Efficacy and Safety After Intensification With Either Insulin Aspart Once Daily as add-on or Changing to Basal Bolus Treatment With Insulin Degludec and Insulin Aspart in Subjects With Type 2 Diabetes Previously Treated With Insulin Degludec/Insulin Aspart Twice Daily,Novo Nordisk A/S,INDUSTRY,,0,PHASE3,INTERVENTIONAL,40.0,2013-03,COMPLETED,"Diabetes; Diabetes Mellitus, Type 2",40,novo nordisk,novo nordisk
NCT05607537,"A Study to Determine the Absolute Bioavailability and the Absorption, Metabolism, and Elimination Properties of Carbon-14 (14C)E7386 in Healthy Male Participants",Eisai Limited,INDUSTRY,,0,PHASE1,INTERVENTIONAL,15.0,2022-10-17,COMPLETED,Healthy Volunteers,1,eisai,eisai
NCT05174845,Real Word Evidence With 1L Polyethylene Glycol (PEG)+ Ascorbic Acid in Iberia,Norgine,INDUSTRY,Xolomon Tree S.L.,1,,OBSERVATIONAL,13393.0,2021-10-01,COMPLETED,Colon Cancer; Colon Disease; Colon Cleansing,12,norgine,norgine
NCT00356772,Azithromycin Level in Tears and in Conjunctiva in 36 Healthy Volunteers,Laboratoires Thea,INDUSTRY,,0,PHASE1,INTERVENTIONAL,,2003-02,COMPLETED,"Eye Infections, Bacterial",0,laboratoires thea,laboratoires thea
NCT04581772,A Study to Evaluate the Bioavailability and Safety of DNL343 in Healthy Volunteers,Denali Therapeutics Inc.,INDUSTRY,,0,PHASE1,INTERVENTIONAL,31.0,2020-12-23,COMPLETED,Healthy Volunteers,1,denali,denali
NCT00174395,A Trial to Study of the Effects of Eletriptan 40mg on Mild vs Moderate to Severe Pain Intensity of Migraine,Pfizer's Upjohn has merged with Mylan to form Viatris Inc.,INDUSTRY,,0,PHASE4,INTERVENTIONAL,220.0,2005-03,COMPLETED,Migraine,33,pfizer s upjohn has merged with mylan to form viatris,pfizer s upjohn has merged with mylan to form viatris
NCT05631795,"Study to Assess the Safety of Alpelisib Plus Fulvestrant, in Men and Post-menopausal Women With HR-positive, HER2-negative, Advanced Breast Cancer (aBC) With PIK3CA Mutation, Whose Disease Progressed on or After Endocrine Treatment",Novartis Pharmaceuticals,INDUSTRY,,0,PHASE4,INTERVENTIONAL,40.0,2022-08-09,COMPLETED,Advanced Breast Cancer,12,novartis,novartis
NCT01937195,AccuCath™ Intravenous (IV) Device Used by Vascular Access Team (VAT),C. R. Bard,INDUSTRY,,0,,INTERVENTIONAL,95.0,2013-04,COMPLETED,Vascular Access Complication,1,c r bard,c r bard
NCT03924895,Perioperative Pembrolizumab (MK-3475) Plus Cystectomy or Perioperative Pembrolizumab Plus Enfortumab Vedotin Plus Cystectomy Versus Cystectomy Alone in Participants Who Are Cisplatin-ineligible or Decline Cisplatin With Muscle-invasive Bladder Cancer (MK-3475-905/KEYNOTE-905/EV-303),Merck Sharp & Dohme LLC,INDUSTRY,"Seagen Inc.; Astellas Pharma Global Development, Inc.",2,PHASE3,INTERVENTIONAL,595.0,2019-07-24,ACTIVE_NOT_RECRUITING,"Urinary Bladder Cancer, Muscle-invasive",242,merck,merck
NCT00214695,A Subjective Evaluation of Inflow Pain Associated With the Use of an Experimental Solution for Peritoneal Dialysis,Vantive Health LLC,INDUSTRY,Baxter Healthcare Corporation,1,,INTERVENTIONAL,20.0,2005-05,COMPLETED,End Stage Renal Disease,1,vantive,vantive
NCT01885195,MEK162 for Patients With RAS/RAF/MEK Activated Tumors,Pfizer,INDUSTRY,,0,PHASE2,INTERVENTIONAL,110.0,2013-10-10,COMPLETED,Solid Tumor and Hematologic Malignancies,68,pfizer,pfizer
NCT04344795,Phase 1a/1b Study of TPST-1495 as a Single Agent and in Combination With Pembrolizumab in Subjects With Solid Tumors,Tempest Therapeutics,INDUSTRY,,0,PHASE1,INTERVENTIONAL,89.0,2020-05-06,COMPLETED,Solid Tumor; Colorectal Cancer; Non Small Cell Lung Cancer; Squamous Cell Carcinoma of Head and Neck; Urothelial Carcinoma; Endometrial Cancer; Gastroesophageal Junction Adenocarcinoma; Gastric Adenocarcinoma; Solid Tumors With PIK3Ca Mutation,11,tempest,tempest
NCT01309139,Pharmacokinetics of the Fixed Dose Combination of Tiotropium Plus BI 54903 Versus the Combination of the Monoproducts of Tiotropium and BI 54903 in Healthy Volunteers,Boehringer Ingelheim,INDUSTRY,,0,PHASE1,INTERVENTIONAL,36.0,2011-03,COMPLETED,Healthy,1,boehringer,boehringer
NCT04751539,A Dose-escalation Study of AND017 in Healthy Subjects,Kind Pharmaceuticals LLC,INDUSTRY,,0,PHASE1,INTERVENTIONAL,78.0,2018-07-16,COMPLETED,Healthy Volunteers,1,kind,kind
NCT03156439,"Bioavailability, Safety, and Tolerability of BIS-001 ER","Supernus Pharmaceuticals, Inc.",INDUSTRY,Melbourne Health,1,PHASE1,INTERVENTIONAL,8.0,2017-05-22,COMPLETED,"Epilepsy, Complex Partial",1,supernus,supernus
NCT04356339,US PROmyBETAapp2.0: A Study to Learn More About the Medication Usage and Patient Reported Outcomes Via the myBETAapp in Medical Care of Patients With Multiple Sclerosis Treated With BETASERON Using BETACONNECT Autoinjector,Bayer,INDUSTRY,,0,,OBSERVATIONAL,100.0,2020-11-24,COMPLETED,Multiple Sclerosis,1,bayer,bayer
NCT06976177,Study of MT1013 Injection for the Treatment of Secondary Hyperparathyroidism (SHPT) Patients With Chronic Kidney Disease Undergoing Maintenance Dialysis,"Shaanxi Micot Pharmaceutical Technology Co., Ltd.",INDUSTRY,,0,PHASE2,INTERVENTIONAL,310.0,2024-06-07,RECRUITING,Secondary Hyperparathyroidism (SHPT) in Subjects With Chronic Kidney Disease (CKD) on Hemodialysis,1,shaanxi micot pharmaceutical technology,shaanxi micot pharmaceutical technology
NCT02683577,"Study to Evaluate a Dose of Telotristat Etiprate in Male and Female With Mild, Moderate and Severe Hepatic Insufficiency and Matched Healthy Subjects",Ipsen,INDUSTRY,,0,PHASE1,INTERVENTIONAL,24.0,2016-02,COMPLETED,Hepatic Impairment,2,ipsen,ipsen
NCT00132977,RethinQ Study - Evaluating Pacing in Heart Failure Patients,Abbott Medical Devices,INDUSTRY,,0,PHASE3,INTERVENTIONAL,250.0,2005-07,COMPLETED,Heart Failure,34,abbott medical devices,abbott medical devices
NCT04023877,A Study to Determine the Metabolism and Elimination of [14C]E2027 in Healthy Male Participants,Eisai Inc.,INDUSTRY,,0,PHASE1,INTERVENTIONAL,8.0,2019-07-18,COMPLETED,Dementias With Lewy Bodies,1,eisai,eisai
NCT05078775,Medical Food for the Dietary Management of Advanced/Metastatic Pancreatic Cancer,Faeth Therapeutics,INDUSTRY,,0,,INTERVENTIONAL,39.0,2021-12-21,COMPLETED,Metastatic Pancreatic Adenocarcinoma; Locally Advanced Unresectable Pancreatic Adenocarcinoma,9,faeth,faeth
NCT00559975,"Safety, Tolerability, Immunogenicity And CPG Dosage Finding Study of Novartis CpG Adjuvanted Flu Vaccine",Novartis,INDUSTRY,Novartis Vaccines,1,PHASE1,INTERVENTIONAL,60.0,2007-10,COMPLETED,Influenza Infection,1,novartis,novartis
NCT07727057,A Study of Dual Energy THERMOCOOL SMARTTOUCH™ SF Catheter With the TRUPULSE™ Generator for Treatment of Ventricular Arrhythmias,"Biosense Webster, Inc.",INDUSTRY,,0,,INTERVENTIONAL,90.0,2026-07-08,RECRUITING,"Arrhythmias, Cardiac",11,biosense webster,biosense webster
NCT03196557,A Study to Assess the Pharmacodynamics (PD) of Prednisoline in Healthy Male Subject,Bristol-Myers Squibb,INDUSTRY,,0,PHASE1,INTERVENTIONAL,24.0,2008-03-31,COMPLETED,Immunoscience,2,bms,bms
NCT04999657,Evaluation of the The Neuromodulation System for the Treatment of Overactive Bladder Symptoms,Medtecx Co Ltd.,INDUSTRY,,0,,INTERVENTIONAL,109.0,2021-08-26,COMPLETED,Overactive Bladder,7,medtecx,medtecx
NCT04228601,A Study of Fluzoparib in Combination With mFOLFIRINOX in Patients With Advanced Pancreatic Cancer,"Jiangsu HengRui Medicine Co., Ltd.",INDUSTRY,,0,PHASE1; PHASE2,INTERVENTIONAL,39.0,2020-01-21,COMPLETED,Advanced Pancreatic Cancer,2,jiangsu hengrui medicine,jiangsu hengrui medicine
NCT01325701,Safety and Efficacy Study of a BTK Inhibitor in Subjects With Relapsed or Refractory Diffuse Large B-cell Lymphoma,Pharmacyclics LLC.,INDUSTRY,,0,PHASE2,INTERVENTIONAL,78.0,2011-05,COMPLETED,Diffuse Large Cell B-lymphoma,15,abbvie,abbvie
NCT05805501,A Study of Immune Checkpoint Inhibitor Combinations With Axitinib in Participants With Untreated Locally Advanced Unresectable or Metastatic Renal Cell Carcinoma,Hoffmann-La Roche,INDUSTRY,,0,PHASE2,INTERVENTIONAL,199.0,2023-04-21,ACTIVE_NOT_RECRUITING,Renal Cell Carcinoma,43,roche,roche
NCT01039701,"4 Week, Safety and Tolerability Study in Patients With Mild to Moderate Alzheimer's Disease",AstraZeneca,INDUSTRY,,0,PHASE2,INTERVENTIONAL,99.0,2009-12,COMPLETED,Mild to Moderate Alzheimer's Disease,12,astrazeneca,astrazeneca
NCT02133001,"A Double-blind Study to Assess the Efficacy and Safety of Intranasal Esketamine for the Rapid Reduction of the Symptoms of Major Depressive Disorder, Including Suicidal Ideation, in Participants Who Are Assessed to be at Imminent Risk for Suicide","Janssen Research & Development, LLC",INDUSTRY,,0,PHASE2,INTERVENTIONAL,68.0,2014-05-23,COMPLETED,Major Depressive Disorder,14,janssen research and,janssen research and
NCT02480712,Efficacy and Safety of Sofosbuvir/Velpatasvir Fixed Dose Combination for 12 Weeks in Adults With Chronic Hepatitis C Virus (HCV) and Human Immunodeficiency Virus (HIV)-1 Coinfection,Gilead Sciences,INDUSTRY,,0,PHASE3,INTERVENTIONAL,107.0,2015-07-01,COMPLETED,Hepatitis C Virus Infection,15,gilead,gilead
NCT04672512,Single and Multiple Ascending Dose Study of CORT125329 in Healthy Participants,Corcept Therapeutics,INDUSTRY,,0,PHASE1,INTERVENTIONAL,115.0,2020-10-23,COMPLETED,Healthy,1,corcept,corcept
NCT02202512,Effect of Repeated Doses of BI 1060469 and BI 1021958 on Glomerular Filtration Rate (GFR) in Healthy Volunteers,Boehringer Ingelheim,INDUSTRY,,0,PHASE1,INTERVENTIONAL,53.0,2014-09,COMPLETED,Healthy,1,boehringer,boehringer
NCT07626281,"Assessment of Safety, Tolerability, Pharmacokinetics and Pharmacodynamics of a New Formulation of Inclisiran Containing Polysorbate 80 Compared to the Currently Marketed Formulation",Novartis Pharmaceuticals,INDUSTRY,,0,PHASE1,INTERVENTIONAL,120.0,2026-06-09,RECRUITING,Inclisiran Formulation,3,novartis,novartis
NCT01082081,Post-operative Dental Pain Study Comparing Analgesic Efficacy,GlaxoSmithKline,INDUSTRY,,0,PHASE4,INTERVENTIONAL,300.0,2009-10,COMPLETED,Post-surgical Dental Pain,2,gsk,gsk
NCT06548919,Current Status of Treatment for Chinese Patients With ESR1-mutated HR+/HER2-advanced Breast Cancer,SciClone Pharmaceuticals,INDUSTRY,,0,,OBSERVATIONAL,450.0,2024-08-08,RECRUITING,ESR1 Gene Mutation; Advanced Breast Cancer,1,sciclone,sciclone
NCT06862219,A Safety Study of Enfortumab Vedotin in Indian Adults With Urothelial Cancer,"Astellas Pharma Global Development, Inc.",INDUSTRY,Pfizer,1,PHASE4,INTERVENTIONAL,100.0,2025-06-21,RECRUITING,Metastatic Urothelial Carcinoma,13,astellas pharma global,astellas pharma global
NCT00991419,To Compare Positron Emission Tomography (PET) Measurements of Fibrillar Amyloid Burden,AstraZeneca,INDUSTRY,,0,PHASE2,INTERVENTIONAL,25.0,2010-02,COMPLETED,Alzheimer's Disease,1,astrazeneca,astrazeneca
NCT07013630,Radicle ClarityTM 25_SR.1: A Study Assessing the Impact of Health and Wellness Products on Cognitive Function,Radicle Science,INDUSTRY,,0,,INTERVENTIONAL,500.0,2025-06-26,COMPLETED,Cognitive Function,1,radicle,radicle
NCT05133830,Linerixibat and Obeticholic Acid Drug Interaction Study in Healthy Adult Participants,GlaxoSmithKline,INDUSTRY,,0,PHASE1,INTERVENTIONAL,52.0,2021-11-23,COMPLETED,Pruritus,1,gsk,gsk
NCT03707730,"A Randomized, Double-Blind, Placebo Controlled, Crossover Trial to Evaluate Safety and Efficacy of AGY in Celiac Disease",Igy Inc.,INDUSTRY,Vetanda Group Ltd,1,PHASE2,INTERVENTIONAL,161.0,2019-10-29,COMPLETED,Celiac Disease,2,igy inc,igy inc
NCT00474630,A Safety and Efficacy Study Comparing Naltrexone SR/Bupropion SR and Placebo in Obese Subjects With Type 2 Diabetes,"Orexigen Therapeutics, Inc",INDUSTRY,,0,PHASE3,INTERVENTIONAL,505.0,2007-05,COMPLETED,"Obesity; Overweight; Diabetes Mellitus, Type 2",53,orexigen,orexigen
NCT03751228,A Taste Assessment of BMS-986165 in Healthy Participants,Bristol-Myers Squibb,INDUSTRY,,0,PHASE1,INTERVENTIONAL,9.0,2018-10-11,COMPLETED,Healthy Participants,1,bms,bms
NCT02825628,Study of ODX (Osteodex) in Metastatic Castration Resistant Prostate Cancer (CRPC),DexTech Medical AB,INDUSTRY,,0,PHASE2,INTERVENTIONAL,55.0,2016-05,COMPLETED,Prostate Cancer Metastatic,8,dextech medical ab,dextech medical ab
NCT04594928,A Study Evaluating the Effects of GLPG3667 Given as an Oral Treatment for 4 Weeks in Adults With Moderate to Severe Plaque Psoriasis,Lakefront Biotherapeutics NV,INDUSTRY,,0,PHASE1,INTERVENTIONAL,30.0,2020-10-19,COMPLETED,Plaque Psoriasis,7,lakefront biotherapeutics,lakefront biotherapeutics
NCT07751328,Feasibility Assessment of the Wellumio 'Axana' 0.1T Portable MRI Device,Wellumio R&D Australia Pty Ltd,INDUSTRY,,0,,INTERVENTIONAL,60.0,2024-07-01,COMPLETED,Stroke; Acute Stroke; Ischemic Stroke; Hemorrhagic Stroke,1,wellumio r and d australia pty,wellumio r and d australia pty
NCT02049528,"Study to Evaluate Pharmacokinetics of Single Oral Doses of Formulated and Non-Formulated CC-122, and Food Effect Study",Celgene,INDUSTRY,,0,PHASE1,INTERVENTIONAL,18.0,2014-01-16,COMPLETED,"Clinical Pharmacology, Healthy Male Volunteer Study",1,bms,bms
NCT05940428,A Study of ASKG712 in Patients With Diabetic Macular Edema,"Visara, Inc.",INDUSTRY,"Suzhou Aosaikang Biopharmaceutical Co., Ltd.; AskGene Pharma, Inc.",2,PHASE1,INTERVENTIONAL,10.0,2023-10-23,COMPLETED,Diabetic Macular Edema,1,visara,visara
NCT01290965,"Safety, PK and Efficacy of 15 Days of SCY-635 Treatment in Hepatitis C Patients","Scynexis, Inc.",INDUSTRY,,0,PHASE1,INTERVENTIONAL,57.0,2007-04,COMPLETED,Chronic Hepatitis C,2,scynexis,scynexis
NCT06206265,Assessment of Psilocybin (TRP-8802) in Concert With Psychotherapy in Patients With Irritable Bowel Syndrome (IBS),TRYP Therapeutics,INDUSTRY,,0,PHASE2,INTERVENTIONAL,14.0,2024-01-17,ACTIVE_NOT_RECRUITING,Irritable Bowel Syndrome,1,tryp,tryp
NCT06075667,A Study of Tirzepatide (LY3298176) Once Weekly in Adolescent Participants Who Have Obesity or Overweight With Weight-Related Comorbidities,Eli Lilly and Company,INDUSTRY,,0,PHASE3,INTERVENTIONAL,160.0,2023-10-16,ACTIVE_NOT_RECRUITING,Obesity; Overweight,33,eli lilly,eli lilly
NCT00661167,Phase II Study of ABI-007 for Gastric Cancer,"Taiho Pharmaceutical Co., Ltd.",INDUSTRY,,0,PHASE2,INTERVENTIONAL,56.0,2008-04,COMPLETED,Gastric Cancer,10,taiho,taiho
NCT00392067,LEO19123 Cream in the Treatment of Atopic Dermatitis,LEO Pharma,INDUSTRY,,0,PHASE2,INTERVENTIONAL,75.0,2006-10,COMPLETED,Atopic Dermatitis,4,leo pharma,leo pharma
NCT07168200,A Phase III Clinical Study of Adebrelimab Combined With Concurrent Chemoradiotherapy Versus Placebo Combined With Concurrent Chemoradiotherapy for the Treatment of Locally Advanced Cervical Cancer,"Shanghai Shengdi Pharmaceutical Co., Ltd",INDUSTRY,,0,PHASE3,INTERVENTIONAL,720.0,2025-10-17,RECRUITING,Advanced Cervical Cancer,1,shanghai shengdi,shanghai shengdi
NCT01609400,An Extension of CTN 31GB0607 to Evaluate Long Term Safety of NASHA Treatment in the Breast,Galderma R&D,INDUSTRY,,0,,OBSERVATIONAL,11.0,2011-12,COMPLETED,Breast Enhancement,0,galderma r and d,galderma r and d
NCT00498407,A Phase II Study of CP-4055 as Second Line Therapy in Patients With Advanced Colorectal Cancer,Clavis Pharma,INDUSTRY,,0,PHASE2,INTERVENTIONAL,16.0,2007-05,COMPLETED,Advanced Colorectal Cancer; Colorectal Cancer,4,clavis,clavis
NCT01356407,Investigation of PICOPREP and PEG-ELS for Bowel Preparation for Colonoscopy,Ferring Pharmaceuticals,INDUSTRY,,0,PHASE3,INTERVENTIONAL,300.0,2011-01,COMPLETED,Colonoscopy,7,ferring,ferring
NCT02521207,Pilot Study of OXP001(2) and Brufen in Healthy Subjects,Oxford Pharmascience Ltd,INDUSTRY,Quotient Clinical,1,PHASE1,INTERVENTIONAL,53.0,2015-07,COMPLETED,Gastroduodenal Erosions,1,oxford pharmascience,oxford pharmascience
NCT02647307,"Study of the Effects of Ethnicity on the Pharmacokinetics, Pharmacodynamics and Safety of DS-1040b",Daiichi Sankyo,INDUSTRY,Hammersmith Medicines Research,1,PHASE1,INTERVENTIONAL,48.0,2016-02,COMPLETED,Healthy,1,daiichi sankyo,daiichi sankyo
NCT00843492,A Study to Evaluate the Efficacy and Safety of Fondaparinux for the Prevention of Venous Blood Clots in Patients With a Plaster Cast or Other Type of Immobilization for a Below-knee Injury Not Needing Surgery,GlaxoSmithKline,INDUSTRY,,0,PHASE3,INTERVENTIONAL,1351.0,2008-12,COMPLETED,"Thrombosis, Venous",122,gsk,gsk
NCT05901636,"A Clinical Study to Evaluate an Experimental Universal Influenza Vaccine, INFLUENZA G1 mHA, in Healthy Adults",Janssen Vaccines & Prevention B.V.,INDUSTRY,Biomedical Advanced Research and Development Authority,1,PHASE1; PHASE2,INTERVENTIONAL,170.0,2023-05-17,COMPLETED,Influenza Prevention,4,janssen vaccines and prevention b v,janssen vaccines and prevention b v
NCT02834936,A Clinica Study of Pyrotinib in Patients of Advanced Non-Small Cell Lung Cancer With HER2 Mutation,"Jiangsu HengRui Medicine Co., Ltd.",INDUSTRY,,0,PHASE2,INTERVENTIONAL,60.0,2016-10-20,COMPLETED,Non Small Cell Lung,11,jiangsu hengrui medicine,jiangsu hengrui medicine
NCT06693336,An Adjuvant Study to Evaluate SMS001 (Paclitaxel) in Non-Small Cell Lung Cancer,ToLymph Inc.,INDUSTRY,"University Health Network, Toronto; Mayo Clinic, Rochester, MN",2,PHASE2,INTERVENTIONAL,42.0,2024-11-18,RECRUITING,"Carcinoma, Non-Small-Cell Lung Cancer (NSCLC)",2,tolymph,tolymph
NCT04051736,Immunogenicity and Safety of Sabin-IPV Replacement Vaccination,China National Biotec Group Company Limited,INDUSTRY,Beijing Institute of Biological Products Co Ltd.; Beijing Center for Disease Control and Prevention; Peking University,3,PHASE4,INTERVENTIONAL,360.0,2018-03-01,COMPLETED,Vaccination,1,china national biotec,china national biotec
NCT02148211,Fluarix/ FluLaval/ Fluarix Quadrivalent/ FluLaval Quadrivalent Vaccine Pregnancy Registry,GlaxoSmithKline,INDUSTRY,,0,,OBSERVATIONAL,507.0,2014-06-01,COMPLETED,Influenza,1,gsk,gsk
NCT06141811,A Follow-up Study to Evaluate the Safety of ALLO-ASC-DFU in ALLO-ASC-DFU-302 Clinical Trial,"Anterogen Co., Ltd.",INDUSTRY,,0,,OBSERVATIONAL,104.0,2023-04-25,RECRUITING,Diabetic Foot Ulcer,4,anterogen,anterogen
NCT06804811,A Study to Evaluate the Efficacy and Safety of Ruxolitinib Cream in Children (6 to < 12 Years Old) With Nonsegmental Vitiligo,Incyte Corporation,INDUSTRY,,0,PHASE3,INTERVENTIONAL,250.0,2025-11-13,RECRUITING,NonSegmental Vitiligo,79,incyte,incyte
NCT02492711,Margetuximab Plus Chemotherapy vs Trastuzumab Plus Chemotherapy in the Treatment of HER2+ Metastatic Breast Cancer,MacroGenics,INDUSTRY,,0,PHASE3,INTERVENTIONAL,624.0,2015-08-24,COMPLETED,HER-2 Positive Breast Cancer; Metastatic Neoplasm,167,macrogenics,macrogenics
NCT06193811,A Study in Healthy People to Compare Two Different Tablets of BI 685509 and to Test How Food and Esomeprazole Influence the Amount of BI 685509 in the Blood,Boehringer Ingelheim,INDUSTRY,,0,PHASE1,INTERVENTIONAL,16.0,2024-01-16,COMPLETED,Healthy,1,boehringer,boehringer
NCT00356811,Lapatinib Combined With Paclitaxel For Patients With First-Line ErbB2-Amplified Metastatic Breast Cancer,GlaxoSmithKline,INDUSTRY,,0,PHASE2,INTERVENTIONAL,57.0,2006-05,COMPLETED,"Neoplasms, Breast",13,gsk,gsk
NCT01381588,The Prevalence of Osteoporotic Vertebral Compression Fractures (OVCF) in Korean Post Menopausal Women,GlaxoSmithKline,INDUSTRY,,0,,OBSERVATIONAL,1136.0,2010-10,COMPLETED,"Osteoporosis, Postmenopausal",1,gsk,gsk
NCT02858388,Sinuclean Nebules 45 for Treatment of Pediatric Exudative Otitis Media,Galsor S.r.l.,INDUSTRY,Catholic University of the Sacred Heart,1,PHASE3,INTERVENTIONAL,70.0,2015-01,COMPLETED,Otitis Media With Effusion,1,galsor s r l,galsor s r l
NCT00627003,A Study to Evaluate the Efficacy and Safety of Cabergoline Compared With Placebo for the Treatment of RLS,Pfizer,INDUSTRY,,0,PHASE3,INTERVENTIONAL,43.0,2002-11,COMPLETED,Restless Legs Syndrome,0,pfizer,pfizer
NCT03402503,"Safety, and Efficacy of a New Buccal Film of Montelukast in Patients With Mild to Moderate Alzheimer's Disease",IntelGenx Corp.,INDUSTRY,,0,PHASE2,INTERVENTIONAL,52.0,2018-11-26,COMPLETED,Alzheimer Disease,12,intelgenx,intelgenx
NCT00191503,Gemcitabine and Pemetrexed in Primary Unknown Adenocarcinoma,Eli Lilly and Company,INDUSTRY,,0,PHASE2,INTERVENTIONAL,30.0,2005-01,COMPLETED,Adenocarcinoma,2,eli lilly,eli lilly
NCT07673627,"ADAPT Forward 2 - ISA2 - a Study to Evaluate the Safety, Tolerability and Efficacy of Empasiprubart IV Monotherapy in Participants With AChR-Ab Seropositive Generalized Myasthenia Gravis",argenx,INDUSTRY,,0,PHASE2,INTERVENTIONAL,40.0,2026-07-10,RECRUITING,AChR-Ab Seropositive Generalized Myasthenia Gravis; Myasthenia Gravis (MG); MG - Myasthenia Gravis; gMG,2,argenx,argenx
NCT00584727,In-office Evaluation of Two Toric Soft Contact Lenses and a Spherical Soft Contact Lens,"Johnson & Johnson Vision Care, Inc.",INDUSTRY,"Foresight Regulatory Strategies, Inc.",1,,INTERVENTIONAL,96.0,2007-09,COMPLETED,Astigmatism,0,johnson and johnson vision care,johnson and johnson vision care
NCT04739761,A Study of T-DXd in Participants With or Without Brain Metastasis Who Have Previously Treated Advanced or Metastatic HER2 Positive Breast Cancer,AstraZeneca,INDUSTRY,Daiichi Sankyo,1,PHASE3,INTERVENTIONAL,506.0,2021-06-22,ACTIVE_NOT_RECRUITING,Breast Cancer,81,astrazeneca,astrazeneca
NCT01166061,Safety and Tolerability of ToleroMune Grass in Grass Allergic Subjects With Rhinoconjunctivitis,Circassia Limited,INDUSTRY,"Adiga Life Sciences, Inc.",1,PHASE2,INTERVENTIONAL,50.0,2010-07,COMPLETED,Allergy,1,circassia,circassia
NCT03650361,Bioequivalence Study of Adapalene Gel 0.3% in Subjects With Facial Acne Vulgaris,Aleor Dermaceuticals Limited,INDUSTRY,"Catawba Research, LLC",1,PHASE3,INTERVENTIONAL,755.0,2018-09-17,COMPLETED,Acne Vulgaris,10,aleor dermaceuticals,aleor dermaceuticals
NCT01076361,Model 4968 CAPTURE EPI® STERIOD-ELUTING BIPOLAR EPICARDIAL PACING LEAD Post-approval Study,Medtronic,INDUSTRY,,0,,OBSERVATIONAL,370.0,1999-09,COMPLETED,Arrhythmia; Heart Failure,106,medtronic,medtronic
NCT04121442,Isunakinra Alone and in Combination With a PD-1/PD-L1 Inhibitor in Patients With Solid Tumors,Buzzard Pharmaceuticals,INDUSTRY,Baylor Research Institute,1,PHASE1; PHASE2,INTERVENTIONAL,15.0,2020-09-01,COMPLETED,"Solid Tumor, Adult",1,buzzard,buzzard
NCT02395042,A Safety and Efficacy Study of LiRIS® in Females With Interstitial Cystitis With Hunner's Lesions,Allergan,INDUSTRY,,0,PHASE2,INTERVENTIONAL,59.0,2015-04-15,COMPLETED,"Cystitis, Interstitial; Ulcer",19,abbvie,abbvie
NCT04157686,"MT10109L in the Long-term, Open-label Treatment of Glabellar Lines (GL) and Lateral Canthal Lines (LCL)",Medy-Tox,INDUSTRY,,0,PHASE3,INTERVENTIONAL,957.0,2019-10-23,COMPLETED,Glabellar Lines; Lateral Canthal Lines,38,medy tox,medy tox
NCT00303186,Study Evaluating the Cost of the Treatments of the Refractory Psoriatic Arthritis to the Conventional Therapy,Pfizer,INDUSTRY,,0,,OBSERVATIONAL,107.0,2005-02,COMPLETED,"Arthritis, Psoriatic, Psoriasis",9,pfizer,pfizer
NCT01945086,A Study of Ustekinumab (STELARA®) in Adult Japanese Participants With Severe Atopic Dermatitis,Janssen Pharmaceutical K.K.,INDUSTRY,,0,PHASE2,INTERVENTIONAL,79.0,2013-09,COMPLETED,"Dermatitis, Atopic",13,janssen pharmaceutical k k,janssen pharmaceutical k k
NCT02957461,Validation of Brain Function Assessment Algorithm for mTBI/Concussion in College Athletes,"BrainScope Company, Inc.",INDUSTRY,United States Department of Defense,1,,OBSERVATIONAL,420.0,2017-02-03,COMPLETED,"Brain Injuries, Traumatic; Concussion, Mild; Concussion, Brain; Concussion, Severe; Concussion, Intermediate",8,brainscope,brainscope
NCT01127269,Safety and Effectiveness Study of Insulin Glargine (LANTUS) Initiation and Titration in Patients With Type 2 Diabetes,Sanofi,INDUSTRY,,0,PHASE4,INTERVENTIONAL,178.0,2010-05,COMPLETED,"Diabetes Mellitus, Type 2",23,sanofi,sanofi
NCT06864169,A Study of Raludotatug Deruxtecan (R-DXd) in People With Gastrointestinal Cancers (MK-5909-005),Merck Sharp & Dohme LLC,INDUSTRY,Daiichi Sankyo,1,PHASE2,INTERVENTIONAL,160.0,2025-04-01,ACTIVE_NOT_RECRUITING,Gastrointestinal Cancer,41,merck,merck
NCT05011669,The Safety and Efficacy of Lurasidone With Different Initiation Dose in Chinese Acute Phase Patients With Schizophrenia,"Marubeni Pharmaceuticals (Suzhou) Co., Ltd.",INDUSTRY,,0,PHASE4,INTERVENTIONAL,200.0,2021-08-16,COMPLETED,Schizophrenia,1,marubeni pharmaceuticals suzhou,marubeni pharmaceuticals suzhou
NCT00715169,"Double-Blind, Randomized, Placebo-Controlled Trial of MLN1202 on C-Reactive Protein Levels in Patients With Risk Factors for Cardiovascular Disease","Millennium Pharmaceuticals, Inc.",INDUSTRY,,0,PHASE2,INTERVENTIONAL,108.0,2005-08,COMPLETED,Atherosclerosis,0,takeda,takeda
NCT00387569,Study Evaluating Safety & Immunogenicity of rLP2086 Vaccine in Healthy Toddlers,Wyeth is now a wholly owned subsidiary of Pfizer,INDUSTRY,,0,PHASE1,INTERVENTIONAL,99.0,2006-10,COMPLETED,Healthy,1,wyeth is now a wholly owned subsidiary of pfizer,wyeth is now a wholly owned subsidiary of pfizer
NCT00838669,A Study of the Effect of Food and Posture on the Pharmacokinetics of a Single Dose of ER OROS Paliperidone,"Johnson & Johnson Pharmaceutical Research & Development, L.L.C.",INDUSTRY,,0,PHASE1,INTERVENTIONAL,74.0,2005-08,COMPLETED,Schizophrenia,0,johnson and johnson pharmaceutical research and development l l c,johnson and johnson pharmaceutical research and development l l c
NCT07365683,Efficacy of Bilastine Up-dosing (40 mg ) Versus Combination of Bilastine (20 mg )With Levocitirizine (5 mg) in the Treatment of Chronic Spontaneous Urticaria,Derma Techno Pakistan,INDUSTRY,,0,,INTERVENTIONAL,60.0,2025-08-18,COMPLETED,Chronic Spontaneous Urticaria (CSU),1,derma techno pakistan,derma techno pakistan
NCT01832883,Amblyopia and Strabismus Detection Using a Pediatric Vision Scanner,"Rebiscan, Inc.",INDUSTRY,Vanderbilt University,1,,OBSERVATIONAL,78.0,2010-12,COMPLETED,Amblyopia; Strabismus,1,rebiscan,rebiscan
NCT01615783,Clinical and Economic Burden of Patients With Chronic Obstructive Pulmonary Disease in a Medicaid Population,GlaxoSmithKline,INDUSTRY,,0,,OBSERVATIONAL,40884.0,2010-11,COMPLETED,"Pulmonary Disease, Chronic Obstructive",0,gsk,gsk
NCT03980041,Study to Evaluate the Efficacy/Safety of IPI-549 in Combination With Nivolumab in Patients With Advanced Urothelial Carcinoma (MARIO-275),"Infinity Pharmaceuticals, Inc.",INDUSTRY,Bristol-Myers Squibb,1,PHASE2,INTERVENTIONAL,49.0,2019-09-25,COMPLETED,Bladder Cancer; Urothelial Carcinoma; Solid Tumor; Advanced Cancer,29,infinity,infinity
NCT00700141,Non-Interventional Study About Treatment of Hemorrhages in Thyroid Surgery With TachoSil®,Nycomed,INDUSTRY,,0,,OBSERVATIONAL,482.0,2008-09,COMPLETED,Hemorrhage,132,nycomed,nycomed
NCT06903741,"New Preservative-free Combination of Trehalose, Sodium Hyaluronate and N-acetyl-aspartyl-glutamate (NAAGA) in Dry Eye",Laboratoires Thea,INDUSTRY,,0,,INTERVENTIONAL,30.0,2025-10-21,COMPLETED,Dry Eye Disease (DED),1,laboratoires thea,laboratoires thea
NCT02104141,Retrospective/Prospective Data Collection on the LDR ROIA Interbody Fusion Device With VerteBRIDGE Plating,LDR Spine USA,INDUSTRY,,0,,OBSERVATIONAL,51.0,2013-11,COMPLETED,Degenerative Disc Disease,0,ldr spine,ldr spine
NCT03024554,Evaluation of the Bifurcated Multilayer Flow Modulator for the Treatment of Abdominal Aortic Aneurysm,Cardiatis,INDUSTRY,,0,,INTERVENTIONAL,42.0,2014-04-11,COMPLETED,"Aortic Aneurysm, Abdominal; Aortic Aneurysm, Thoracoabdominal",7,cardiatis,cardiatis
NCT02936154,Study for MR Formulation of PF-06650833 in Healthy Adult Japanese Subjects,Pfizer,INDUSTRY,,0,PHASE1,INTERVENTIONAL,10.0,2016-08,COMPLETED,Healthy,1,pfizer,pfizer
NCT05684705,Study to Investigate the Penetration of Rifabutin Into the Lung After Multiple Intravenous Administrations of BV100,BioVersys AG,INDUSTRY,CW-Research and Management GmbH,1,PHASE1,INTERVENTIONAL,35.0,2023-09-01,COMPLETED,Bacterial Infections,1,bioversys,bioversys
NCT01997905,Stroke Feasibility Study,"AtriCure, Inc.",INDUSTRY,,0,PHASE1; PHASE2,INTERVENTIONAL,13.0,2014-01,COMPLETED,Atrial Fibrillation; AFib,7,atricure,atricure
NCT04930094,"Phase III Study of Efficacy and Safety of Secukinumab Versus Placebo, in Combination With Glucocorticoid Taper Regimen, in Patients With Giant Cell Arteritis (GCA)",Novartis Pharmaceuticals,INDUSTRY,,0,PHASE3,INTERVENTIONAL,354.0,2021-10-06,COMPLETED,Giant Cell Arteritis (GCA),104,novartis,novartis
NCT03254966,Study of SHR0302 Tablets (SHR0302) as Monotherapy in Active Rheumatoid Arthritis (RA) Patients,"Jiangsu HengRui Medicine Co., Ltd.",INDUSTRY,,0,PHASE2,INTERVENTIONAL,194.0,2017-11-24,COMPLETED,Rheumatoid Arthritis,1,jiangsu hengrui medicine,jiangsu hengrui medicine
NCT00480766,A Research Study to Evaluate the Safety and Effectiveness of MK0217 to Prevent and Treat Bone Loss (0217-193)(COMPLETED),Organon and Co,INDUSTRY,,0,PHASE3,INTERVENTIONAL,173.0,2001-07,COMPLETED,Osteoporosis,0,organon and,organon and
NCT06859866,Efficacy of Adjunctive At-Home Photodynamic Therapy (aPDT) in the Treatment of Peri-Implant Mucositis,Koite Health Oy,INDUSTRY,University of Roma La Sapienza,1,,INTERVENTIONAL,30.0,2025-04-29,RECRUITING,Peri-implant Mucositis,1,koite health oy,koite health oy
NCT00931866,Diclofenac Patch for Treatment of Acute Pain Due to Mild to Moderate Soft Tissue Injuries (TAPED),Cerimon Pharmaceuticals,INDUSTRY,"PPD Development, LP",1,PHASE3,INTERVENTIONAL,407.0,2009-04,COMPLETED,Acute Pain; Soft Tissue Injury,1,cerimon,cerimon
NCT03785756,Efficacy of 300 mg Ibuprofen Prolonged-Release Tablets for the Treatment of Pain After Surgical Removal of Impacted Third Molars,Reckitt Benckiser Healthcare (UK) Limited,INDUSTRY,Premier Research,1,PHASE3,INTERVENTIONAL,280.0,2019-04-29,COMPLETED,Pain,1,reckitt benckiser healthcare uk,reckitt benckiser healthcare uk
NCT06320756,Examining the Feasibility of Wysa in Hindi,Wysa,INDUSTRY,Udaan,1,,INTERVENTIONAL,79.0,2024-02-23,COMPLETED,Mental Health Issue; Diabetes Distress,1,wysa,wysa
NCT06374056,Kintsugi Voice Device Pilot Study,"Kintsugi Mindful Wellness, Inc.",INDUSTRY,Sonar Strategies; Vituity Psychiatry,2,,OBSERVATIONAL,262.0,2024-03-22,COMPLETED,Depression; Depression Moderate; Depression Severe; Depression Mild,1,kintsugi mindful wellness,kintsugi mindful wellness
NCT00952822,Pharmacokinetic Study of ADVATE Reconstituted in 2 mL Sterile Water for Injection,Baxalta now part of Shire,INDUSTRY,,0,PHASE1,INTERVENTIONAL,52.0,2008-08-08,COMPLETED,Hemophilia A,11,baxalta now part of shire,baxalta now part of shire
NCT06437522,A Study of BL-B01D1+PD-1 Monoclonal Antibody in Patients With Recurrent or Metastatic Head and Neck Squamous Cell Carcinoma and Other Solid Tumors,"Sichuan Baili Pharmaceutical Co., Ltd.",INDUSTRY,"Baili-Bio (Chengdu) Pharmaceutical Co., Ltd.",1,PHASE2,INTERVENTIONAL,46.0,2024-06-07,RECRUITING,Head and Neck Squamous Cell Carcinoma,1,sichuan baili,sichuan baili
NCT01955122,Polyp Detection With the EndoRings™: A Randomized Tandem Colonoscopy Study,EndoAid,INDUSTRY,,0,,INTERVENTIONAL,126.0,2013-07,COMPLETED,Colon Cancer,3,endoaid,endoaid
NCT00655629,"Vardenafil Orodispersible Tablet (ODT) Versus Placebo in Males With Erectile Dysfunction, 50% of Whom Are to be 65 Years or Older.",Bayer,INDUSTRY,GlaxoSmithKline; Schering-Plough,2,PHASE3,INTERVENTIONAL,339.0,2008-04,COMPLETED,Erectile Dysfunction,40,bayer,bayer
NCT02825251,Efficacy and Safety of Continuous Subcutaneous Insulin Infusion of Faster-acting Insulin Aspart Compared to NovoRapid® in Adults With Type 1 Diabetes,Novo Nordisk A/S,INDUSTRY,,0,PHASE3,INTERVENTIONAL,472.0,2016-07-06,COMPLETED,"Diabetes; Diabetes Mellitus, Type 1",92,novo nordisk,novo nordisk
NCT06926829,A Long-term Trial of EB-1020 in Adult Patients With ADHD,"Otsuka Pharmaceutical Co., Ltd.",INDUSTRY,,0,PHASE3,INTERVENTIONAL,180.0,2025-06-25,RECRUITING,Attention Deficit Hyperactivity Disorder (ADHD),1,otsuka,otsuka
NCT04424329,Effect of a Specific Blend of Fibers and Probiotics on the Microbiome,Société des Produits Nestlé (SPN),INDUSTRY,,0,,INTERVENTIONAL,20.0,2020-06-02,COMPLETED,Microbiota Perturbation by an Environmental Challenge,1,société des produits nestlé spn,société des produits nestlé spn
NCT01652729,"Comparison Study of the Glycemic Effects, Safety, and Tolerability of Exenatide Once Weekly Suspension to Sitagliptin and Placebo in Subjects With Type 2 Diabetes Mellitus",AstraZeneca,INDUSTRY,,0,PHASE3,INTERVENTIONAL,365.0,2013-02,COMPLETED,Diabetes Type 2,60,astrazeneca,astrazeneca
NCT02125253,"Study to Compare the Therapeutic Equivalence of Mometasone Furoate Nasal Spray, 50 mcg With Nasonex Nasal Spray in the Relief of the Signs and Symptoms of Seasonal Allergic Rhinitis","Amneal Pharmaceuticals, LLC",INDUSTRY,Novum Pharmaceutical Research Services,1,PHASE3,INTERVENTIONAL,811.0,2014-01,COMPLETED,Seasonal Allergic Rhinitis,10,amneal,amneal
NCT02396953,"Study to Determine the Maximum Tolerated Dose, Safety and Tolerability of a Single Dose of Lanreotide Prolonged Release Formulation (PRF) in Subjects With Acromegaly",Ipsen,INDUSTRY,,0,PHASE1; PHASE2,INTERVENTIONAL,28.0,2015-03,COMPLETED,Acromegaly,36,ipsen,ipsen
NCT00887237,Triple Site Ventricular Stimulation for Cardiac Resynchronization Therapy (CRT) Candidates,Medtronic Cardiac Rhythm and Heart Failure,INDUSTRY,,0,PHASE3,INTERVENTIONAL,76.0,2009-05,COMPLETED,Heart Failure,12,medtronic cardiac rhythm and heart failure,medtronic cardiac rhythm and heart failure
NCT02756845,Study of Talimogene Laherparepvec In Children With Advanced Non CNS Tumors,Amgen,INDUSTRY,,0,PHASE1,INTERVENTIONAL,15.0,2017-08-16,COMPLETED,Advanced Non CNS Tumors,22,amgen,amgen
NCT05070845,Safety and Efficacy Study of PF-06835375 in Primary Immune Thrombocytopenia,Pfizer,INDUSTRY,,0,PHASE2,INTERVENTIONAL,91.0,2022-02-02,RECRUITING,Primary Immune Thrombocytopenia,31,pfizer,pfizer
NCT01303445,Drug-drug Interaction Study of Aggrenox and Omeprazole in Normal Volunteers,Boehringer Ingelheim,INDUSTRY,,0,PHASE1,INTERVENTIONAL,60.0,2011-03,COMPLETED,Healthy,1,boehringer,boehringer
NCT00172172,Calcium Supplementation in Postmenopausal Women,Shire,INDUSTRY,,0,PHASE3,INTERVENTIONAL,374.0,2004-01-10,COMPLETED,Osteoporosis,27,takeda,takeda
NCT02270372,Study of ONT-10 and Varlilumab to Treat Advanced Ovarian or Breast Cancer,Cascadian Therapeutics Inc.,INDUSTRY,Celldex Therapeutics,1,PHASE1,INTERVENTIONAL,22.0,2014-11,COMPLETED,Advanced Breast Carcinoma; Advanced Ovarian Carcinoma,4,cascadian,cascadian
NCT06079372,Phase 3 Study of ALXN1850 in Pediatric Participants With HPP Previously Treated With Asfotase Alfa,"Alexion Pharmaceuticals, Inc.",INDUSTRY,,0,PHASE3,INTERVENTIONAL,43.0,2024-04-02,ACTIVE_NOT_RECRUITING,Hypophosphatasia,21,astrazeneca,astrazeneca
NCT00638495,Phase II Study of TRK-820 Soft Capsules - Intractable Pruritus in Patients With Chronic Liver Disease -,"Toray Industries, Inc",INDUSTRY,,0,PHASE2,INTERVENTIONAL,120.0,2008-03,COMPLETED,Pruritus With Chronic Liver Disease,1,toray industries,toray industries
NCT03085095,A Study to Evaluate the Safety and Efficacy of Relugolix in Men With Advanced Prostate Cancer,Myovant Sciences GmbH,INDUSTRY,,0,PHASE3,INTERVENTIONAL,1134.0,2017-04-18,COMPLETED,Prostate Cancer,162,myovant,myovant
NCT05813795,A Phase 3 Study to Evaluate the Efficacy of XW003 in Adults With Overweight or Obesity,"Hangzhou Sciwind Biosciences Co., Ltd.",INDUSTRY,,0,PHASE3,INTERVENTIONAL,664.0,2023-04-05,COMPLETED,Weight Management,1,hangzhou sciwind,hangzhou sciwind
NCT06224595,"A Phase 1 Study to Evaluate the Safety, Tolerability, Pharmacokinetic, Pharmacodynamic Profiles and Food Effect of CS32582 Capsules","Chipscreen Biosciences, Ltd.",INDUSTRY,,0,PHASE1,INTERVENTIONAL,112.0,2024-03-28,COMPLETED,Healthy,1,chipscreen,chipscreen
NCT07421739,Choroidal Melanoma Patient-Reported Outcome Study (CM-PRO) in a Subset of AU-011-301 (CoMpass) Subjects,Aura Biosciences,INDUSTRY,Vitaccess Ltd,1,,OBSERVATIONAL,15.0,2025-11-12,RECRUITING,Choroidal Melanoma; Indeterminate Lesions; Uveal Melanoma; Ocular Melanoma,1,aura,aura
NCT02844439,Study of Tesevatinib Monotherapy in Patients With Recurrent Glioblastoma,"Kadmon Corporation, LLC",INDUSTRY,,0,PHASE2,INTERVENTIONAL,40.0,2016-06,COMPLETED,Glioblastoma; Recurrent Glioblastoma; Brain Tumor,11,kadmon,kadmon
NCT00634439,Safety Study of Atomoxetine and Cerebrovascular Outcomes,Eli Lilly and Company,INDUSTRY,i3 Drug Safety,1,,OBSERVATIONAL,72000.0,2008-01,COMPLETED,Cerebrovascular Accident; Transient Ischemic Attack; ADHD,1,eli lilly,eli lilly
NCT01177839,Study to Assess the Incidence of Intussusception in Children < 2 Years of Age in Singapore,GlaxoSmithKline,INDUSTRY,,0,,OBSERVATIONAL,178.0,2002-05,COMPLETED,Intussusception,5,gsk,gsk
NCT03981939,Perianal Fistula (PAF) Validation and Burden of Illness Study,Takeda,INDUSTRY,,0,,OBSERVATIONAL,3032.0,2019-07-02,COMPLETED,Inflammatory Bowel Disease; Perianal Fistula; Crohns Disease,1,takeda,takeda
NCT05999877,PICAROS - Acalabrutinib RWE on 1L CLL in Spain,AstraZeneca,INDUSTRY,,0,,OBSERVATIONAL,192.0,2023-07-11,ACTIVE_NOT_RECRUITING,Chronic Lymphocytic Leukemia,47,astrazeneca,astrazeneca
NCT07669077,A Study to Assess Nipocalimab Concentrations in Breast Milk of Healthy Lactating Women,"Janssen Research & Development, LLC",INDUSTRY,,0,PHASE1,INTERVENTIONAL,8.0,2026-06-23,RECRUITING,Healthy,1,janssen research and,janssen research and
NCT01436877,Assessing Safety & Efficacy of MediTate Temporary Implant in Subjects With Benign Prostate Hyperplasia,Medi-Tate Ltd.,INDUSTRY,,0,,INTERVENTIONAL,32.0,2011-09,COMPLETED,Bladder Neck Obstruction; Benign Prostate Hyperplasia,1,medi tate,medi tate
NCT02137577,AcoArt Ⅱ/ BTK China: Drug-eluting Balloon for Below-The-Knee Angioplasty Evaluation in China,"Acotec Scientific Co., Ltd",INDUSTRY,,0,,INTERVENTIONAL,120.0,2014-05,COMPLETED,Peripheral Artery Disease,11,acotec scientific,acotec scientific
NCT02713477,Postprandial Glucodynamic Response to Insulin Glargine/Lixisenatide Fixed Ratio Combination in Japanese Patients With Type 2 Diabetes Mellitus,Sanofi,INDUSTRY,,0,PHASE1,INTERVENTIONAL,20.0,2016-04,COMPLETED,Type 2 Diabetes Mellitus,1,sanofi,sanofi
NCT01698775,A Study of Omarigliptin (MK-3102) in Participants With Type 2 Diabetes Mellitus With Chronic Kidney Disease or Kidney Failure on Dialysis (MK-3102-019),Merck Sharp & Dohme LLC,INDUSTRY,,0,PHASE3,INTERVENTIONAL,213.0,2012-10-02,COMPLETED,Type 2 Diabetes Mellitus,0,merck,merck
NCT01839175,Concomitant Administration of a New Hexavalent Vaccine With a Meningococcal Serogroup C Conjugate Vaccine in Healthy Infants During Primary Series Immunisation Followed by Booster Vaccination,"Sanofi Pasteur, a Sanofi Company",INDUSTRY,,0,PHASE3,INTERVENTIONAL,350.0,2013-04,COMPLETED,Neisseria Meningitidis; Bacterial Infections; Virus Diseases,11,sanofi pasteur a sanofi,sanofi pasteur a sanofi
NCT07262775,Radicle Relief RAL™: A Study Assessing the Impact of Health and Wellness Products on Pain Relief and Related Health Outcomes,Radicle Science,INDUSTRY,,0,,INTERVENTIONAL,650.0,2025-12-18,COMPLETED,Pain Interference,1,radicle,radicle
NCT03361501,A Phase 3 STudy of CaPRe in LOwering Very hiGh TriglYcerides (TRILOGY 2),Grace Therapeutics Inc.,INDUSTRY,,0,PHASE3,INTERVENTIONAL,278.0,2018-02-01,COMPLETED,Hypertriglyceridemia,68,grace,grace
NCT07461857,Minority-focused Environmental Health Education and Tracking Pilot Study,"Million Marker Wellness, Inc.",INDUSTRY,National Institute on Minority Health and Health Disparities (NIMHD),1,,INTERVENTIONAL,151.0,2025-09-01,COMPLETED,Environmental Exposure,1,million marker wellness,million marker wellness
NCT06937801,To Assess the Effect of Collagen on Gastrointestinal Discomfort in Healthy Adults With Gastrointestinal Symptoms.,Rousselot BVBA,INDUSTRY,"Nutrasource Pharmaceutical and Nutraceutical Services, Inc.",1,,INTERVENTIONAL,116.0,2025-05-08,COMPLETED,Gastrointestinal Disorders,1,rousselot bvba,rousselot bvba
NCT00680901,"LOGiC - Lapatinib Optimization Study in ErbB2 (HER2) Positive Gastric Cancer: A Phase III Global, Blinded Study Designed to Evaluate Clinical Endpoints and Safety of Chemotherapy Plus Lapatinib",Novartis Pharmaceuticals,INDUSTRY,,0,PHASE3,INTERVENTIONAL,545.0,2008-06-04,COMPLETED,"Neoplasms, Gastrointestinal Tract",183,novartis,novartis
NCT01590901,Pharmacokinetics and Safety Study of Probucol by Multiple Administration in Healthy Male Subjects,Otsuka Beijing Research Institute,INDUSTRY,,0,PHASE1,INTERVENTIONAL,12.0,2012-02,COMPLETED,Healthy,1,otsuka beijing research institute,otsuka beijing research institute
NCT00103701,"BMS-354825 in Patients With Chronic Accelerated, or Blast Phase Chronic Myelogenous Leukemia or Philadelphia Positive Acute Lymphoblastic Leukemia",Bristol-Myers Squibb,INDUSTRY,,0,PHASE1,INTERVENTIONAL,,2003-11,COMPLETED,"Leukemia, Myeloid, Chronic-phase; Leukemia, Lymphoblastic, Acute, Philadelphia-positive",2,bms,bms
NCT02419612,"A 52-week International, Multicenter Trial With a Long -Term Extension to Evaluate Saxagliptin With Dapagliflozin in Combination With Metformin Compared to Glimepiride in Combination With Metformin in Type 2 Diabetes Who Have Inadequate Glycemic Control on Metformin Alone",AstraZeneca,INDUSTRY,,0,PHASE3,INTERVENTIONAL,444.0,2015-08-14,COMPLETED,Diabetes,84,astrazeneca,astrazeneca
NCT02055612,Mobile Clinic - a Cross-sectional Epidemiological Survey,"Novartis Slovakia, s.r.o.",INDUSTRY,,0,,OBSERVATIONAL,3278.0,2013-03,COMPLETED,Age Related Macular Degeneration,1,novartis slovakia s r o,novartis slovakia s r o
NCT06167681,"The Safety, Tolerability and Efficacy of NouvNeu001 for Parkinson's Disease","iRegene Therapeutics Co., Ltd.",INDUSTRY,,0,PHASE1; PHASE2,INTERVENTIONAL,40.0,2024-01-17,RECRUITING,Parkinson Disease,2,iregene,iregene
NCT01114581,Evaluating the Effect of Mucinex 1200mg on Mucociliary and Cough Clearance During an Acute Respiratory Infection,Reckitt Benckiser LLC,INDUSTRY,,0,PHASE2,INTERVENTIONAL,38.0,2010-04,COMPLETED,Acute Respiratory Infection,1,reckitt benckiser,reckitt benckiser
NCT02226081,ShearWave™ Elastography of Breast Lesions in Chinese Patients,SuperSonic Imagine,INDUSTRY,,0,,OBSERVATIONAL,2273.0,2014-06,COMPLETED,Breast Neoplasms,22,supersonic imagine,supersonic imagine
NCT03724981,A Study Comparing the Dulaglutide Pen and the Semaglutide Pen,Eli Lilly and Company,INDUSTRY,,0,PHASE4,INTERVENTIONAL,312.0,2018-10-18,COMPLETED,"Diabetes Mellitus, Type 2",14,eli lilly,eli lilly
NCT02790281,A Study to Investigate Interleukin-6 (IL-6) and IL-6/Soluble IL-6 Receptor (sIL-6R) Complex Levels in Subjects With Active Inflammatory Bowel Disease,Ferring Pharmaceuticals,INDUSTRY,,0,,OBSERVATIONAL,33.0,2014-12,COMPLETED,Inflammatory Bowel Disease,2,ferring,ferring
NCT05464381,"Allogeneic ABCB5-positive Dermal Mesenchymal Stromal Cells for Treatment of Epidermolysis Bullosa (Phase III, Cross-over)",RHEACELL GmbH & Co. KG,INDUSTRY,,0,PHASE3,INTERVENTIONAL,91.0,2023-06-13,ACTIVE_NOT_RECRUITING,Epidermolysis Bullosa,16,rheacell gmbh and co kg,rheacell gmbh and co kg
NCT03593681,Compare Fallopian Tube Cells Collected by Cytuity With Removed Ovarian/Tubal Tissue to Determine Presence of Malignancy,Boston Scientific Corporation,INDUSTRY,,0,,OBSERVATIONAL,150.0,2018-08-27,COMPLETED,Fallopian Tube Cancer; Ovarian Cancer; Ovarian Neoplasms; Ovary Cancer; Fallopian Tube Neoplasms; Fallopian Tube Adenocarcinoma; High Grade Serous Carcinoma; Peritoneal Carcinoma; Peritoneal Neoplasms; Adnexal Mass; Ovarian Diseases,10,boston scientific,boston scientific
NCT01263119,A Study of LY2216684 and Warfarin in Healthy Subjects,Eli Lilly and Company,INDUSTRY,,0,PHASE1,INTERVENTIONAL,18.0,2010-12,COMPLETED,Major Depressive Disorder,1,eli lilly,eli lilly
NCT07344519,The Safety and Tolerability Study With ER2001 Intravenous Injection Repetitive Treatment in Adults With Early Manifest Huntington's Disease.,ExoRNA Bioscience,INDUSTRY,,0,EARLY_PHASE1,INTERVENTIONAL,8.0,2024-06-25,COMPLETED,Huntington Disease,1,exorna,exorna
NCT00672919,Pioglitazone Study of Triglyceride Changes in Subjects With Type 2 Diabetes After Conversion From Rosiglitazone.,Takeda,INDUSTRY,,0,PHASE4,INTERVENTIONAL,305.0,2003-11,COMPLETED,Diabetes Mellitus,53,takeda,takeda
NCT01265888,Study in Subjects With PAH and PH Secondary to IPF Using Inhaled GeNOsyl.,Geno LLC,INDUSTRY,,0,PHASE2,INTERVENTIONAL,31.0,2011-03,COMPLETED,Pulmonary Arterial Hypertension; Idiopathic Pulmonary Fibrosis,10,geno,geno
NCT00433888,Switch and Maintenance Study of Intravenous Injections of R744 to Hemodialysis Patients (Phase Ⅲ Study),Chugai Pharmaceutical,INDUSTRY,,0,PHASE3,INTERVENTIONAL,179.0,2007-01,COMPLETED,Hemodialysis Patients,6,roche,roche
NCT01095588,Study the Effect of Avanafil on the Pharmacodynamics and Pharmacokinetics of Warfarin in Healthy Male Subjects,VIVUS LLC,INDUSTRY,,0,PHASE1,INTERVENTIONAL,24.0,2010-04,COMPLETED,Erectile Dysfunction,0,vivus,vivus
NCT07362888,First-in-Human Study of ADCE-B05 in Patients With Advanced Solid Tumors,Adcendo ApS,INDUSTRY,,0,PHASE1,INTERVENTIONAL,180.0,2026-03-17,RECRUITING,Solid Tumors (Phase 1),7,adcendo aps,adcendo aps
NCT06131203,Burn Validation Study,SpectralMD,INDUSTRY,,0,,OBSERVATIONAL,274.0,2023-12-19,COMPLETED,Burns; Wound Heal; Wounds and Injuries,21,spectralmd,spectralmd
NCT01304303,Pharmacokinetic and Safety Study of SPARC1023 Alone and in Carboplatin Combination,Sun Pharma Advanced Research Company Limited,INDUSTRY,,0,PHASE1,INTERVENTIONAL,57.0,2011-10,COMPLETED,Solid Tumor in Advanced Stage,1,sun pharma advanced,sun pharma advanced
NCT02149303,Management of Major Bleeding Events in Atrial Fibrillation Patients Using Pradaxa,Boehringer Ingelheim,INDUSTRY,,0,,OBSERVATIONAL,191.0,2014-06,COMPLETED,Atrial Fibrillation; Hemorrhage,5,boehringer,boehringer
NCT02502903,"Safety, Tolerability and Activity of BIVV009 in Healthy Volunteers and Patients With Complement Mediated Disorders","Bioverativ, a Sanofi company",INDUSTRY,"Celerion Clinical Research GmbH; Assign Data Management and Biostatistics GmbH; ABF Pharmaceutical Services GmbH; Quest Diagnostics-Nichols Insitute; Covance; PPD Laboratories - Virginia; Softworld Inc. - Cambridge, MA",7,PHASE1,INTERVENTIONAL,122.0,2015-07-13,COMPLETED,Bullous Pemphigoid (BP); Cold Agglutinin Disease (CAD); Warm Autoimmune Hemolytic Anemia (WAIHA); End-stage Renal Disease (ESRD),1,bioverativ a sanofi,bioverativ a sanofi
NCT00801203,A Study to Evaluate the Effectiveness of the Induced Reflex Cough Test Plus Urodynamics to Identify Stress Urinary Incontinence in Female Subjects With a History of Stress Urinary Incontinence,"Pneumoflex Systems, LLC",INDUSTRY,Ockham Development Group,1,PHASE2; PHASE3,INTERVENTIONAL,180.0,2008-12,COMPLETED,Stress Urinary Incontinence,10,pneumoflex systems,pneumoflex systems
NCT04019561,A Study to Evaluate Safety and Pharmacodynamic Efficacy of 0382 in Obese Subjects With NAFLD/NASH.,MedImmune LLC,INDUSTRY,,0,PHASE2,INTERVENTIONAL,74.0,2019-09-23,COMPLETED,Non-alcoholic Fatty Liver Disease (NAFLD); Non-alcoholic Steatohepatitis (NASH),27,astrazeneca,astrazeneca
NCT00705861,Study to Assess the Efficacy and Safety of SK3530 on Erectile Dysfunction in Patients With Diabetes Mellitus,"SK Chemicals Co., Ltd.",INDUSTRY,,0,PHASE3,INTERVENTIONAL,112.0,2007-11,COMPLETED,Erectile Dysfunction,1,sk chemicals,sk chemicals
NCT06460961,A Study of MK-6837 as a Monotherapy and Combination Therapy in Participants With Advanced/Metastatic Solid Tumors (MK-6837-001),Merck Sharp & Dohme LLC,INDUSTRY,,0,PHASE1,INTERVENTIONAL,168.0,2024-07-14,ACTIVE_NOT_RECRUITING,Neoplasm Metastasis,7,merck,merck
NCT02622061,NIOX VERO Nasal Application in Primary Ciliary Dyskinesia,Aerocrine AB,INDUSTRY,,0,,OBSERVATIONAL,163.0,2016-05,COMPLETED,PCD,5,aerocrine ab,aerocrine ab
NCT05764161,A Study to Evaluate the Efficacy and Safety of Ruxolitinib Cream in Participants With Prurigo Nodularis (PN),Incyte Corporation,INDUSTRY,,0,PHASE3,INTERVENTIONAL,190.0,2023-06-12,COMPLETED,Prurigo Nodularis,76,incyte,incyte
NCT06465186,A Clinical Study of Efinopegdutide in People With Compensated Cirrhosis Due to Steatohepatitis (MK-6024-017),Merck Sharp & Dohme LLC,INDUSTRY,,0,PHASE2,INTERVENTIONAL,80.0,2024-07-12,ACTIVE_NOT_RECRUITING,Non-alcoholic Fatty Liver Disease; Nonalcoholic Steatohepatitis; NAFLD; Metabolic Dysfunction-associated Steatotic Liver Disease; Metabolic Dysfunction-associated Steatohepatitis,68,merck,merck
NCT07176286,18F-mFBG Cardiac Uptake With Lewy Body Dementia,Innervate Radiopharmaceuticals LLC (Formerly: Illumina Radiopharmaceuticals LLC),INDUSTRY,,0,PHASE2,INTERVENTIONAL,20.0,2026-04-30,RECRUITING,Parkinson Disease (PD); Lewy Body Dementia (LBD),1,innervate radiopharmaceuticals llc formerly illumina radiopharmaceuticals,innervate radiopharmaceuticals llc formerly illumina radiopharmaceuticals
NCT01520142,"Safety, Tolerability and Pharmacodynamic Activity of JNJ-26528398 in Healthy Male Participants","Janssen Research & Development, LLC",INDUSTRY,,0,PHASE1,INTERVENTIONAL,19.0,2011-11,COMPLETED,Healthy Participants,1,janssen research and,janssen research and
NCT01454986,"Study to Evaluate Safety, Tolerability, PK and PD of ALXN1007 in Healthy Subjects","Alexion Pharmaceuticals, Inc.",INDUSTRY,,0,PHASE1,INTERVENTIONAL,64.0,2011-11,COMPLETED,Healthy,1,astrazeneca,astrazeneca
NCT07437586,Topical GHK-Cu Gel for Acute Skin Wound Healing,Hudson Biotech,INDUSTRY,,0,PHASE2,INTERVENTIONAL,60.0,2026-02-02,RECRUITING,Acute Standardized Cutaneous Wounds (Punch-biopsy Wounds),1,hudson biotech,hudson biotech
NCT00422786,Phase II Study of CAP-232 in Patients With Refractory Metastatic Renal Cell Carcinoma,Thallion Pharmaceuticals,INDUSTRY,,0,PHASE2,INTERVENTIONAL,10.0,2007-03,COMPLETED,"Carcinoma, Renal Cell",2,thallion,thallion
NCT02786186,A Registry of Patients With Moderate to Severe Plaque Psoriasis,Novartis Pharmaceuticals,INDUSTRY,,0,,OBSERVATIONAL,2376.0,2015-12-23,COMPLETED,Psoriasis,13,novartis,novartis
NCT01828086,Single and Multiple Dose Escalation Study to Assess the Safety and Tolerability of CJM112 in Psoriasis,Novartis Pharmaceuticals,INDUSTRY,,0,PHASE1,INTERVENTIONAL,95.0,2013-06,COMPLETED,Chronic Plaque-type Psoriasis,18,novartis,novartis
NCT01718886,European Study to Evaluate Preliminary Safety and Efficacy of Multiple Obalon Gastric Balloons for 12 Weeks as an Aid for Weight Loss,"Obalon Therapeutics, Inc.",INDUSTRY,,0,,OBSERVATIONAL,17.0,2012-01,COMPLETED,Obesity; Weight Control,2,obalon,obalon
NCT06828770,Minima Stent System Post- Approval Study (PAS),Renata Medical,INDUSTRY,,0,,OBSERVATIONAL,100.0,2025-05-21,RECRUITING,Pulmonary Artery Stenosis; Aortic Coarctation,15,renata,renata
NCT00909870,Pivotal Trial of Dermagraft(R) to Treat Venous Leg Ulcers,Organogenesis,INDUSTRY,,0,PHASE3,INTERVENTIONAL,537.0,2009-06,COMPLETED,Venous Leg Ulcer,70,organogenesis,organogenesis
NCT07489573,Study of Efficacy and Safety of Secukinumab in Chinese Adult Patients With Moderate to Severe Hidradenitis Suppurativa,Novartis Pharmaceuticals,INDUSTRY,,0,PHASE4,INTERVENTIONAL,36.0,2026-06-01,RECRUITING,Hidradenitis Suppurativa (HS),10,novartis,novartis
NCT00651469,Evaluate Safety and Efficacy of an OC Preparation vs Placebo for 6 Treatment Cycles in Women With Moderate Acne.,Bayer,INDUSTRY,,0,PHASE3,INTERVENTIONAL,534.0,2003-01,COMPLETED,Acne Vulgaris,27,bayer,bayer
NCT04933383,Crossover Trial to Assess Efficacy and Safety of Inhaled AQ001S Compared to a Budesonide Suspension in Mild Asthmatics,Aquilon Pharmaceuticals S.A.,INDUSTRY,,0,PHASE1; PHASE2,INTERVENTIONAL,23.0,2021-07-23,COMPLETED,Asthma,1,aquilon pharmaceuticals s a,aquilon pharmaceuticals s a
NCT02593383,Compound Adapalene and Clindamycin Hydrochloride Gel in Treatment of Patients With Acne,Lee's Pharmaceutical Limited,INDUSTRY,,0,PHASE1; PHASE2,INTERVENTIONAL,245.0,2015-03-01,COMPLETED,Acne,1,lee s,lee s
NCT06155383,Perioperative Disitamab Vedotin Plus Toripalimab and XELOX in Gastric or Gastroesophageal Junction Adenocarcinoma.,"RemeGen Co., Ltd.",INDUSTRY,,0,PHASE2,INTERVENTIONAL,90.0,2023-11-27,RECRUITING,Gastric Cancer; Gastroesophageal Junction Adenocarcinoma,11,remegen,remegen
NCT00929383,An International Registry of the Wingspan™ Stent System for the Treatment of Intracranial Atherosclerotic Stenosis,Stryker Neurovascular,INDUSTRY,,0,,OBSERVATIONAL,82.0,2009-02,COMPLETED,Intracranial Atherosclerosis,19,stryker neurovascular,stryker neurovascular
NCT03188783,"A Study to Evaluate the Safety, Tolerability, Pharmacokinetics, and Pharmacodynamics of GDC-0853 in Healthy Japanese and Caucasian Participants",Hoffmann-La Roche,INDUSTRY,,0,PHASE1,INTERVENTIONAL,32.0,2017-01-24,COMPLETED,Healthy Volunteer,1,roche,roche
NCT07364383,Probiotics for Women,Cultech Ltd,INDUSTRY,,0,,INTERVENTIONAL,40.0,2026-01-22,COMPLETED,Probiotic; Microbiome; Wellbeing,1,cultech,cultech
NCT05322941,Effect of AEF0117 on Treatment-seeking Patients With Cannabis Use Disorder (CUD),Aelis Farma,INDUSTRY,,0,PHASE2,INTERVENTIONAL,333.0,2022-05-06,COMPLETED,Marijuana Abuse,11,aelis farma,aelis farma
NCT07140341,"A Clinical Study to Assess the Effectiveness of ENO Lime in Participants With Ajeerna Vyadhi (Acidity, Acid Indigestion, Indigestion, and Associated Nausea)",HALEON,INDUSTRY,,0,PHASE3,INTERVENTIONAL,40.0,2025-08-20,COMPLETED,Indigestion Acid; Indigestion; Nausea,3,haleon,haleon
NCT07023354,A Study to Test How BI 1291583 is Taken up in the Blood of People With and Without Liver Problems,Boehringer Ingelheim,INDUSTRY,,0,PHASE1,INTERVENTIONAL,32.0,2025-07-17,RECRUITING,Healthy; Hepatic Impairment,4,boehringer,boehringer
NCT02547454,An Observational Study to Evaluate the Effectiveness of Mircera Treatment for Renal Anemia in Pre-dialysis Participants With Chronic Kideny Disease (CKD),Hoffmann-La Roche,INDUSTRY,,0,,OBSERVATIONAL,393.0,2008-12-31,COMPLETED,"Kidney Disease, Chronic",12,roche,roche
NCT04772105,Study of Two Multiple Intravitreal Doses of BAT5906 for Safety and Efficacy in Patients With Diabetic Macular Edema,Bio-Thera Solutions,INDUSTRY,,0,PHASE1; PHASE2,INTERVENTIONAL,60.0,2020-10-16,COMPLETED,Diabetic Macular Edema,19,bio thera solutions,bio thera solutions
NCT02477605,Clinical Comparison of 27+® and 23-gauge ULTRAVIT® 7500 Cpm Vitrectomy Outcomes,Alcon Research,INDUSTRY,,0,,INTERVENTIONAL,137.0,2015-07-16,COMPLETED,Vitreoretinal Disease,1,alcon,alcon
NCT02805205,PEG-rhG-CSF in Patients With Breast Cancer Receiving Chemotherapy to Prevent Neutropenia,"CSPC Baike (Shandong) Biopharmaceutical Co., Ltd.",INDUSTRY,,0,PHASE4,INTERVENTIONAL,484.0,2013-04,COMPLETED,Breast Cancer,0,cspc baike shandong biopharmaceutical,cspc baike shandong biopharmaceutical
NCT00142805,Tricaprilin in Mild to Moderate Alzheimer's Disease,Cerecin,INDUSTRY,,0,PHASE2,INTERVENTIONAL,152.0,2004-11-04,COMPLETED,Alzheimer's Disease,25,cerecin,cerecin
NCT04883905,"ELEVATE, a Registry of Patients With Acute Hepatic Porphyria (AHP)",Alnylam Pharmaceuticals,INDUSTRY,,0,,OBSERVATIONAL,150.0,2021-04-26,RECRUITING,Acute Hepatic Porphyria,30,alnylam,alnylam
NCT02950805,"A Study to Assess the Effect of AZD5634 on Mucociliary Clearance, Safety, Tolerability and Pharmacokinetic Parameters in Patients With Cystic Fibrosis",AstraZeneca,INDUSTRY,Parexel,1,PHASE1,INTERVENTIONAL,9.0,2017-05-30,COMPLETED,Pulmonary/Respiratory Diseases,3,astrazeneca,astrazeneca
NCT00246194,Observational Study in Patients With Schizophrenia Treated With Long-Acting Risperidone Injection (RISPERDAL CONSTA),"Janssen, LP",INDUSTRY,,0,,OBSERVATIONAL,532.0,2004-09,COMPLETED,Schizophrenia,1,johnson and johnson,johnson and johnson
NCT01098266,NGR015: Study in Second Line for Patient With Advanced Malignant Pleural Mesothelioma Pretreated With Pemetrexed,AGC Biologics S.p.A.,INDUSTRY,,0,PHASE3,INTERVENTIONAL,400.0,2010-04-12,COMPLETED,Malignant Pleural Mesothelioma,49,agc biologics s p a,agc biologics s p a
NCT06091254,A Trial to Learn if Odronextamab is Safe and Well-Tolerated and How Well it Works Compared to Rituximab Combined With Different Types of Chemotherapy for Adult Participants With Previously Untreated Follicular Lymphoma,Regeneron Pharmaceuticals,INDUSTRY,,0,PHASE3,INTERVENTIONAL,822.0,2023-12-12,RECRUITING,Follicular Lymphoma (FL),190,regeneron,regeneron
NCT06286956,Rectal Tumor Resection Using the UNI-VEC Multichannel Transanal Access Device,"Vecmedical Spain, S.L.",INDUSTRY,,0,,INTERVENTIONAL,40.0,2021-04-19,ACTIVE_NOT_RECRUITING,Rectal Polyp; Rectal Polyps; Rectal Lesion; Sessile Colonic Polyp; Pedunculated Colorectal Polyps,11,vecmedical spain s l,vecmedical spain s l
NCT01519856,PIRLONG-PD Safety and Efficacy of Piribedil in Parkinson's Disease During Long Term Therapy,Desitin Arzneimittel GmbH,INDUSTRY,,0,,OBSERVATIONAL,908.0,2009-06,COMPLETED,Parkinson's Disease,1,desitin arzneimittel,desitin arzneimittel
NCT06948422,A Master Protocol for Orforglipron (LY3502970) in Participants With Hypertension and Obesity or Overweight: (ATTAIN-Hypertension Screening),Eli Lilly and Company,INDUSTRY,,0,PHASE3,INTERVENTIONAL,974.0,2025-04-30,ACTIVE_NOT_RECRUITING,Hypertension,100,eli lilly,eli lilly
NCT07116551,"Early Feasibility Study (EFS) of Abbott's Balloon-expandable (BE) TAVI System for the Treatment of Severe, Symptomatic Aortic Stenosis",Abbott Medical Devices,INDUSTRY,,0,,INTERVENTIONAL,11.0,2025-10-30,ACTIVE_NOT_RECRUITING,Symptomatic Severe Aortic Stenosis,5,abbott medical devices,abbott medical devices
NCT07455851,A Trial to Study if REGN17372 in Combination With Linvoseltamab is Tolerable for Adult Participants With Relapsed/Refractory Multiple Myeloma,Regeneron Pharmaceuticals,INDUSTRY,,0,PHASE1; PHASE2,INTERVENTIONAL,150.0,2026-03-26,RECRUITING,Relapsed Refractory Multiple Myeloma (RRMM),6,regeneron,regeneron
NCT07158151,A Phase II Trial of the Safety and Efficacy of RSS0309 Ointment in Adults With Atopic Dermatitis,Reistone Biopharma Company Limited,INDUSTRY,,0,PHASE2,INTERVENTIONAL,168.0,2025-09-25,COMPLETED,Atopic Dermatitis of Adults,1,reistone,reistone
NCT01556451,ZOSTAVAX™ Safety and Immunogenicity in Korean Adults (V211-034),Merck Sharp & Dohme LLC,INDUSTRY,,0,PHASE4,INTERVENTIONAL,180.0,2012-04,COMPLETED,Herpes Zoster; Shingles,0,merck,merck
NCT03479229,Viveve Geneveve Treatment of the Vaginal Introitus to Evaluate Safety and Efficacy,Viveve Inc.,INDUSTRY,,0,,INTERVENTIONAL,250.0,2018-04-20,COMPLETED,Female Sexual Dysfunction,21,viveve,viveve
NCT02660229,An Interventional Study for Patient With Cancer Pain to Evaluate the Efficacy and Safety of OxyNorm® Compared to Morphine Sulfate Through the IV Continuous Infusion.,Mundipharma Korea Ltd,INDUSTRY,,0,PHASE4,INTERVENTIONAL,66.0,2015-11,COMPLETED,Cancer Pain,1,mundipharma korea,mundipharma korea
NCT01650129,Safety and Efficacy of Biphasic Insulin Aspart 50 in Subjects With Type 2 Diabetes,Novo Nordisk A/S,INDUSTRY,,0,PHASE3,INTERVENTIONAL,83.0,2000-12-13,COMPLETED,"Diabetes; Diabetes Mellitus, Type 2",1,novo nordisk,novo nordisk
NCT05378529,A Cross-sectional Study of Lipoprotein(a) Levels in Patients With Documented History of Atherosclerotic Cardiovascular Disease (ASCVD),Amgen,INDUSTRY,,0,,INTERVENTIONAL,39480.0,2022-04-19,COMPLETED,Atherosclerotic Cardiovascular Disease,735,amgen,amgen
NCT07465029,"A Study of Incidence, Treatment Patterns, and Outcomes in Transfusion-dependent Lower-risk Myelodysplastic Syndromes in Spain",Bristol-Myers Squibb,INDUSTRY,,0,,OBSERVATIONAL,1300.0,2026-02-02,ACTIVE_NOT_RECRUITING,Lower-risk Myelodysplastic Syndromes (TD LR-MDS),1,bms,bms
NCT00389831,"Efficacy, Safety and Tolerability of Rotigotine Nasal Spray for the Acute Treatment of RLS Symptoms",UCB Pharma,INDUSTRY,,0,PHASE2,INTERVENTIONAL,44.0,2006-08,COMPLETED,Restless Legs Syndrome,1,ucb pharma,ucb pharma
NCT03560531,A Study of ZN-c5 in Subjects With Breast Cancer,Zeno Alpha Inc.,INDUSTRY,,0,PHASE1; PHASE2,INTERVENTIONAL,181.0,2018-11-30,COMPLETED,Breast Cancer,38,zeno alpha,zeno alpha
NCT01685931,A Study of Paliperidone Palmitate in Patients With Schizophrenia Previously Unsuccessfully Treated by Oral Antipsychotics,Xian-Janssen Pharmaceutical Ltd.,INDUSTRY,,0,PHASE4,INTERVENTIONAL,617.0,2012-11,COMPLETED,Schizophrenia,17,xian janssen,xian janssen
NCT00500331,Dose-Ranging Study in Treatment Naive Type 2 Diabetes Mellitus(T2DM),GlaxoSmithKline,INDUSTRY,,0,PHASE2,INTERVENTIONAL,334.0,2007-01-23,COMPLETED,"Diabetes Mellitus, Type 2",136,gsk,gsk
NCT03376802,A Clinical Study to Investigate the Effect of SAR425899 on Energy Expenditure in Obese Subjects,Sanofi,INDUSTRY,,0,PHASE1,INTERVENTIONAL,24.0,2018-04-18,COMPLETED,Type 2 Diabetes Mellitus,2,sanofi,sanofi
NCT03053102,Study of Danicopan in Participants With Paroxysmal Nocturnal Hemoglobinuria (PNH),"Alexion Pharmaceuticals, Inc.",INDUSTRY,"Achillion, a wholly owned subsidiary of Alexion",1,PHASE2,INTERVENTIONAL,10.0,2017-03-31,COMPLETED,Paroxysmal Nocturnal Hemoglobinuria (PNH),5,astrazeneca,astrazeneca
NCT00874237,Staccato Loxapine Thorough QT/QTc Study,Nova Pneuma Inc.,INDUSTRY,Covance,1,PHASE1,INTERVENTIONAL,48.0,2009-04,COMPLETED,Thorough QT/QTc Study,1,nova pneuma,nova pneuma
NCT03282045,"Efficacy and Safety of the Lysobact Complete Spray®, Tantum Verde® and Pharyngal® Oromucosal Spray in the Treatment of Acute Sore Throat",Bosnalijek D.D,INDUSTRY,MonitorCRO,1,PHASE3,INTERVENTIONAL,346.0,2016-10,COMPLETED,Sore Throat,1,bosnalijek d d,bosnalijek d d
NCT02419872,Study in Patients' With Persistent Asthma and Chronic Obstructive Pulmonary Disease,Teva Pharmaceuticals Europe,INDUSTRY,,0,,OBSERVATIONAL,1743.0,2015-05-31,COMPLETED,Asthma; Chronic Obstructive Pulmonary Disease,141,teva pharmaceuticals europe,teva pharmaceuticals europe
NCT00368472,4-Year Open-Label Extension Phase of the Parallel-Group Study of E2007 in Patients With Refractory Partial Seizures,Eisai Inc.,INDUSTRY,,0,PHASE2,INTERVENTIONAL,138.0,2006-10,COMPLETED,Epilepsy,47,eisai,eisai
NCT02366195,Single-arm Trial to Evaluate the Role of the Immune Response to Talimogene Laherparepvec in Unresected Melanoma,Amgen,INDUSTRY,,0,PHASE2,INTERVENTIONAL,112.0,2015-04-07,COMPLETED,Unresected Stage IIIb to IVM1c Melanoma,42,amgen,amgen
NCT03443895,"Multiple Ascending Dose to Study the Safety, Tolerability, PK and PD Effects of AEF0117",Aelis Farma,INDUSTRY,National Institute on Drug Abuse (NIDA),1,PHASE1,INTERVENTIONAL,24.0,2018-01-08,COMPLETED,Healthy Volunteers,1,aelis farma,aelis farma
NCT03408639,Comparing Efficacy and Safety of CinnaGen Beta Erythropoietin (CinnaPoietin®) Versus Eprex® on the Treatment of Anemia in ESRD Hemodialysis Patients,Cinnagen,INDUSTRY,,0,PHASE3,INTERVENTIONAL,156.0,2016-06-22,COMPLETED,Anemia in End-Stage Renal Disease,8,cinnagen,cinnagen
NCT06100939,Epithelium-On Corneal Cross-linking in Subjects 8 to 45 Years of Age With Keratoconus,Epion Therapeutics,INDUSTRY,,0,PHASE3,INTERVENTIONAL,396.0,2023-10-30,COMPLETED,Keratoconus,13,epion,epion
NCT01092039,Safety and Efficacy Study of Oral XIGO Tablets to Treat The Common Cold,Xigo Health LLC,INDUSTRY,,0,,INTERVENTIONAL,140.0,2010-03,COMPLETED,Common Cold,1,xigo,xigo
NCT05830539,IN10018 Combination Therapy in Previously-treated Locally Advanced or Metastatic Solid Tumor Patients,"InxMed (Shanghai) Co., Ltd.",INDUSTRY,,0,PHASE1; PHASE2,INTERVENTIONAL,68.0,2022-03-10,COMPLETED,Locally Advanced or Metastatic Solid Tumors,7,inxmed shanghai,inxmed shanghai
NCT02194777,"Safety, Tolerability and Pharmacokinetics of Inhalative Administration of BIBN 4096 BS in Healthy Male and Female Volunteers",Boehringer Ingelheim,INDUSTRY,,0,PHASE1,INTERVENTIONAL,48.0,2001-06,COMPLETED,Healthy,0,boehringer,boehringer
NCT00368277,"A Safety and Efficacy Trial of Aliskiren 150mg , 300 mg Compared to Ramipril 5mg, 10mg in the Elderly",Novartis Pharmaceuticals,INDUSTRY,,0,PHASE3,INTERVENTIONAL,901.0,2006-09,COMPLETED,Hypertension,1,novartis,novartis
NCT07056777,Evaluation of the Preliminary Efficacy and Safety of DR30206 in Combination With Standard Therapy in Patients With Gastrointestinal Cancer,"Zhejiang Doer Biologics Co., Ltd.",INDUSTRY,,0,PHASE1; PHASE2,INTERVENTIONAL,186.0,2025-03-25,RECRUITING,Gastrointestinal Cancer,1,zhejiang doer biologics,zhejiang doer biologics
NCT01666977,Phase 1b/2 Trial of AMG386 With Pemetrexed and Carboplatin in Non-Small Cell Lung Cancer,Amgen,INDUSTRY,,0,PHASE1; PHASE2,INTERVENTIONAL,36.0,2012-08,COMPLETED,Non Small Cell Lung Cancer,35,amgen,amgen
NCT01733875,"2-part Study to Assess Safety, Pharmacokinetics & Pharmacodynamics of CC-220 & Effect of Food on CC-220 in Healthy Subjects",Celgene,INDUSTRY,,0,PHASE1,INTERVENTIONAL,65.0,2012-11-01,COMPLETED,Healthy,1,bms,bms
NCT05826275,Phase 1 Trial in Patients With Human Papillomavirus (HPV)-Associated Cancer,"Toragen, Inc.",INDUSTRY,,0,PHASE1,INTERVENTIONAL,28.0,2023-06-20,COMPLETED,HPV Associated Cancers,5,toragen,toragen
NCT03986775,Efficacy of Palatinose™ Versus Sucrose on Flow Mediated Dilation in Healthy Subjects With Mild Hypertension,Beneo-Institute,INDUSTRY,,0,,INTERVENTIONAL,80.0,2016-08-01,COMPLETED,Overweight and Obesity,0,beneo institute,beneo institute
NCT00297375,A Study Comparing the Effectiveness and Safety of ULTRACET® (Tramadol HCl/Acetaminophen) Versus Placebo for the Treatment of Acute Pain From a Migraine Headache,"Johnson & Johnson Pharmaceutical Research & Development, L.L.C.",INDUSTRY,"PriCara, Unit of Ortho-McNeil, Inc.",1,PHASE4,INTERVENTIONAL,375.0,2003-04,COMPLETED,Migraine; Head Pain; Headache,0,johnson and johnson pharmaceutical research and development l l c,johnson and johnson pharmaceutical research and development l l c
NCT05948475,Study of Tinengotinib VS. Physician's Choice a Treatment of Subjects With FGFR-altered in Cholangiocarcinoma,"TransThera Sciences (Nanjing), Inc.",INDUSTRY,,0,PHASE3,INTERVENTIONAL,200.0,2023-12-20,ACTIVE_NOT_RECRUITING,Cholangiocarcinoma,87,transthera sciences nanjing,transthera sciences nanjing
NCT00211575,Instrument Utility for Suspected Asthma (0000-042)(COMPLETED),Merck Sharp & Dohme LLC,INDUSTRY,,0,,INTERVENTIONAL,400.0,2003-05,COMPLETED,Asthma,0,merck,merck
NCT07062575,Exoskeleton Training at Home to Assist Participants With Spinal Cord Injuries to Perform Ambulatory Functions.,ABLE Human Motion S.L.,INDUSTRY,Sint Maartenskliniek; Universitat Politècnica de Catalunya,2,,INTERVENTIONAL,10.0,2025-06-19,RECRUITING,Spinal Cord Injury,1,able human motion s l,able human motion s l
NCT00601575,Bioequivalency Study of 450 mg Lithium Carbonate Under Fed Conditions,Roxane Laboratories,INDUSTRY,,0,,INTERVENTIONAL,30.0,2002-10,COMPLETED,Bipolar Disorder,1,roxane,roxane
NCT01716975,Study of EVP-6124 (Alpha-7 nAChR) as an Adjunctive Pro-Cognitive Treatment in Schizophrenia Subjects on Chronic Stable Atypical Antipsychotic Therapy,FORUM Pharmaceuticals Inc,INDUSTRY,"Syneos Health; NeuroCog Trials, Inc.",2,PHASE3,INTERVENTIONAL,767.0,2012-10,COMPLETED,Schizophrenia; Impaired Cognition,106,forum,forum
NCT01359657,Anti-CXCR4 (BMS-936564) Alone and in Combination With Lenalidomide/Dexamethasone or Bortezomib/Dexamethasone in Relapsed/Refractory Multiple Myeloma,Bristol-Myers Squibb,INDUSTRY,,0,PHASE1,INTERVENTIONAL,46.0,2011-09,COMPLETED,Multiple Myeloma,4,bms,bms
NCT00432757,Evaluation of Efficacy and Safety of an Anti-Allergy Drug With a Contact Lens in Allergic Conjunctivitis,Vistakon Pharmaceuticals,INDUSTRY,,0,PHASE3,INTERVENTIONAL,120.0,2007-01,COMPLETED,Allergic Conjunctivitis,3,vistakon,vistakon
NCT03777657,"Tislelizumab in Combination With Chemotherapy as First-Line Treatment in Adults With Inoperable, Locally Advanced or Metastatic Gastric, or Gastroesophageal Junction Carcinoma",BeiGene,INDUSTRY,,0,PHASE3,INTERVENTIONAL,997.0,2018-12-13,COMPLETED,"Gastric, or Gastroesophageal Junction Adenocarcinoma",149,beigene,beigene
NCT04603001,Study of Oral LY3410738 in Patients With Advanced Hematologic Malignancies With IDH1 or IDH2 Mutations,Eli Lilly and Company,INDUSTRY,,0,PHASE1,INTERVENTIONAL,260.0,2020-11-19,ACTIVE_NOT_RECRUITING,Acute Myeloid Leukemia (AML); Myelodysplastic Syndrome (MDS); Chronic Myelomonocytic Leukemia (CMML); Myeloproliferative Neoplasms (MPNs),37,eli lilly,eli lilly
NCT04042701,DS8201a and Pembrolizumab in Participants With Locally Advanced/Metastatic Breast or Non-Small Cell Lung Cancer,Daiichi Sankyo,INDUSTRY,AstraZeneca; Merck Sharp & Dohme LLC,2,PHASE1,INTERVENTIONAL,115.0,2020-02-10,ACTIVE_NOT_RECRUITING,Breast Cancer; Non-small Cell Lung Carcinoma,30,daiichi sankyo,daiichi sankyo
NCT06424912,"Vivifi's Treatment, BPH Treatment Via Vasculature Anastomosis",Vivifi Medical,INDUSTRY,RQM+,1,,INTERVENTIONAL,20.0,2024-11-13,RECRUITING,Benign Prostatic Hyperplasia; Varicocele Grade II; Varicocele Grade III,1,vivifi,vivifi
NCT04984512,The Efficacy And Safety Of Mitizodone Phosphate Tablets In The Treatment of Patient With Major Depressive Disorder,"Sunshine Lake Pharma Co., Ltd.",INDUSTRY,,0,PHASE2; PHASE3,INTERVENTIONAL,600.0,2021-12-14,RECRUITING,"Depressive Disorder, Major",1,sunshine lake,sunshine lake
NCT05123781,Fasting Bioequivalence Study of 2 Metformin 1000 mg Prolonged Release Tablets in 28 Healthy Male and Female Volunteers,"Joint Stock Company ""Farmak""",INDUSTRY,,0,PHASE1,INTERVENTIONAL,28.0,2019-04-03,COMPLETED,Pharmacokinetics,1,joint stock company farmak,joint stock company farmak
NCT06072781,A Study of Avutometinib (VS-6766) + Defactinib (VS-6063) in Recurrent Low-Grade Serous Ovarian Cancer,"Verastem, Inc.",INDUSTRY,GOG Foundation; European Network of Gynaecological Oncological Trial Groups (ENGOT); Australia New Zealand Gynaecological Oncology Group; Korean Gynecologic Oncology Group,4,PHASE3,INTERVENTIONAL,270.0,2024-03-18,RECRUITING,Low Grade Serous Ovarian Cancer,106,verastem,verastem
NCT02847442,Efficacy and Safety of Opicapone in Clinical Practice,Bial - Portela C S.A.,INDUSTRY,,0,PHASE4,INTERVENTIONAL,518.0,2016-11-23,COMPLETED,Parkinson's Disease With Wearing-off Motor Fluctuations,1,bial portela c s a,bial portela c s a
NCT00742027,Phase II Study of Oral Panobinostat in Adult Participants With Relapsed/Refractory Classical Hodgkin's Lymphoma,Novartis Pharmaceuticals,INDUSTRY,,0,PHASE2,INTERVENTIONAL,129.0,2008-09-16,COMPLETED,Classical Hodgkin's Lymphoma,46,novartis,novartis
NCT03529773,A Study to Describe the Safety and Immunogenicity of a RSV Vaccine in Healthy Adults,Pfizer,INDUSTRY,,0,PHASE2,INTERVENTIONAL,1235.0,2018-04-18,COMPLETED,Respiratory Tract Infections,40,pfizer,pfizer
NCT00488683,B Cell Response to a Primary and a Booster Course of the Novartis Meningococcal ACWY Conjugate Vaccine in Healthy Infants,Novartis Vaccines,INDUSTRY,Novartis,1,PHASE2,INTERVENTIONAL,216.0,2007-07,COMPLETED,Meningococcal Disease,1,novartis vaccines,novartis vaccines
NCT02348541,Usability of the CollaGUARD Adhesion Barrier Following Hysteroscopic Adhesiolysis,Innocoll,INDUSTRY,,0,,INTERVENTIONAL,9.0,2014-12,COMPLETED,Hysteroscopic Adhesiolysis,2,innocoll,innocoll
NCT04474041,Study to Evaluate Visual Acuity Measured With the EyeQue Insight Versus a Standard Eyechart.,EyeQue Corp.,INDUSTRY,Eye Boutique Optometry,1,,INTERVENTIONAL,89.0,2020-07-03,COMPLETED,Visual Acuity,1,eyeque,eyeque
NCT05248841,A Study to Demonstrate Pharmacokinetic and Pharmacodynamic Biosimilarity Between HEC-Glargine and US-Lantus® in Healthy Male Volunteers,"Lannett Company, Inc.",INDUSTRY,Parexel; FARMOVS (Pty) Ltd,2,PHASE1,INTERVENTIONAL,104.0,2022-03-08,COMPLETED,Type 1 Diabetes Mellitus; Type 2 Diabetes Mellitus,1,lannett,lannett
NCT00148954,RIGHT: Rhythm ID Going Head-to-Head Trial,Boston Scientific Corporation,INDUSTRY,,0,PHASE4,INTERVENTIONAL,1962.0,2005-07,COMPLETED,Tachycardia,1,boston scientific,boston scientific
NCT05932654,POC Study to Evaluate BSI-045B in Moderate-to-severe Atopic Dermatitis,"Biosion, Inc.",INDUSTRY,,0,PHASE2,INTERVENTIONAL,22.0,2023-07-31,COMPLETED,Atopic Dermatitis,17,biosion,biosion
NCT04411654,Phase 1/2 Clinical Trial of PR001 in Infants With Type 2 Gaucher Disease (PROVIDE),Prevail Therapeutics,INDUSTRY,Eli Lilly and Company,1,PHASE1; PHASE2,INTERVENTIONAL,7.0,2021-06-29,ACTIVE_NOT_RECRUITING,"Gaucher Disease, Type 2",5,prevail,prevail
NCT00651105,Effect of LAF237 on Glucagon Secretion in Patients With Type 2 Diabetes and in Healthy Subjects,Novartis,INDUSTRY,,0,PHASE3,INTERVENTIONAL,63.0,2008-02,COMPLETED,Type-2 Diabetes; Healthy,2,novartis,novartis
NCT03725605,LTX-315 and Adoptive T-cell Therapy in Advanced Soft Tissue Sarcoma (ATLAS-IT-04),Lytix Biopharma AS,INDUSTRY,Herlev Hospital,1,PHASE2,INTERVENTIONAL,6.0,2018-12-28,COMPLETED,Soft Tissue Sarcoma,1,lytix,lytix
NCT05741294,A Study of Tirbanibulin on the Wellbeing of Participants With Actinic Keratoses,"Almirall, S.A.",INDUSTRY,,0,PHASE4,INTERVENTIONAL,334.0,2023-01-20,COMPLETED,Actinic Keratosis,37,almirall s a,almirall s a
NCT00937794,Screening Study to Identify Pediatric Patients With Hunter Syndrome Who Demonstrate Evidence of Central Nervous System (CNS) Involvement and Who Are Currently Receiving Treatment With Elaprase®,Shire,INDUSTRY,,0,,OBSERVATIONAL,33.0,2009-07-02,COMPLETED,Hunter Syndrome,2,takeda,takeda
NCT04060394,Dose-Escalation and Efficacy Study of LAE001/Prednisone Plus Afuresertib Patients With m-CRPC,Laekna Limited,INDUSTRY,,0,PHASE1; PHASE2,INTERVENTIONAL,49.0,2019-09-13,COMPLETED,Metastatic Castration-resistant Prostate Cancer,17,laekna,laekna
NCT01969994,"Absorption, Metabolism, and Excretion of (-)-[2-14C]Epicatechin in Humans","The Institutes for Pharmaceutical Discovery, LLC",INDUSTRY,"Covance; Mars, Inc.",2,,INTERVENTIONAL,12.0,2009-12,COMPLETED,ADME,1,the institutes for pharmaceutical discovery,the institutes for pharmaceutical discovery
NCT00627094,Biatain Ibu vs. Biatain in Painful Chronic Venous Leg Ulcers,Coloplast A/S,INDUSTRY,,0,,INTERVENTIONAL,120.0,2008-03,COMPLETED,Leg Ulcers,13,coloplast,coloplast
NCT00306566,Safety and Immunogenicity of a Melan-A VLP Vaccine in Early Stage Melanoma Patients,Cytos Biotechnology AG,INDUSTRY,,0,PHASE1; PHASE2,INTERVENTIONAL,,,COMPLETED,Malignant Melanoma,1,cytos biotechnology,cytos biotechnology
NCT06732466,Evaluation of the Effect of a Toothpaste Containing 0.3% Chlorhexidine in Subjects With Established Dental Plaque and Gingivitis,Colgate Palmolive,INDUSTRY,Federal University of Rio Grande do Sul,1,PHASE3,INTERVENTIONAL,80.0,2025-03-24,COMPLETED,Gingivitis; Gingivitis and Periodontal Diseases; Gingival Disease; Dental Plaque,1,colgate palmolive,colgate palmolive
NCT00235066,The CYPHER™ Stent Study in Patients With Small de Novo Coronary Artery Lesions.,Cordis US Corp.,INDUSTRY,,0,PHASE4,INTERVENTIONAL,100.0,2002-11,COMPLETED,Coronary Artery Disease,1,cordis us,cordis us
NCT05783856,Effects of LiveSpo X-secret in Supporting Treatment of Sexually Transmitted Diseases,Anabio R&D,INDUSTRY,Hanoi University of Science,1,,INTERVENTIONAL,100.0,2020-05-03,COMPLETED,Sexually Transmitted Diseases,1,anabio r and d,anabio r and d
NCT05908656,Implementation and Evaluation of a Rare Disease Algorithm to Identify Persons at Risk of Gaucher Disease Using Data From Electronic Health Records (EHRs) in the United States (Project Searchlight),Sanofi,INDUSTRY,,0,,INTERVENTIONAL,13.0,2024-04-02,COMPLETED,Gaucher Disease,3,sanofi,sanofi
NCT01478256,Comparative Study in the Efficacy of Topical Besifloxocin With Erythromycin for the Management of Acute Blepharitis,"John, George, M.D.",INDUSTRY,Bausch & Lomb Incorporated,1,PHASE4,INTERVENTIONAL,30.0,2011-08,COMPLETED,Blepharitis,1,john george m d,john george m d
NCT06673056,A Pivotal Study of N-Acetyl-L-Leucine on Ataxia-Telangiectasia (A-T),IntraBio Inc,INDUSTRY,,0,PHASE3,INTERVENTIONAL,60.0,2025-03-18,ACTIVE_NOT_RECRUITING,Ataxia-Telangiectasia; Ataxia-Telangiectasia (A-T),11,intrabio,intrabio
NCT02119156,Belimumab Treatment Holiday and Treatment Re-start Study in Lupus Patients,GlaxoSmithKline,INDUSTRY,,0,PHASE3,INTERVENTIONAL,80.0,2014-05-13,COMPLETED,Systemic Lupus Erythematosus,20,gsk,gsk
NCT00171522,Preference of Tegaserod vs. PEG 3350 in Patients With Constipation,Novartis,INDUSTRY,,0,PHASE4,INTERVENTIONAL,52.0,2005-05,COMPLETED,Constipation,14,novartis,novartis
NCT00826722,Bioequivalency Study of Levetiracetam 1g Under Fasted Conditions,Roxane Laboratories,INDUSTRY,,0,,INTERVENTIONAL,30.0,2007-06,COMPLETED,Seizures,1,roxane,roxane
NCT00685022,Safety and Tolerability Study of Levalbuterol HFA Compared to Racemic Albuterol HFA in Subjects With Asthma,"Sumitomo Pharma America, Inc.",INDUSTRY,,0,PHASE2,INTERVENTIONAL,49.0,2003-06,COMPLETED,Asthma,3,sumitomo pharma america,sumitomo pharma america
NCT01589822,The EVICEL® Gastrointestinal Study,"Ethicon, Inc.",INDUSTRY,,0,PHASE2,INTERVENTIONAL,214.0,2012-06,COMPLETED,Gastrointestinal Diseases,22,ethicon,ethicon
NCT01322451,Oral Bioavailability of Two Solid Formulations of GLPG0259.,Lakefront Biotherapeutics NV,INDUSTRY,,0,PHASE1,INTERVENTIONAL,12.0,2010-11,COMPLETED,Healthy,1,lakefront biotherapeutics,lakefront biotherapeutics
NCT04649151,"A Study to Evaluate the Safety, Reactogenicity, and Effectiveness of mRNA-1273 Vaccine in Adolescents 12 to <18 Years Old to Prevent COVID-19","ModernaTX, Inc.",INDUSTRY,Biomedical Advanced Research and Development Authority,1,PHASE2; PHASE3,INTERVENTIONAL,4328.0,2020-12-09,COMPLETED,SARS-CoV-2,53,modernatx,modernatx
NCT07327229,"A Phase Ib/II Study of ATG-022 Plus Pembrolizumab With/Without Chemotherapy in Participants With Claudin (CLDN) 18.2-positive, HER2-negative, Unresectable or Metastatic Gastric or Gastroesophageal Junction AdenocarcinomaUnresectable or Metastatic Gastric or Gastroesophageal Junction Adenocarcinoma",Antengene Biologics Limited,INDUSTRY,Merck Sharp & Dohme LLC,1,PHASE1; PHASE2,INTERVENTIONAL,132.0,2026-02-27,RECRUITING,Unresectable or Metastatic Gastric or Gastroesophageal Junction Adenocarcinoma,30,antengene biologics,antengene biologics
NCT00566631,An Efficacy and Safety Study of Paliperidone Extended-Release (ER) Tablets in Participants With Schizophrenia,Janssen-Cilag International NV,INDUSTRY,,0,PHASE3,INTERVENTIONAL,294.0,2007-07,COMPLETED,Schizophrenia,30,johnson and johnson,johnson and johnson
NCT04535531,A Phase 3 Molluscum Contagiosum Efficacy and Safety Study,"Novan, Inc.",INDUSTRY,"Therapeutics, Inc.; Synteract, Inc.",2,PHASE3,INTERVENTIONAL,891.0,2020-09-01,COMPLETED,Molluscum Contagiosum,55,novan,novan
NCT03716102,OPTIMIZE Sirolimus-Eluting Coronary Stent Systems Pharmacokinetics (PK) Study,"Svelte Medical Systems, Inc.",INDUSTRY,,0,,INTERVENTIONAL,12.0,2018-11-21,ACTIVE_NOT_RECRUITING,Acute Coronary Syndrome,2,svelte medical systems,svelte medical systems
NCT05329402,Disposable Powered Articulating Linear Cutter Stapler in Total-Thoracoscopic Anatomic Lobectomy (Segmentectomy),"Fengh Medical Co., Ltd.",INDUSTRY,,0,,INTERVENTIONAL,164.0,2018-10-22,COMPLETED,Lung Cancer,1,fengh,fengh
NCT07250802,A Long-Term Study of Zasocitinib in Children and Teenagers With Plaque Psoriasis,Takeda,INDUSTRY,,0,PHASE3,INTERVENTIONAL,110.0,2025-12-04,RECRUITING,Plaque Psoriasis,40,takeda,takeda
NCT01971502,"Safety, Tolerability, Pharmacokinetics and Pharmacodynamics of Single Ascending Oral Doses and Effect of Food on the Bioavailability of BI 1060469",Boehringer Ingelheim,INDUSTRY,,0,PHASE1,INTERVENTIONAL,68.0,2013-10,COMPLETED,Healthy,1,boehringer,boehringer
NCT01259102,Examine Plasma Concentrations of Buprenorphine Following Reapplication of Buprenorphine Transdermal System (BTDS) After Variable Application Site Rest Periods,Purdue Pharma LP,INDUSTRY,,0,PHASE1,INTERVENTIONAL,70.0,2000-11,COMPLETED,Healthy,1,purdue,purdue
NCT01731002,Study Comparing the Safety and Efficacy of AR-13324 to Latanoprost in Patients With Elevated Intraocular Pressure,Aerie Pharmaceuticals,INDUSTRY,,0,PHASE2,INTERVENTIONAL,224.0,2012-11,COMPLETED,Ocular Hypertension; Open Angle Glaucoma,22,aerie,aerie
NCT01242553,Clinical Validation Study for iVue,Optovue,INDUSTRY,,0,,OBSERVATIONAL,48.0,2009-10,COMPLETED,Normal and Ocular Pathology,2,optovue,optovue
NCT04682353,A Study to Evaluate the Pharmacokinetics (PK) of Medroxyprogesterone Acetate Following an Injection of TV-46046 in Healthy Women of Reproductive Age,"Teva Branded Pharmaceutical Products R&D, Inc.",INDUSTRY,FHI 360,1,PHASE1,INTERVENTIONAL,60.0,2020-12-14,COMPLETED,Contraception,3,teva branded pharmaceutical products r and d,teva branded pharmaceutical products r and d
NCT04711837,Efficacy and Safety of HSK3486 Compared to Propofol in Induction of General Anesthesia in Adults Having Elective Surgery,"Haisco-USA Pharmaceuticals, Inc.",INDUSTRY,,0,PHASE3,INTERVENTIONAL,255.0,2021-02-11,COMPLETED,Anesthesia,13,haisco,haisco
NCT00568737,The Study of Drotrecogin Alfa (Activated) in Adult Patients With Severe Sepsis at a Low Risk of Death,Eli Lilly and Company,INDUSTRY,,0,PHASE3,INTERVENTIONAL,2640.0,2002-11,COMPLETED,Sepsis,70,eli lilly,eli lilly
NCT01012037,Linagliptin 2.5 mg Twice Daily Versus 5 mg Once Daily as add-on Therapy to Twice Daily Metformin in Type 2 Diabetes,Boehringer Ingelheim,INDUSTRY,,0,PHASE2,INTERVENTIONAL,491.0,2009-11,COMPLETED,"Diabetes Mellitus, Type 2",84,boehringer,boehringer
NCT05565937,A Study to Evaluate the Safety and Effectiveness of a Contact Lens Cleaning and Disinfecting Solution,Bausch & Lomb Incorporated,INDUSTRY,,0,,INTERVENTIONAL,295.0,2023-04-12,COMPLETED,Refractive Ametropia,19,bausch and lomb incorporated,bausch and lomb incorporated
NCT00979745,Phase III Confirmatory Study in Erythropoietic Protoporphyria (EPP),Clinuvel Pharmaceuticals Limited,INDUSTRY,,0,PHASE3,INTERVENTIONAL,74.0,2009-09,COMPLETED,Erythropoietic Protoporphyria,8,clinuvel,clinuvel
NCT02117245,Single Dose Comparative Bioavailability Study Of MGCD265 In Healthy Male And Female Volunteers,Mirati Therapeutics Inc.,INDUSTRY,,0,,OBSERVATIONAL,14.0,2011-12,COMPLETED,Healthy,1,mirati,mirati
NCT04314245,Diagnostic Evaluation of Urine DNA Methylation/Somatic Mutation Profiling for the Detection of Urothelial Carcinoma,"AnchorDx Medical Co., Ltd.",INDUSTRY,"Sun Yat-Sen Memorial Hospital of Sun Yat-Sen University; West China Hospital; RenJi Hospital; Tongji Hospital; Peking University People's Hospital; First Affiliated Hospital Xi'an Jiaotong University; The First Affiliated Hospital with Nanjing Medical University; Southern Medical University, China; Nanfang Hospital, Southern Medical University; Sichuan Cancer Hospital and Research Institute; Affiliated Hospital & Clinical Medical College of Chengdu University",11,,OBSERVATIONAL,1170.0,2019-08-01,COMPLETED,Urothelial Carcinoma; Bladder Cancer,1,anchordx,anchordx
NCT05099445,"Study to Evaluate the Pharmacokinetics, Safety, and Pharmacodynamics of INCB000928 in Participants With Impaired Renal Function and Hemodialysis",Incyte Corporation,INDUSTRY,,0,PHASE1,INTERVENTIONAL,48.0,2021-12-14,COMPLETED,Renal Impairment; Hemodialysis,5,incyte,incyte
NCT00884845,Trial of PM02734 Administered in Combination With Erlotinib in Patients With Advanced Malignant Solid Tumors,PharmaMar,INDUSTRY,,0,PHASE1,INTERVENTIONAL,35.0,2009-01,COMPLETED,Advanced Malignant Solid Tumors,3,pharmamar,pharmamar
NCT00969072,Extension Study of GI198745 to Treat Benign Prostatic Hyperplasia,GlaxoSmithKline,INDUSTRY,,0,PHASE2,INTERVENTIONAL,121.0,2003-08,COMPLETED,Benign Prostatic Hyperplasia; Prostatic Hyperplasia,0,gsk,gsk
NCT07519772,A Clinical Study of MK-1045 in People With Non-Hodgkin Lymphoma (MK-1045-008),Merck Sharp & Dohme LLC,INDUSTRY,,0,PHASE1; PHASE2,INTERVENTIONAL,280.0,2026-05-03,RECRUITING,"Lymphoma, Non-Hodgkin; Lymphoma, Follicular; Lymphoma, Large B-Cell, Diffuse",34,merck,merck
NCT01065272,Dexamethasone in the Treatment of Bronchiolitis in Patients With Either Eczema and or Family History of Asthma,Hamad Medical Corporation,INDUSTRY,,0,PHASE1,INTERVENTIONAL,200.0,2010-02,COMPLETED,Bronchiolitis,1,hamad,hamad
NCT07098572,Comparison of Four-Channel Functional Electrical Stimulation vs. One-Channel Electrical Stimulation on Moderate Arm/Hand Paresis in Subacute Stroke Patients,MED-EL Elektromedizinische Geräte GesmbH,INDUSTRY,,0,,INTERVENTIONAL,44.0,2025-08-12,RECRUITING,Moderate Arm Paresis; Ischemic Stroke,3,med el elektromedizinische geräte gesmbh,med el elektromedizinische geräte gesmbh
NCT00871572,A Study for Participants With Type 2 Diabetes Mellitus,Eli Lilly and Company,INDUSTRY,,0,PHASE2,INTERVENTIONAL,87.0,2009-03,COMPLETED,"Diabetes Mellitus, Type 2",19,eli lilly,eli lilly
NCT01491672,Everolimus as Second-line Therapy in Metastatic Renal Cell Carcinoma,Novartis Pharmaceuticals,INDUSTRY,,0,PHASE2,INTERVENTIONAL,134.0,2011-11,COMPLETED,Metastatic Renal Cell Carcinoma,17,novartis,novartis
NCT01282372,Greek Study on Work Productivity and Sleep in Patients With Rheumatic Diseases Treated With Adalimumab,"AbbVie (prior sponsor, Abbott)",INDUSTRY,,0,,OBSERVATIONAL,500.0,2011-03,COMPLETED,Rheumatoid Arthritis; Ankylosing Spondylitis; Psoriatic Arthritis,0,abbvie prior sponsor abbott,abbvie prior sponsor abbott
NCT07655895,Case Series of Infants With Anterior Ankyloglossia Being Treated by the Sublingual Neonatal Incision Platform Device,Europa Life Sciences Limited,INDUSTRY,,0,,INTERVENTIONAL,6.0,2026-03-10,ACTIVE_NOT_RECRUITING,Ankyloglossia,1,europa life,europa life
NCT02966795,A Study of of Glecaprevir/Pibrentasvir in Adults With Chronic Hepatitis C Virus (HCV) Genotype 5 or 6 Infection,AbbVie,INDUSTRY,,0,PHASE3,INTERVENTIONAL,84.0,2017-01-25,COMPLETED,Hepatitis C Virus (HCV),25,abbvie,abbvie
NCT00249795,Atrial Fibrillation Clopidogrel Trial With Irbesartan for Prevention of Vascular Events (ACTIVE I),Sanofi,INDUSTRY,Bristol-Myers Squibb,1,PHASE3,INTERVENTIONAL,9016.0,2003-06,COMPLETED,Atrial Fibrillation; Cardiovascular Disease,30,sanofi,sanofi
NCT04997239,A Clinical Trial of Quadrivalent Influenza Vaccine in Children Aged 3-8 Years Old,"Sinovac Biotech Co., Ltd",INDUSTRY,,0,PHASE4,INTERVENTIONAL,600.0,2021-10-10,COMPLETED,Seasonal Influenza,1,sinovac biotech,sinovac biotech
NCT02986139,Study to Assess the Injection Site Pain Associated With a New Etanercept Formulation in Adults With Rheumatoid Arthritis or Psoriatic Arthritis,Amgen,INDUSTRY,,0,PHASE3,INTERVENTIONAL,111.0,2016-11-29,COMPLETED,"Arthritis, Rheumatoid; Arthritis, Psoriatic",30,amgen,amgen
NCT03092739,A Study to Assess Programmed Death Ligand-1 (PD-L1) Expression in Cytological Versus Histological Lung Cancer Specimens,Hoffmann-La Roche,INDUSTRY,,0,,OBSERVATIONAL,184.0,2017-05-03,COMPLETED,"Carcinoma, Non-Small-Cell Lung; Carcinoma, Small Cell",8,roche,roche
NCT06805539,A Study Collecting Remote Data in People With an Overweight Condition or Obesity on a Weight Management Program,Novo Nordisk A/S,INDUSTRY,,0,,OBSERVATIONAL,146.0,2025-04-14,COMPLETED,"Overweight, Obesity",1,novo nordisk,novo nordisk
NCT03086239,"A Study on the Safety and Tolerability of Rovalpituzumab Tesirine in Japanese Patients With Advanced, Recurrent Small Cell Lung Cancer",AbbVie,INDUSTRY,,0,PHASE1,INTERVENTIONAL,29.0,2017-04-28,COMPLETED,Small Cell Lung Cancer,5,abbvie,abbvie
NCT03706677,FIRE AND ICE II Trial Pilot,Medtronic Cardiac Rhythm and Heart Failure,INDUSTRY,"genae associates (CRO), Antwerp, Belgium; King's College London; Deutsches Herzzentrum Muenchen",3,,INTERVENTIONAL,69.0,2019-04-05,COMPLETED,Persistent Atrial Fibrillation; Atrial Arrhythmia,5,medtronic cardiac rhythm and heart failure,medtronic cardiac rhythm and heart failure
NCT02610075,Phase Ib Study to Determine MTD of AZD1775 Monotherapy in Patients With Locally Advanced or Metastatic Solid Tumours.,AstraZeneca,INDUSTRY,,0,PHASE1,INTERVENTIONAL,62.0,2015-12-01,COMPLETED,Locally Advanced Solid Tumours; Metastatic Solid Tumours; Ovarian Cancer,3,astrazeneca,astrazeneca
NCT01195675,Assessment of the Effect of Empagliflozin (BI 10773) as Single Dose on the QT Interval in Healthy Female and Male Subjects,Boehringer Ingelheim,INDUSTRY,,0,PHASE1,INTERVENTIONAL,30.0,2010-08,COMPLETED,Healthy,1,boehringer,boehringer
NCT03694275,"A Multicenter, Open-label, Pilot Study of Soticlestat (TAK-935/OV935) in Participants With 15Q Duplication Syndrome (Dup 15q) or Cyclin-Dependent Kinase-Like 5 (CDKL5) Deficiency Disorder (ARCADE STUDY)",Takeda,INDUSTRY,Healx AI,1,PHASE2,INTERVENTIONAL,20.0,2018-09-10,COMPLETED,15q Duplication Syndrome; CDKL5 Deficiency Disease,8,takeda,takeda
NCT05032157,A Phase 3 Study of Efficacy and Safety of Remibrutinib in the Treatment of CSU in Adults Inadequately Controlled by H1-antihistamines,Novartis Pharmaceuticals,INDUSTRY,,0,PHASE3,INTERVENTIONAL,455.0,2021-12-01,COMPLETED,Chronic Spontaneous Urticaria,122,novartis,novartis
NCT01562457,Intra-subject Variability Following Administrations of Activated Recombinant Human Factor VII in Haemophilia Patients in a Non-bleeding State,Novo Nordisk A/S,INDUSTRY,,0,PHASE1,INTERVENTIONAL,30.0,2005-11,COMPLETED,Congenital Bleeding Disorder; Haemophilia A; Haemophilia B,3,novo nordisk,novo nordisk
NCT06138639,A Study of SGT-003 Gene Therapy in Duchenne Muscular Dystrophy (INSPIRE DUCHENNE),Solid Biosciences Inc.,INDUSTRY,,0,PHASE1; PHASE2,INTERVENTIONAL,60.0,2024-05-06,RECRUITING,Duchenne Muscular Dystrophy,15,solid,solid
NCT07373639,A Long-term Follow-up Study in Patients Who Received BEAM-101,Beam Therapeutics Inc.,INDUSTRY,,0,,OBSERVATIONAL,50.0,2025-12-15,RECRUITING,Hemoglobinopathy; Sickle Cell Disease,17,beam,beam
NCT01236001,Belgian Drug-utilization Study to Evaluate the Use of VIMPAT® as Adjunctive Treatment of Partial Onset Seizures in Subjects Aged 16 and Older,UCB Pharma,INDUSTRY,,0,,OBSERVATIONAL,192.0,2010-09,COMPLETED,Seizures,17,ucb pharma,ucb pharma
NCT03373201,Evaluating the Effects of Tasimelteon vs. Placebo on Jet Lag Type Insomnia,Vanda Pharmaceuticals,INDUSTRY,,0,PHASE3,INTERVENTIONAL,320.0,2017-10-16,COMPLETED,Jet Lag Type Insomnia,12,vanda,vanda
NCT01504412,Asian Phase 2 Study for Treatment of Pain Associated With Diabetic Peripheral Neuropathy,"Daiichi Sankyo Co., Ltd.",INDUSTRY,,0,PHASE2,INTERVENTIONAL,450.0,2012-01,COMPLETED,Pain; Diabetic Peripheral Neuropathy,3,daiichi sankyo,daiichi sankyo
NCT06725212,Evaluation of the Water Vapor Thermal Therapy System for the Treatment of Benign Prostatic Hyperplasia,Medtecx Co Ltd.,INDUSTRY,,0,,INTERVENTIONAL,126.0,2024-03-26,RECRUITING,Benign Prostatic Hyperplasia,10,medtecx,medtecx
NCT00725712,Study of GSK1363089 in Metastatic Gastric Cancer,GlaxoSmithKline,INDUSTRY,,0,PHASE2,INTERVENTIONAL,74.0,2007-03-31,COMPLETED,"Neoplasms, Gastrointestinal Tract",17,gsk,gsk
NCT03896581,A Study to Evaluate the Efficacy and Safety of Bimekizumab in the Treatment of Subjects With Active Psoriatic Arthritis,UCB Biopharma SRL,INDUSTRY,,0,PHASE3,INTERVENTIONAL,400.0,2019-03-28,COMPLETED,Psoriatic Arthritis,92,ucb biopharma,ucb biopharma
NCT04126681,A Pivotal Study of HQP1351 in Patients With Chronic Myeloid Leukemia in Chronic Phase,Ascentage Pharma Group Inc.,INDUSTRY,HealthQuest Pharma Inc.,1,PHASE2,INTERVENTIONAL,144.0,2019-10-21,COMPLETED,"Chronic Myeloid Leukemia, Chronic Phase",22,ascentage,ascentage
NCT01876381,"A Phase 2, Multi-center, Open-label, Dose-finding Trial to Investigate the Efficacy, Safety, Pharmacokinetics, and Pharmacodynamics of OPC-41061 in Patients With Chronic Renal Failure Undergoing Hemodialysis or Hemodiafiltration","Otsuka Pharmaceutical Co., Ltd.",INDUSTRY,,0,PHASE2,INTERVENTIONAL,26.0,2013-06,COMPLETED,Chronic Renal Failure,5,otsuka,otsuka
NCT01004081,Hormone Receptor Positive Metastatic Breast Cancer (HR+ mBC) BIIB021 Plus Aromasin Schedule Finding,Biogen,INDUSTRY,,0,PHASE2,INTERVENTIONAL,54.0,2009-11,COMPLETED,Breast Cancer,34,biogen,biogen
NCT00002319,A Study of DOX-SL in the Treatment of AIDS-Related Kaposi's Sarcoma,Sequus Pharmaceuticals,INDUSTRY,,0,PHASE3,INTERVENTIONAL,,,COMPLETED,"Sarcoma, Kaposi; HIV Infections",33,sequus,sequus
NCT04164719,Dose-Proportionality and Food Effect Study of TNX-102 SL,"Tonix Pharmaceuticals, Inc.",INDUSTRY,,0,PHASE1,INTERVENTIONAL,16.0,2019-10-14,COMPLETED,Healthy Subjects,1,tonix,tonix
NCT05326230,A Clinical Study of the Paradise™ Renal Denervation System in Patients With Hypertension (RADIANCE-HTN DUO),"Otsuka Medical Devices Co., Ltd. Japan",INDUSTRY,,0,,INTERVENTIONAL,154.0,2022-07-01,ACTIVE_NOT_RECRUITING,Hypertension; Vascular Diseases; Cardiovascular Diseases,51,otsuka medical devices co ltd japan,otsuka medical devices co ltd japan
NCT01369030,Deplin® P.L.U.S. Program (Progress Through Learning Understanding & Support),"Pamlab, Inc.",INDUSTRY,"InfoMedics, Inc.",1,,OBSERVATIONAL,554.0,2010-11,COMPLETED,Major Depressive Disorder,2,pamlab,pamlab
NCT02670928,Interventional Study of Active Weight Management in Patients With Type 2 Diabetes and Obesity in Routine Clinical Practice During 12 Months.,Novartis Pharmaceuticals,INDUSTRY,,0,PHASE4,INTERVENTIONAL,130.0,2015-07-20,COMPLETED,Type 2 Diabetes Mellitus (T2DM),2,novartis,novartis
NCT07764328,This Study Aims to Evaluate Whether Milamend's Product Could Improve Hormone Balance in Women Who Suffer From Self-reported PCOS Symptoms.,Mila Mend Inc.,INDUSTRY,"People Science, Inc.",1,,INTERVENTIONAL,225.0,2025-12-23,RECRUITING,Polycystic Ovarian Syndrome (PCOS),1,mila mend,mila mend
NCT03855228,Safety and Efficacy of Mometasone Furoate Nasal Spray With the Addition of Loratadine Versus Placebo in Participants With Seasonal Allergic Rhinitis (C94-145),Organon and Co,INDUSTRY,,0,PHASE3,INTERVENTIONAL,704.0,1995-03-01,COMPLETED,"Rhinitis, Allergic",0,organon and,organon and
NCT06186765,F15 Recharge Free Axonics SNM System Clinical Study,"Axonics, Inc.",INDUSTRY,,0,,INTERVENTIONAL,144.0,2023-12-08,ACTIVE_NOT_RECRUITING,Urinary Urge Incontinence (UUI); Urinary Frequency (UF); Fecal Incontinence (FI),16,axonics,axonics
NCT05895565,A Multiple Ascending Doses (MAD) Study of PMG1015 in Idiopathic Pulmonary Fibrosis Subjects,Pulmongene Ltd.,INDUSTRY,,0,PHASE1,INTERVENTIONAL,29.0,2023-05-19,COMPLETED,IPF,7,pulmongene,pulmongene
NCT00466765,Breast Reconstruction and Augmentation With Brava Enhanced Autologous Fat Micro Grafting,Brava,INDUSTRY,,0,,INTERVENTIONAL,589.0,2010-01,COMPLETED,Mammaplasty; Mastectomy; Lumpectomy,2,brava,brava
NCT01873365,A Study to Assess the Burden of Herpes Zoster and Postherpetic Neuralgia in Japanese Adults Aged Sixty Years and Above,GlaxoSmithKline,INDUSTRY,,0,,OBSERVATIONAL,448.0,2013-06-29,COMPLETED,Herpes Zoster,14,gsk,gsk
NCT00700765,Observational Study to Evaluate Safety of Levemir® in Type 1 and Type 2 Diabetes,Novo Nordisk A/S,INDUSTRY,,0,,OBSERVATIONAL,1531.0,2008-01,COMPLETED,"Diabetes; Diabetes Mellitus, Type 1; Diabetes Mellitus, Type 2",1,novo nordisk,novo nordisk
NCT05369065,Ablation of Arteries for the Treatment of Type 2 Diabetes Mellitus and Its Comorbidities,"Neurotronic, Inc.",INDUSTRY,Libra Medical,1,PHASE1,INTERVENTIONAL,60.0,2022-01-27,RECRUITING,"Diabetes Mellitus, Type 2; Hypertension",3,neurotronic,neurotronic
NCT03708367,A Post-Market Evaluation of LipiFlow Treatment in Cataract Surgery Practice,"Johnson & Johnson Surgical Vision, Inc.",INDUSTRY,,0,,INTERVENTIONAL,117.0,2018-10-16,COMPLETED,Cataracts; Meibomian Gland Dysfunction (MGD),5,johnson and johnson surgical vision,johnson and johnson surgical vision
NCT01398267,A Pharmacodynamic/Pharmacokinetic Study of Aleglitazar in Patients With Type 2 Diabetes Mellitus on Treatment With Lisinopril,Hoffmann-La Roche,INDUSTRY,,0,PHASE1,INTERVENTIONAL,55.0,2011-08,COMPLETED,Diabetes Mellitus Type 2,4,roche,roche
NCT05091567,"A Phase III, Open-Label Study of Maintenance Lurbinectedin in Combination With Atezolizumab Compared With Atezolizumab in Participants With Extensive-Stage Small-Cell Lung Cancer",Hoffmann-La Roche,INDUSTRY,Jazz Pharmaceuticals,1,PHASE3,INTERVENTIONAL,660.0,2021-11-18,ACTIVE_NOT_RECRUITING,Small-Cell Lung Cancer,95,roche,roche
NCT01290367,Safety and Preliminary Efficacy Study of Mesenchymal Precursor Cells (MPCs) in Subjects With Lumbar Back Pain,"Mesoblast, Ltd.",INDUSTRY,,0,PHASE2,INTERVENTIONAL,100.0,2011-08,COMPLETED,Degenerative Disc Disease,14,mesoblast,mesoblast
NCT05877300,Safety and Feasibility Study of the CELLSPAN Esophageal Implant (CEI) in Patients Requiring Short Segment Esophageal Replacement,"Harvard Apparatus Regenerative Technology, Inc.",INDUSTRY,,0,PHASE1,INTERVENTIONAL,10.0,2023-07-13,RECRUITING,Esophageal Diseases,3,harvard apparatus regenerative technology,harvard apparatus regenerative technology
NCT02848300,Local Pharmacokinetics and Tolerability of Bimatoprost Applied to the Scalp of Male Patients With Androgenetic Alopecia,Allergan,INDUSTRY,,0,PHASE1,INTERVENTIONAL,11.0,2016-07,COMPLETED,Androgenetic Alopecia,1,abbvie,abbvie
NCT00039000,Study of Heat Shock Protein-Peptide Complex (HSPPC-96) Versus IL-2/DTIC for Stage IV Melanoma,Agenus Inc.,INDUSTRY,,0,PHASE3,INTERVENTIONAL,350.0,2002-03,COMPLETED,Malignant Melanoma,77,agenus,agenus
NCT01203124,A Study to Investigate the Impact of Dose and Dosing Frequency of AZD8848 on the Response on Biomarkers,AstraZeneca,INDUSTRY,,0,PHASE1,INTERVENTIONAL,55.0,2010-11,COMPLETED,Healthy Volunteers,1,astrazeneca,astrazeneca
NCT07147959,PET-Based Imaging of Radiolabeled CIT-013,Citryll BV,INDUSTRY,,0,PHASE2,INTERVENTIONAL,12.0,2026-01-15,RECRUITING,RA,1,citryll,citryll
NCT07259759,JURA Study - Observational First-in-human Feasibility Study,Intuitive Surgical,INDUSTRY,,0,,OBSERVATIONAL,20.0,2025-10-31,COMPLETED,Imaging,1,intuitive surgical,intuitive surgical
NCT00920959,Advair Pediatric Once-Daily,GlaxoSmithKline,INDUSTRY,,0,PHASE3,INTERVENTIONAL,908.0,2001-11,COMPLETED,Asthma,149,gsk,gsk
NCT03062280,"A Study of the Efficacy, Safety and Tolerability of Chronocort in Treating CAH",Neurocrine UK Limited,INDUSTRY,,0,PHASE3,INTERVENTIONAL,91.0,2016-08-18,COMPLETED,Congenital Adrenal Hyperplasia,1,neurocrine uk,neurocrine uk
NCT02212080,"First in Human Study in Healthy Volunteers to Investigate the Safety, Tolerability and Pharmacokinetics of BAY1214784",Bayer,INDUSTRY,,0,PHASE1,INTERVENTIONAL,48.0,2014-09,COMPLETED,"Clinical Trials, Phase I as Topic",2,bayer,bayer
NCT02408679,Predictive Questionnaire for Vitamin D Insufficiency in Healthy Adults,Lesieur,INDUSTRY,Naturalpha,1,,OBSERVATIONAL,300.0,2015-01,COMPLETED,Healthy Volunteers,1,lesieur,lesieur
NCT03320096,Evaluation of the Ulthera System for Treating Axillary Hyperhidrosis,"Ulthera, Inc",INDUSTRY,,0,,INTERVENTIONAL,20.0,2016-12-13,COMPLETED,Axillary Hyperhidrosis,2,ulthera,ulthera
NCT03895996,"Safety, Tolerability and Potential Efficacy of AVT001 in Patients With Type 1 Diabetes",Avotres Inc.,INDUSTRY,,0,PHASE1; PHASE2,INTERVENTIONAL,25.0,2019-06-20,COMPLETED,Type 1 Diabetes Mellitus,1,avotres,avotres
NCT04305496,Capivasertib+Fulvestrant vs Placebo+Fulvestrant as Treatment for Locally Advanced (Inoperable) or Metastatic HR+/HER2- Breast Cancer,AstraZeneca,INDUSTRY,,0,PHASE3,INTERVENTIONAL,818.0,2020-04-16,ACTIVE_NOT_RECRUITING,Locally Advanced (Inoperable) or Metastatic Breast Cancer,215,astrazeneca,astrazeneca
NCT02651688,A Multi-Center Study in Men With Acquired Hypogonadotropic Hypogonadism to Compare Changes in Body Composition and Metabolic Parameters With Diet and Exercise in Conjunction With Treatment With 12.5 mg or 25 mg Enclomiphene,Repros Therapeutics Inc.,INDUSTRY,,0,PHASE2,INTERVENTIONAL,50.0,2016-01-11,COMPLETED,Acquired Hypogonadotropic Hypogonadism; Obesity,5,repros,repros
NCT05255588,A Stool DNA-based SDC2 Methylation Test for the Early Detection of Colorectal Cancer,"Genomictree, Inc.",INDUSTRY,Soon Chun Hyang University; Gangnam Severance Hospital; Kyung Hee University Hospital at Gangdong; Kangbuk Samsung Hospital; Kyung Hee University Hospital; Keimyung University Dongsan Medical Center; Korea University Anam Hospital; Pusan National University Hospital; The Catholic Univ. of Korea Bucheon ST. Mary's Hospital; Samsung Medical Center; Seoul National University Hospital; Asan Medical Center; Wonju Severance Christian Hospital; Severance Hospital,14,,OBSERVATIONAL,2358.0,2022-02-10,COMPLETED,Colorectal Cancer; Advanced Colorectal Neoplasm; Advanced Adenomas; Non-neoplastic Polyps; Non-advanced Adenomas,1,genomictree,genomictree
NCT04978688,Study of Relugolix Alone and Relugolix Combined With Hormonal Add-Back Therapy in Healthy Premenopausal Female Participants,Myovant Sciences GmbH,INDUSTRY,,0,PHASE1,INTERVENTIONAL,48.0,2016-06-16,COMPLETED,Healthy,1,myovant,myovant
NCT04153188,Pulsed Dye Laser Treatment and Oxymetazoline Hydrochloride (HCL) 1% Cream for Erythematotelangiectatic Rosacea,Candela Corporation,INDUSTRY,,0,PHASE4,INTERVENTIONAL,34.0,2019-01-15,COMPLETED,Erythematotelangiectatic Rosacea,2,candela,candela
NCT00440388,Safety & Efficacy Study of AT-101 in Combination w/ Rituximab in Previously Untreated Grade I-II Follicular Non-Hodgkin's Lymphoma,Ascenta Therapeutics,INDUSTRY,,0,PHASE2,INTERVENTIONAL,23.0,2006-10,COMPLETED,Follicular Lymphoma,28,ascenta,ascenta
NCT04039503,A Study of Tirzepatide (LY3298176) Versus Placebo in Participants With Type 2 Diabetes Inadequately Controlled on Insulin Glargine With or Without Metformin,Eli Lilly and Company,INDUSTRY,,0,PHASE3,INTERVENTIONAL,475.0,2019-08-30,COMPLETED,Type 2 Diabetes,48,eli lilly,eli lilly
NCT05123703,A Study to Evaluate Safety and Efficacy of Ocrelizumab in Comparison With Fingolimod in Children and Adolescents With Relapsing-remitting Multiple Sclerosis (RRMS),Hoffmann-La Roche,INDUSTRY,"PPD Development, LP",1,PHASE3,INTERVENTIONAL,188.0,2022-05-19,ACTIVE_NOT_RECRUITING,Relapsing-remitting Multiple Sclerosis,71,roche,roche
NCT05586503,EASYII - E-tegra Stent Graft System - Imaging Cohort,JOTEC GmbH,INDUSTRY,,0,,INTERVENTIONAL,25.0,2022-12-16,ACTIVE_NOT_RECRUITING,Vascular Aneurysm,4,jotec,jotec
NCT03296527,Efficacy and Safety of FE 999049 in Controlled Ovarian Stimulation in Pan-Asian Women,Ferring Pharmaceuticals,INDUSTRY,,0,PHASE3,INTERVENTIONAL,1011.0,2017-12-01,COMPLETED,Controlled Ovarian Simulation,26,ferring,ferring
NCT02432027,Trial to Evaluate Topical C-82 in a Psoriasis Plaque Test,"Prism Pharma Co., Ltd.",INDUSTRY,,0,PHASE1; PHASE2,INTERVENTIONAL,14.0,2015-06,COMPLETED,Psoriasis,1,prism,prism
NCT01519661,Long Term Safety of Tobramycin Inhalation Powder in Patients With Cystic Fibrosis,Novartis Pharmaceuticals,INDUSTRY,,0,PHASE4,INTERVENTIONAL,157.0,2012-01,COMPLETED,Pulmonary Infections; Pseudomonas Aeruginosa in Cystic Fibrosis,49,novartis,novartis
NCT02072161,Evaluation of ETC-1002 vs Placebo in Patients Receiving Ongoing Statin Therapy,"Esperion Therapeutics, Inc.",INDUSTRY,"Medpace, Inc.",1,PHASE2,INTERVENTIONAL,133.0,2014-03,COMPLETED,Hypercholesterolemia,40,esperion,esperion
NCT00270361,FUSION I Assesses Safety and Tolerability of Two Doses of NATRECOR (Nesiritide) Administered to Patients With Worsening Congestive (Decompensated) Heart Failure Who Are Concurrently Receiving Their Usual Cardiac Medications and Are at High Risk for Hospitalization.,"Scios, Inc.",INDUSTRY,,0,PHASE3,INTERVENTIONAL,214.0,2001-12,COMPLETED,"Heart Failure, Congestive",0,scios,scios
NCT05547061,"A Phase 1/2 Clinical Trial to Evaluate the Safety, Tolerability, Dosimetry, and Anti-tumor Activity of Ga-68-NGUL / Lu-177-DGUL in Patients With Metastatic Castration-resistant Prostate Cancer (mCRPC) Refractory to Standard Therapy","Cellbion Co., Ltd.",INDUSTRY,,0,PHASE1; PHASE2,INTERVENTIONAL,91.0,2021-04-12,ACTIVE_NOT_RECRUITING,Prostate Cancer; mCRPC,4,cellbion,cellbion
NCT04507061,Study on the Safety of the Drug Runcaciguat and How Well it Works When Given at the Highest Dose as Tolerated by Individual Patient Whose Kidneys Are Not Working Properly and Suffering at the Same Time From High Blood Sugar and/or High Blood Pressure and a Disease of the Heart and the Blood Vessels.,Bayer,INDUSTRY,,0,PHASE2,INTERVENTIONAL,243.0,2020-09-01,COMPLETED,Chronic Kidney Disease,71,bayer,bayer
NCT05565742,A Study of LY3819469 in Participants With Elevated Lipoprotein(a) [Lp(a)],Eli Lilly and Company,INDUSTRY,,0,PHASE2,INTERVENTIONAL,320.0,2022-10-20,COMPLETED,Lipoprotein Disorder,80,eli lilly,eli lilly
NCT03273842,A Study to Assess Immune Response to Multiple Doses of PF-06881894 or US-Approved Neulasta in Healthy Volunteers,Pfizer,INDUSTRY,,0,PHASE1,INTERVENTIONAL,422.0,2017-10-27,COMPLETED,Healthy Volunteers,4,pfizer,pfizer
NCT07211542,A Study to Investigate the Efficacy and Safety of SHR-1905 in Patients With Moderate-to-severe Atopic Dermatitis,"Guangdong Hengrui Pharmaceutical Co., Ltd",INDUSTRY,,0,PHASE2,INTERVENTIONAL,75.0,2025-11-07,RECRUITING,Moderate-to-severe Atopic Dermatitis,1,guangdong hengrui,guangdong hengrui
NCT00043342,Study of Interferon Gamma-1b by Injection for the Treatment of Patients With Cystic Fibrosis,InterMune,INDUSTRY,,0,PHASE1; PHASE2,INTERVENTIONAL,51.0,2002-04,COMPLETED,Cystic Fibrosis,0,intermune,intermune
NCT04653142,A Study to Test Different Doses of BI 765063 Alone and in Combination With BI 754091 in Japanese Patients With Different Types of Advanced Cancer (Solid Tumors),Boehringer Ingelheim,INDUSTRY,,0,PHASE1,INTERVENTIONAL,18.0,2020-12-15,COMPLETED,Solid Tumors,4,boehringer,boehringer
NCT02396186,An Assessment of the Glider Balloon in Complex Lesions,"TriReme Medical, LLC",INDUSTRY,,0,,OBSERVATIONAL,100.0,2015-03,COMPLETED,Coronary Artery Disease,4,trireme,trireme
NCT03608670,Extravascular ICD Pilot Study,Medtronic Cardiac Rhythm and Heart Failure,INDUSTRY,,0,,INTERVENTIONAL,26.0,2018-07-17,COMPLETED,Tachycardia; Ventricular Arrythmia,4,medtronic cardiac rhythm and heart failure,medtronic cardiac rhythm and heart failure
NCT03612570,Nano-Pulse Stimulation (NPS) in Sebaceous Hyperplasia,"Pulse Biosciences, Inc.",INDUSTRY,,0,,INTERVENTIONAL,72.0,2018-06-28,COMPLETED,Skin Lesion; Skin Abnormalities; Sebaceous Hyperplasia,5,pulse,pulse
NCT07106970,PVI Alone vs PVI and Linear Ablation for Persistent Atrial Fibrillation (PROMPT AF II),Boston Scientific Corporation,INDUSTRY,,0,,INTERVENTIONAL,640.0,2025-08-28,RECRUITING,Persistent Atrial Fibrillation,1,boston scientific,boston scientific
NCT07285070,Tacrolimus Ophthalmic Solution for the Treatment of Non-infectious Anterior Uveitis,Novaliq GmbH,INDUSTRY,,0,PHASE2,INTERVENTIONAL,20.0,2026-03-16,RECRUITING,Non-infectious Anterior Uveitis,6,novaliq,novaliq
NCT06988670,"A Phase 2 Trial Investigating the Safety, Tolerability and Efficacy of EXT608 in Adults With Hypoparathyroidism",Extend Biosciences Inc.,INDUSTRY,,0,PHASE2,INTERVENTIONAL,35.0,2025-05-05,RECRUITING,Hypoparathyroidism,1,extend,extend
NCT00473070,A Clinical Study of Tobradex AF,Alcon Research,INDUSTRY,,0,PHASE3,INTERVENTIONAL,900.0,2006-11,COMPLETED,Cataract,1,alcon,alcon
NCT04767373,Efficacy and Safety of Clesrovimab (MK-1654) in Infants (MK-1654-004),Merck Sharp & Dohme LLC,INDUSTRY,,0,PHASE2; PHASE3,INTERVENTIONAL,3632.0,2021-04-07,COMPLETED,Respiratory Syncytial Virus Infection,217,merck,merck
NCT06875973,Pelacarsen Roll-over Extension Program,Novartis Pharmaceuticals,INDUSTRY,,0,PHASE3,INTERVENTIONAL,599.0,2025-05-19,RECRUITING,Atherosclerotic Cardiovascular Disease,97,novartis,novartis
NCT06619873,A Clinical Study to Evaluate the Relative Bioavailability and Food Effect of HRS-8080 in Healthy Subjects,"Shandong Suncadia Medicine Co., Ltd.",INDUSTRY,,0,PHASE1,INTERVENTIONAL,24.0,2024-10-10,COMPLETED,Breast Cancer,1,shandong suncadia medicine,shandong suncadia medicine
NCT00418769,Bioavailability Study Comparing Two New Nilotinib Tablet Formulations to an Established Nilotinib Capsule Formulation in Healthy Volunteers,Novartis Pharmaceuticals,INDUSTRY,,0,PHASE1,INTERVENTIONAL,24.0,2006-06,COMPLETED,Healthy,0,novartis,novartis
NCT07403669,Cardiovascular Kidney and Metabolic Health Assessment and Patient Empowerment,"Aventyn, Inc.",INDUSTRY,"Dignity Health; Arizona Heart Foundation; Arizona State University; University of Arizona; University of Phoenix College of Nursing; Creighton School of Medicine, Phoenix Arizona; Karolinska University Hospital; Partnership for Economic Innovation Arizona; Kanasu Labs; Intel Corporation",10,,INTERVENTIONAL,300.0,2025-10-22,RECRUITING,Acute MI; Heart Failure; Diabetes Mellitus; Kidney Disease,5,aventyn,aventyn
NCT01833169,BKM120 for Patients With PI3K-activated Tumors,Novartis Pharmaceuticals,INDUSTRY,,0,PHASE2,INTERVENTIONAL,146.0,2013-03-29,COMPLETED,PI3K Pathway Activated Tumors,59,novartis,novartis
NCT00925769,"ATX Study:A Study of Avastin (Bevacizumab), Tarceva (Erlotinib) and Xeloda (Capecitabine) in Patients With Locally Advanced and/or Metastatic Pancreatic Cancer",Hoffmann-La Roche,INDUSTRY,,0,PHASE1,INTERVENTIONAL,32.0,2009-01,COMPLETED,Pancreatic Cancer,2,roche,roche
NCT01303783,Study of Nifedipine GITS and Candesartan Combination Compared to Monotherapy in Patients With Essential Hypertension,Bayer,INDUSTRY,,0,PHASE2,INTERVENTIONAL,1381.0,2011-04,COMPLETED,"Hypertension, Essential",157,bayer,bayer
NCT05116241,Immunogenicity and Safety of BPZE1 Intranasal Pertussis Vaccine in Healthy School-age Children,ILiAD Biotechnologies,INDUSTRY,,0,PHASE2,INTERVENTIONAL,368.0,2021-11-11,COMPLETED,"Bordetella Pertussis, Whooping Cough",16,iliad biotechnologies,iliad biotechnologies
NCT02561741,"Pharmacokinetic, Bioavailability, and Safety Study of COV155 Administered in Healthy Subjects Under Fed and Fasted Conditions",Mallinckrodt,INDUSTRY,,0,PHASE1,INTERVENTIONAL,30.0,2012-12,COMPLETED,Pharmacokinetics,0,mallinckrodt,mallinckrodt
NCT07444541,ANO31905 in Combination With Chemotherapy for CLDN18.2-Positive Locally Advanced Unresectable or Metastatic Pancreatic Cancer,Anova Innovation Limited,INDUSTRY,,0,PHASE1; PHASE2,INTERVENTIONAL,84.0,2026-08,RECRUITING,Pancreatic Cancer,1,anova innovation,anova innovation
NCT06369454,A Study to Learn About How Different Forms of the Study Medicine Called Ritlecitinib Pass the Intestines of Healthy Male Adults When Taken With or Without Food,Pfizer,INDUSTRY,,0,PHASE1,INTERVENTIONAL,12.0,2024-05-03,COMPLETED,Healthy Volunteers,1,pfizer,pfizer
NCT05337254,"A Study of the PK and Safety of Single Doses of STS101, DHE Injection and Nasal Spray in Healthy Subjects","Satsuma Pharmaceuticals, Inc.",INDUSTRY,,0,PHASE1,INTERVENTIONAL,36.0,2021-03-05,COMPLETED,Migraine; Migraine With Aura; Migraine Without Aura,1,satsuma,satsuma
NCT02717754,"A Study to Investigate the Safety, Tolerability, and Pharmacokinetics (PK) of Oseltamivir and Its Carboxylate Metabolite, RO0640802 in Healthy Participants",Hoffmann-La Roche,INDUSTRY,,0,PHASE1,INTERVENTIONAL,99.0,2009-12,COMPLETED,Healthy Volunteer,2,roche,roche
NCT05463354,Safety and Immunogenicity of Recombinant COVID-19 Vaccine (Sf9 Cell) as a Booster,"WestVac Biopharma Co., Ltd.",INDUSTRY,,0,PHASE2,INTERVENTIONAL,410.0,2022-07-11,COMPLETED,COVID-19; SARS-CoV-2 Infection,1,westvac,westvac
NCT05148754,"An Open-label Clinical Study of the Pharmacokinetics and Safety of Elsulfavirine, 200 mg Tablets, With Single and Multiple Oral Administration in Healthy Volunteers",Viriom,INDUSTRY,,0,PHASE1,INTERVENTIONAL,15.0,2021-01-23,COMPLETED,Covid19; HIV-1-infection,1,viriom,viriom
NCT02631954,Phase I Clinical Trial for Comparison of Pharmacokinetic Characteristics of Vorico Injection 200mg(Voriconazole) and Vfend® IV 200mg for Single Dose Crossover Intravenous Infusion in Healthy Volunteers,Chong Kun Dang Pharmaceutical,INDUSTRY,,0,PHASE1,INTERVENTIONAL,24.0,2015-09,COMPLETED,Aspergillus Infections; Candida Infections; Fungal Infections,1,chong kun dang,chong kun dang
NCT02169154,A Safety Study to Investigate the Skin Irritancy Potential of Diclofenac-Menthol Gel,GlaxoSmithKline,INDUSTRY,,0,PHASE1,INTERVENTIONAL,36.0,2014-06-01,COMPLETED,Pain,1,gsk,gsk
NCT04691154,A Phase 3 Study to Evaluate the Safety and Tolerability of L606 in Subjects With PAH or PH-ILD,"Liquidia Technologies, Inc.",INDUSTRY,"PPD Development, LP",1,PHASE3,INTERVENTIONAL,28.0,2021-08-01,ACTIVE_NOT_RECRUITING,Pulmonary Arterial Hypertension; Pulmonary Hypertension Due to Lung Diseases,8,liquidia,liquidia
NCT01220505,Post Market Surveillance to Evaluate the Effectiveness the Polaris Deformity Spinal System,Zimmer Biomet,INDUSTRY,,0,,OBSERVATIONAL,66.0,2010-09,COMPLETED,Spinal Deformity,6,zimmer biomet,zimmer biomet
NCT07034794,A Clinical Trial to Examine Lysoveta on Cognitive Function in Healthy Adults With Self-perceived Memory Problems,Aker BioMarine Human Ingredients AS,INDUSTRY,KGK Science Inc.,1,,INTERVENTIONAL,138.0,2025-12-06,RECRUITING,Healthy; Memory Problems,1,aker biomarine human ingredients,aker biomarine human ingredients
NCT00045266,VEGF Trap in Treating Patients With Solid Tumors or Non-Hodgkin's Lymphoma,Regeneron Pharmaceuticals,INDUSTRY,National Cancer Institute (NCI),1,PHASE1,INTERVENTIONAL,,2002-04,COMPLETED,"Lymphoma; Unspecified Adult Solid Tumor, Protocol Specific",1,regeneron,regeneron
NCT00976066,[11C]Carfentanil PET Study of GSK1521498,GlaxoSmithKline,INDUSTRY,,0,PHASE1,INTERVENTIONAL,26.0,2009-06-15,COMPLETED,Obesity,1,gsk,gsk
NCT00248456,Efficacy and Safety of Calcipotriol Plus Betamethasone Dipropionate Ointment in Patients With Psoriasis Vulgaris,LEO Pharma,INDUSTRY,,0,PHASE4,INTERVENTIONAL,320.0,2005-10,COMPLETED,Psoriasis Vulgaris,1,leo pharma,leo pharma
NCT05456256,A Study of LP-300 With Carboplatin and Pemetrexed in Never Smokers With Advanced Lung Adenocarcinoma,Lantern Pharma Inc.,INDUSTRY,,0,PHASE2,INTERVENTIONAL,90.0,2023-03-01,RECRUITING,"Adenocarcinoma of Lung; Carcinoma, Non-Small-Cell Lung",16,lantern,lantern
NCT01110356,Ferric Carboxymaltose Treatment to Improve Fatigue Symptoms in Iron-deficient Non-anaemic Women of Child Bearing Age,Vifor Pharma,INDUSTRY,SGS S.A.,1,PHASE4,INTERVENTIONAL,294.0,2010-06,COMPLETED,Iron Deficiency,1,vifor,vifor
NCT01861522,The Confirmatory Study of TAU-284 in Pediatric Patients With Perennial Allergic Rhinitis,Tanabe Pharma Corporation,INDUSTRY,,0,PHASE3,INTERVENTIONAL,473.0,2013-04,COMPLETED,Perennial Allergic Rhinitis,2,tanabe,tanabe
NCT02618122,"A Multicenter, Prospective, oBservational Study to assEss the Clinical activitY and Impact on symptOm Burden and patieNts' HRQoL of Treatment With trabecteDin in aSTS in a Real World Setting in Greece",Genesis Pharma S.A.,INDUSTRY,,0,,OBSERVATIONAL,63.0,2015-12,COMPLETED,Advanced Soft Tissue Sarcoma,1,genesis pharma s a,genesis pharma s a
NCT00856622,"A Study Demonstrating The Effect Of Latanoprost In Combination With Timolol, Latanoprost Alone And Timolol Alone On Eye Pressure In Open Angle Glaucoma Or Ocular Hypertension In Patients",Pfizer's Upjohn has merged with Mylan to form Viatris Inc.,INDUSTRY,,0,PHASE3,INTERVENTIONAL,436.0,1997-08,COMPLETED,Ocular Hypertension; Glaucoma; Open-angle Glaucoma,37,pfizer s upjohn has merged with mylan to form viatris,pfizer s upjohn has merged with mylan to form viatris
NCT01409122,"Safety, Tolerability, and PK Parameters of Sodium Nitrite Inhalation Solution in Healthy Subjects","Aires Pharmaceuticals, Inc.",INDUSTRY,,0,PHASE1,INTERVENTIONAL,42.0,2011-07,COMPLETED,Pulmonary Hypertension; Pulmonary Arterial Hypertension,1,aires,aires
NCT07271251,A Research Study to See if Two Different Formulations of Oral Semaglutide Are Equally Safe and Effective in Reducing the Blood Sugar Level in Japanese People With Type 2 Diabetes,Novo Nordisk A/S,INDUSTRY,,0,PHASE3,INTERVENTIONAL,267.0,2025-12-01,COMPLETED,Type 2 Diabetes,15,novo nordisk,novo nordisk
NCT07437651,WayFinder Ride Phase I Study,AbleLink Smart Living Technologies,INDUSTRY,,0,,INTERVENTIONAL,60.0,2025-02-01,COMPLETED,WayFinder Ride Prototype; Uber App; Lyft App,1,ablelink smart living,ablelink smart living
NCT01990729,Efficacy and Safety of ARTRA (Glucosamine Plus Chondroitin Sulfate Combination) in Treatment of Chronic Low Back Pain,"Unipharm, Inc.",INDUSTRY,,0,,OBSERVATIONAL,10000.0,2010-07,COMPLETED,Low Back Pain,1,unipharm,unipharm
NCT05347329,A Clinical Trial to Investigate the Efficacy and Safety of Tongkat Ali Maca Plus,Natural Wellness Egypt,INDUSTRY,,0,,INTERVENTIONAL,197.0,2019-09-10,COMPLETED,Erectile Dysfunction,1,natural wellness egypt,natural wellness egypt
